CustomerID,Frequency,Recency,T,Monetary_Value,Expected_Transactions_12M,Expected_Order_Value,Probabilistic_CLV,XGBoost_CLV,Ensemble_CLV
nan,272.0,373.0,373.0,6406.957132352942,7.77,6425.8,1405281.13,227660.19,345422.28
16446.0,1.0,205.0,205.0,168469.6,0.08,831174.96,1757720.11,122911.66,286392.5
14646.0,44.0,353.0,354.0,6366.705909090909,1.33,6484.23,242903.24,241412.09,241561.21
12536.0,1.0,16.0,59.0,8322.12,0.18,41063.03,205486.41,204300.86,204419.41
17450.0,26.0,359.0,367.0,7404.6903846153855,0.77,7638.98,165280.92,164889.58,164928.71
14096.0,16.0,97.0,101.0,4071.434375,1.34,4285.02,161189.76,161178.25,161179.4
18102.0,25.0,367.0,367.0,9349.4772,0.74,9657.52,201094.69,154188.73,158879.33
15749.0,1.0,97.0,332.0,21535.9,0.05,106255.22,149575.92,149100.06,149147.65
12435.0,1.0,188.0,267.0,3850.8999999999996,0.06,19003.58,32274.09,121464.67,112545.61
14156.0,42.0,362.0,371.0,2787.081666666667,1.22,2841.04,97527.04,96879.97,96944.68
13868.0,1.0,31.0,38.0,2685.0,0.22,13251.44,82532.25,82112.03,82154.05
17511.0,27.0,371.0,373.0,3305.0607407407406,0.79,3405.66,75368.54,75063.69,75094.17
18139.0,1.0,1.0,18.0,1825.74,0.29,9012.15,73175.32,72976.6,72996.47
12415.0,15.0,313.0,337.0,7860.21,0.49,8301.53,113500.89,60134.71,65471.33
16029.0,38.0,335.0,373.0,2034.8084210526315,1.1,2078.44,64339.52,64167.28,64184.5
16986.0,1.0,1.0,30.0,1790.0,0.24,8835.82,60685.67,60815.92,60802.89
16684.0,15.0,354.0,358.0,4394.286666666667,0.46,4641.04,60170.34,60070.86,60080.8
14911.0,131.0,372.0,373.0,1093.661679389313,3.75,1100.37,116165.06,48084.19,54892.28
13694.0,34.0,370.0,373.0,1888.1617647058824,0.99,1933.53,53648.61,53508.09,53522.15
15311.0,89.0,373.0,373.0,677.7294382022471,2.55,683.87,49151.46,48620.85,48673.91
17949.0,28.0,370.0,371.0,2042.7314285714288,0.82,2102.64,48449.3,48327.94,48340.07
15769.0,21.0,364.0,371.0,2674.329523809524,0.62,2779.92,48368.48,48271.5,48281.2
13089.0,65.0,367.0,369.0,893.7143076923077,1.89,904.83,48066.81,47946.37,47958.41
15061.0,28.0,369.0,372.0,1611.6714285714286,0.82,1658.94,38134.58,47631.29,46681.61
12762.0,1.0,18.0,25.0,1436.93,0.26,7093.9,52065.61,44347.03,45118.89
14088.0,11.0,312.0,322.0,3904.2636363636366,0.38,4209.46,44515.32,44572.45,44566.73
14298.0,24.0,352.0,360.0,2023.0933333333332,0.72,2092.65,42589.91,42996.95,42956.25
16240.0,1.0,53.0,77.0,1894.01,0.15,9348.97,40039.19,40328.2,40299.29
12931.0,11.0,336.0,357.0,3807.1781818181817,0.34,4104.79,39655.72,39965.91,39934.89
17841.0,111.0,372.0,373.0,364.4521621621622,3.18,367.1,32863.84,32781.76,32789.97
15444.0,1.0,31.0,40.0,1075.36,0.22,5310.04,32318.95,32593.51,32566.05
12882.0,1.0,24.0,33.0,991.1999999999999,0.24,4894.82,32370.97,31479.28,31568.45
15427.0,1.0,14.0,47.0,1112.11,0.2,5491.35,30956.03,31352.41,31312.77
16013.0,27.0,368.0,371.0,1335.874074074074,0.79,1376.56,30609.18,31046.25,31002.54
13798.0,52.0,371.0,372.0,706.6509615384615,1.5,717.67,30349.17,30403.05,30397.66
17389.0,31.0,331.0,331.0,1023.4883870967742,1.0,1050.54,29571.27,29655.09,29646.7
15838.0,14.0,356.0,367.0,2334.6842857142856,0.42,2475.75,29386.31,28851.19,28904.7
17404.0,14.0,356.0,360.0,2194.2014285714286,0.43,2326.78,28092.13,28497.16,28456.66
12438.0,1.0,126.0,140.0,2016.78,0.1,9954.67,28335.62,28431.3,28421.74
15786.0,1.0,68.0,114.0,1771.36,0.12,8743.86,28887.17,28218.69,28285.53
13098.0,25.0,316.0,317.0,1129.3455999999999,0.84,1166.59,27620.31,27696.74,27689.09
16333.0,12.0,302.0,309.0,2136.44,0.42,2288.58,27248.91,27630.8,27592.61
16422.0,47.0,352.0,369.0,702.4723404255318,1.37,714.61,27543.16,27484.48,27490.35
12748.0,112.0,373.0,373.0,301.02482142857144,3.21,303.19,27386.01,27399.7,27398.33
13555.0,1.0,128.0,201.0,2559.23,0.08,12630.93,27140.5,26732.9,26773.66
13081.0,8.0,360.0,371.0,3246.325,0.25,3605.81,24950.56,25004.88,24999.44
17850.0,1.0,1.0,373.0,3891.87,0.05,19205.72,24402.11,24372.39,24375.36
14680.0,15.0,346.0,371.0,1804.882,0.45,1906.27,23947.43,24313.65,24277.03
12744.0,5.0,267.0,318.0,3845.244,0.18,4574.96,23575.77,23501.54,23508.97
13408.0,40.0,372.0,373.0,677.309,1.16,691.11,22502.64,22753.25,22728.19
14904.0,1.0,23.0,25.0,628.48,0.26,3105.29,22791.22,22455.15,22488.76
17857.0,19.0,361.0,365.0,1344.4126315789474,0.57,1403.35,22476.65,22405.01,22412.17
14607.0,6.0,246.0,261.0,2679.0833333333335,0.26,3089.83,22239.02,22163.77,22171.29
15977.0,1.0,22.0,39.0,699.1,0.22,3453.7,21262.58,21345.55,21337.25
12406.0,1.0,161.0,183.0,1794.05,0.08,8855.8,20512.44,20229.49,20257.78
16984.0,1.0,42.0,130.0,1255.22,0.11,6197.4,18632.53,18700.27,18693.5
14893.0,1.0,2.0,11.0,428.73,0.32,2119.79,19258.99,18550.54,18621.38
17675.0,28.0,366.0,367.0,705.6128571428571,0.83,726.33,16897.54,18601.58,18431.17
12798.0,2.0,160.0,170.0,2685.0,0.14,4465.76,17882.61,18338.47,18292.89
12646.0,1.0,45.0,49.0,615.28,0.2,3040.16,16784.22,18106.05,17973.87
17566.0,1.0,17.0,25.0,486.95,0.26,2407.03,17666.35,17823.98,17808.22
12397.0,1.0,100.0,135.0,1195.09,0.1,5900.74,17255.52,17622.27,17585.59
16253.0,1.0,189.0,255.0,1983.46,0.06,9790.29,17285.81,17546.37,17520.31
17788.0,1.0,56.0,129.0,1101.2,0.11,5437.52,16440.38,17556.14,17444.57
12678.0,8.0,311.0,353.0,2175.8975,0.26,2416.89,17474.74,17314.22,17330.28
17381.0,19.0,364.0,372.0,1012.6068421052631,0.56,1057.01,16647.28,17127.81,17079.76
12753.0,5.0,340.0,362.0,3567.7599999999998,0.16,4244.84,19526.22,16729.37,17009.06
12731.0,10.0,341.0,364.0,1782.4009999999998,0.31,1936.93,16806.35,16668.98,16682.72
15531.0,1.0,22.0,30.0,485.13,0.24,2398.05,16470.12,16651.94,16633.76
12630.0,1.0,34.0,43.0,569.09,0.21,2812.28,16551.43,16622.92,16615.77
12985.0,1.0,28.0,28.0,485.0,0.25,2397.41,16899.85,16558.28,16592.44
12876.0,1.0,139.0,196.0,1491.5900000000001,0.08,7363.57,16146.76,16633.0,16584.37
15039.0,41.0,359.0,368.0,470.8031707317073,1.2,480.16,16212.08,16248.71,16245.04
13777.0,23.0,373.0,373.0,843.1304347826087,0.67,873.45,16526.67,16202.18,16234.63
16210.0,16.0,372.0,373.0,1163.2225,0.47,1224.29,16289.24,16219.1,16226.11
15478.0,1.0,16.0,56.0,614.59,0.18,3036.76,15635.42,16126.21,16077.13
13365.0,1.0,184.0,217.0,1524.77,0.07,7527.27,15197.01,15988.68,15909.51
13881.0,15.0,308.0,311.0,1075.612,0.52,1136.06,16657.91,15776.52,15864.65
12901.0,22.0,262.0,270.0,786.5790909090908,0.85,816.2,19580.84,15291.44,15720.38
12906.0,1.0,67.0,78.0,983.22,0.15,4855.45,20629.39,15075.68,15631.05
17203.0,2.0,25.0,60.0,1149.94,0.29,1913.05,15473.47,15490.75,15489.03
12950.0,2.0,22.0,24.0,765.7,0.43,1274.09,15468.24,15459.3,15460.19
12409.0,2.0,104.0,182.0,2432.795,0.13,4046.36,15357.26,15288.19,15295.1
12471.0,19.0,362.0,364.0,919.138947368421,0.57,959.45,15404.25,15168.84,15192.38
15159.0,18.0,360.0,361.0,932.2238888888888,0.55,975.48,14971.01,15168.84,15149.05
17428.0,20.0,368.0,368.0,845.1924999999999,0.59,880.33,14712.85,14942.32,14919.38
14971.0,1.0,8.0,43.0,500.21,0.21,2472.45,14551.39,14914.98,14878.62
17672.0,1.0,259.0,309.0,2000.33,0.05,9873.52,14794.81,14751.0,14755.38
17387.0,1.0,14.0,33.0,437.67,0.24,2163.9,14310.52,14660.52,14625.52
15980.0,1.0,166.0,254.0,1638.68,0.06,8089.26,14329.78,14617.34,14588.59
15189.0,37.0,331.0,332.0,427.21378378378375,1.19,436.65,14587.53,14432.01,14447.56
12572.0,1.0,43.0,51.0,487.68,0.19,2410.63,13039.42,14409.72,14272.69
12557.0,4.0,355.0,371.0,2842.7400000000002,0.13,3550.73,13120.03,14068.25,13973.43
16669.0,1.0,55.0,78.0,645.38,0.15,3188.66,13547.71,14019.42,13972.25
13767.0,30.0,371.0,373.0,557.0826666666667,0.87,572.32,14043.26,13903.85,13917.79
16347.0,1.0,25.0,36.0,443.36,0.23,2191.97,13977.56,13885.39,13894.61
15032.0,1.0,110.0,366.0,2188.5,0.05,10801.88,13956.63,13778.87,13796.64
16180.0,6.0,152.0,252.0,1640.05,0.26,1891.57,14023.16,13716.77,13747.41
15398.0,1.0,62.0,78.0,710.68,0.15,3510.83,14916.5,13597.36,13729.28
16839.0,31.0,361.0,369.0,517.4874193548387,0.91,531.18,13588.99,13621.2,13617.98
13814.0,1.0,45.0,137.0,961.5799999999999,0.1,4748.68,13736.32,13562.02,13579.45
16133.0,28.0,315.0,318.0,509.4760714285714,0.94,524.44,13834.89,13467.89,13504.59
12635.0,1.0,65.0,154.0,1005.54,0.09,4965.57,13154.0,13484.71,13451.64
17728.0,2.0,83.0,86.0,1265.49,0.23,2105.21,13720.24,13389.59,13422.66
13726.0,1.0,62.0,100.0,786.98,0.13,3887.27,14058.42,13349.03,13419.97
17677.0,17.0,367.0,368.0,905.7782352941176,0.51,950.41,13568.94,13379.37,13398.33
14866.0,10.0,356.0,366.0,1428.622,0.31,1552.5,13405.63,13375.33,13378.36
17107.0,4.0,245.0,278.0,2280.055,0.17,2847.97,13526.67,13349.35,13367.08
15274.0,1.0,14.0,18.0,332.58,0.29,1645.42,13360.18,13296.21,13302.61
12477.0,5.0,279.0,301.0,2172.7580000000003,0.19,2585.18,13971.19,13166.88,13247.31
12921.0,22.0,364.0,373.0,739.304090909091,0.64,767.15,13899.86,13159.79,13233.79
14547.0,7.0,51.0,54.0,502.4771428571429,0.89,567.22,14259.74,13098.67,13214.78
15653.0,1.0,23.0,115.0,829.44,0.12,4096.75,13451.37,13105.25,13139.86
14539.0,1.0,29.0,44.0,465.35,0.21,2300.46,13391.77,13056.04,13089.62
15856.0,20.0,361.0,365.0,740.8125,0.6,771.62,12989.65,12993.65,12993.25
14031.0,16.0,365.0,372.0,973.288125,0.47,1024.39,13662.08,12780.78,12868.91
14051.0,21.0,366.0,366.0,713.6652380952381,0.63,741.88,13064.03,12806.19,12831.97
14140.0,1.0,28.0,31.0,394.06,0.24,1948.74,13214.48,12638.36,12695.98
15654.0,1.0,17.0,26.0,327.51,0.26,1620.4,11731.92,12731.74,12631.76
17461.0,1.0,7.0,29.0,374.9,0.25,1854.21,12900.68,12590.67,12621.67
13212.0,1.0,42.0,61.0,496.61,0.17,2454.68,12057.97,12642.74,12584.26
15513.0,14.0,340.0,373.0,1028.6585714285713,0.42,1090.85,12763.44,12560.04,12580.38
14250.0,1.0,82.0,89.0,675.22,0.14,3335.88,13034.01,12523.99,12574.99
16759.0,1.0,23.0,30.0,370.94,0.24,1834.67,12600.79,12569.24,12572.39
14937.0,1.0,74.0,130.0,862.3199999999999,0.11,4258.97,12804.62,12413.34,12452.47
13224.0,1.0,91.0,151.0,943.69,0.1,4660.42,12531.91,12394.07,12407.86
13596.0,1.0,7.0,12.0,285.44,0.32,1412.85,12621.72,12298.13,12330.49
15321.0,1.0,221.0,291.0,1588.84,0.06,7843.37,12377.07,12285.67,12294.81
14550.0,1.0,34.0,44.0,424.83,0.21,2100.55,12228.02,12254.92,12252.23
12433.0,5.0,373.0,373.0,2291.346,0.16,2726.27,12213.03,12112.03,12122.13
14567.0,1.0,74.0,130.0,729.6,0.11,3604.18,10835.98,12220.83,12082.35
13040.0,1.0,25.0,33.0,373.74,0.24,1848.49,12224.62,12045.17,12063.11
14121.0,3.0,56.0,59.0,849.0166666666668,0.4,1156.76,13099.07,11850.46,11975.32
15763.0,1.0,46.0,77.0,564.4300000000001,0.15,2789.28,11945.78,11962.46,11960.79
12689.0,1.0,102.0,127.0,736.58,0.11,3638.61,11127.2,12043.03,11951.45
15123.0,1.0,199.0,206.0,1129.84,0.07,5578.82,11751.29,11847.74,11838.09
14918.0,1.0,39.0,154.0,844.73,0.09,4172.19,11052.3,11911.03,11825.15
17353.0,1.0,25.0,154.0,870.0,0.09,4296.86,11382.57,11864.04,11815.89
14591.0,1.0,198.0,213.0,1196.92,0.07,5909.77,12114.36,11748.04,11784.67
13340.0,4.0,231.0,276.0,1764.6125,0.17,2204.2,10533.72,11854.91,11722.79
16284.0,1.0,19.0,50.0,424.57,0.19,2099.26,11471.25,11718.65,11693.91
16705.0,11.0,358.0,358.0,1173.0245454545454,0.34,1264.78,12188.77,11605.63,11663.94
14936.0,4.0,242.0,275.0,1640.165,0.17,2048.77,9821.26,11854.91,11651.55
15640.0,14.0,368.0,372.0,870.1385714285715,0.42,922.76,10822.39,11733.76,11642.62
12621.0,16.0,364.0,365.0,826.56625,0.48,869.98,11799.38,11393.9,11434.44
14194.0,14.0,304.0,308.0,773.755,0.49,820.55,11354.51,11440.54,11431.94
12939.0,5.0,270.0,334.0,1929.7199999999998,0.18,2296.04,11336.21,11376.96,11372.88
14882.0,1.0,7.0,33.0,341.8,0.24,1690.91,11182.49,11393.47,11372.37
13952.0,1.0,21.0,238.0,1208.31,0.07,5965.96,11159.99,11357.83,11338.05
17152.0,1.0,69.0,263.0,1373.6,0.06,6781.45,11665.24,11287.17,11324.98
12940.0,1.0,33.0,87.0,552.27,0.14,2729.29,10822.08,11360.38,11306.55
12540.0,16.0,342.0,361.0,782.451875,0.49,823.55,11278.97,11288.76,11287.78
14788.0,1.0,19.0,26.0,310.99,0.26,1538.9,11141.82,11198.17,11192.54
17735.0,17.0,365.0,367.0,744.4364705882354,0.51,781.13,11179.0,11188.33,11187.4
16525.0,25.0,364.0,366.0,504.6404,0.74,521.3,10881.12,11207.02,11174.43
13363.0,1.0,26.0,43.0,388.68,0.21,1922.2,11312.93,10929.71,10968.03
15787.0,1.0,35.0,61.0,456.0,0.17,2254.33,11073.78,10906.0,10922.78
13849.0,1.0,119.0,170.0,944.37,0.09,4663.78,11447.19,10858.24,10917.14
13032.0,1.0,35.0,87.0,513.88,0.14,2539.89,10071.06,10970.53,10880.58
17509.0,2.0,6.0,63.0,898.14,0.28,1494.32,11759.55,10758.32,10858.44
12681.0,19.0,353.0,367.0,671.2642105263158,0.57,700.72,11168.88,10762.54,10803.17
12682.0,26.0,368.0,371.0,459.69153846153847,0.76,474.27,10163.58,10756.81,10697.49
15498.0,16.0,364.0,366.0,771.23,0.48,811.74,10982.9,10645.92,10679.62
12653.0,1.0,148.0,296.0,1430.75,0.06,7063.41,10984.19,10574.37,10615.35
15482.0,8.0,343.0,358.0,1291.415,0.25,1434.5,10244.02,10568.94,10536.45
13066.0,1.0,8.0,32.0,318.99,0.24,1578.37,10568.96,10515.3,10520.67
14554.0,3.0,42.0,52.0,676.4033333333333,0.43,921.66,11168.51,10419.03,10493.97
15050.0,1.0,46.0,71.0,458.90999999999997,0.16,2268.69,10206.67,10460.63,10435.23
15877.0,1.0,16.0,17.0,251.02,0.29,1243.03,10248.56,10344.8,10335.18
12794.0,1.0,45.0,98.0,543.41,0.13,2685.58,9845.65,10375.02,10322.09
17406.0,1.0,33.0,366.0,1498.32,0.05,7396.77,9557.04,10291.09,10217.68
14769.0,7.0,355.0,357.0,1475.3914285714286,0.22,1665.19,10532.03,10147.16,10185.65
14258.0,7.0,328.0,337.0,1364.2514285714285,0.24,1539.77,10244.83,10107.16,10120.93
15251.0,9.0,232.0,241.0,848.7744444444445,0.4,931.39,10434.01,10066.57,10103.31
12358.0,1.0,149.0,150.0,683.2,0.1,3375.25,9121.96,10203.08,10094.97
15113.0,2.0,45.0,54.0,683.3199999999999,0.3,1137.09,9739.0,10041.87,10011.58
12757.0,8.0,196.0,211.0,837.06875,0.4,929.86,10411.2,9941.92,9988.85
13521.0,2.0,9.0,10.0,402.885,0.54,670.75,10113.82,9898.01,9919.59
13113.0,22.0,366.0,366.0,539.6813636363636,0.65,560.02,10318.54,9840.39,9888.2
13536.0,6.0,74.0,75.0,498.8533333333333,0.64,575.48,10412.91,9812.75,9872.77
17581.0,9.0,372.0,372.0,1139.8066666666666,0.27,1250.71,9639.57,9896.0,9870.36
14895.0,10.0,283.0,290.0,879.2369999999999,0.38,955.51,10106.74,9816.04,9845.11
17350.0,2.0,43.0,51.0,564.915,0.31,940.19,8296.95,9990.01,9820.71
16692.0,1.0,33.0,289.0,1267.5,0.06,6257.99,9933.92,9808.13,9820.71
13078.0,24.0,363.0,366.0,504.73125,0.71,522.12,10472.09,9714.59,9790.34
17590.0,2.0,38.0,40.0,564.92,0.35,940.2,9335.86,9832.24,9782.6
13914.0,1.0,25.0,36.0,305.38,0.23,1511.22,9636.64,9780.76,9766.35
17340.0,7.0,337.0,366.0,1383.1457142857143,0.22,1561.09,9658.88,9709.48,9704.42
16843.0,11.0,285.0,327.0,857.9554545454546,0.37,925.09,9652.43,9701.16,9696.29
15502.0,7.0,354.0,369.0,1378.3185714285714,0.22,1555.64,9555.91,9709.48,9694.12
14629.0,1.0,43.0,47.0,354.18,0.2,1751.98,9876.35,9657.04,9678.97
14606.0,88.0,372.0,373.0,135.89011363636362,2.53,137.14,9746.85,9605.15,9619.32
12830.0,4.0,134.0,171.0,1148.2,0.25,1434.33,10143.18,9460.32,9528.61
14930.0,1.0,166.0,274.0,1268.73,0.06,6264.06,10406.97,9404.31,9504.58
12758.0,1.0,160.0,276.0,1221.4,0.06,6030.55,9957.15,9404.31,9459.6
16182.0,3.0,222.0,294.0,1930.8833333333332,0.13,2630.23,9309.93,9460.08,9445.07
15826.0,1.0,154.0,210.0,934.3100000000001,0.07,4614.14,9568.51,9421.48,9436.19
13471.0,3.0,46.0,47.0,529.97,0.45,722.23,9213.08,9437.79,9415.32
15125.0,9.0,245.0,270.0,854.1777777777778,0.36,937.32,9542.4,9396.83,9411.39
16811.0,1.0,13.0,17.0,232.3,0.29,1150.67,9487.08,9396.52,9405.58
17082.0,1.0,285.0,318.0,1366.91,0.05,6748.44,9863.33,9314.19,9369.1
15948.0,1.0,35.0,43.0,311.0,0.21,1538.95,9057.37,9322.25,9295.76
17139.0,8.0,273.0,288.0,1003.63625,0.31,1114.86,9620.8,9204.52,9246.14
13467.0,1.0,26.0,36.0,301.25,0.23,1490.85,9506.71,9115.29,9154.43
14367.0,12.0,268.0,276.0,689.8633333333333,0.47,739.04,9696.07,9092.22,9152.61
16126.0,3.0,267.0,296.0,1798.8066666666666,0.13,2450.34,8622.77,9181.05,9125.22
14875.0,1.0,155.0,262.0,1103.32,0.06,5447.98,9401.69,9082.42,9114.35
12971.0,70.0,369.0,372.0,159.21128571428574,2.02,161.06,9142.37,9103.15,9107.07
16352.0,1.0,20.0,37.0,289.52,0.22,1432.97,9029.99,9111.39,9103.25
18123.0,1.0,7.0,31.0,265.96,0.24,1316.74,8928.86,9097.17,9080.33
15330.0,1.0,28.0,60.0,394.56,0.18,1951.21,9673.64,9004.09,9071.05
17706.0,11.0,362.0,366.0,911.5145454545454,0.34,982.84,9288.56,9026.33,9052.56
13918.0,1.0,204.0,253.0,1014.64,0.06,5010.46,8905.33,9057.35,9042.15
12865.0,1.0,97.0,123.0,586.85,0.11,2899.9,9075.76,9004.19,9011.34
14857.0,1.0,89.0,148.0,650.6,0.1,3214.42,8775.99,9017.26,8993.13
13416.0,1.0,38.0,81.0,437.5,0.15,2163.06,8976.23,8948.94,8951.67
13055.0,1.0,135.0,213.0,869.55,0.07,4294.64,8803.52,8916.66,8905.34
16779.0,20.0,364.0,366.0,513.6405,0.6,535.02,8984.83,8823.3,8839.45
16523.0,17.0,314.0,315.0,510.26882352941175,0.58,535.44,8760.97,8833.38,8826.14
16360.0,5.0,84.0,88.0,660.304,0.49,785.79,10904.83,8592.58,8823.81
14216.0,3.0,34.0,37.0,459.8333333333333,0.51,626.7,8936.66,8794.68,8808.88
14062.0,10.0,355.0,364.0,949.823,0.31,1032.22,8956.34,8785.94,8802.98
13028.0,1.0,23.0,45.0,305.38,0.2,1511.22,8702.61,8812.81,8801.79
17396.0,3.0,332.0,371.0,2311.1,0.1,3148.07,9094.45,8695.16,8735.09
14934.0,1.0,201.0,282.0,1062.1,0.06,5244.62,8501.97,8758.79,8733.1
16532.0,2.0,321.0,338.0,2419.2,0.08,4023.76,9097.26,8649.69,8694.45
12885.0,1.0,60.0,123.0,529.87,0.11,2618.78,8195.95,8738.54,8684.28
16303.0,2.0,308.0,333.0,2266.725,0.08,3770.2,8635.91,8682.5,8677.84
12371.0,1.0,15.0,59.0,360.0,0.18,1780.7,8910.92,8648.25,8674.52
17459.0,1.0,17.0,60.0,356.91,0.18,1765.45,8752.72,8659.7,8669.0
13434.0,1.0,22.0,96.0,461.4,0.13,2280.97,8478.57,8687.32,8666.45
13319.0,16.0,360.0,365.0,630.391875,0.48,663.51,8999.16,8583.56,8625.12
12451.0,4.0,314.0,324.0,1529.0025,0.15,1909.94,7949.25,8640.15,8571.06
15272.0,1.0,29.0,86.0,422.98,0.14,2091.42,8354.77,8591.96,8568.24
12359.0,3.0,274.0,331.0,1941.6933333333334,0.11,2644.95,8447.73,8562.12,8550.68
15883.0,1.0,31.0,33.0,252.72,0.24,1251.42,8276.01,8555.84,8527.85
13001.0,12.0,322.0,326.0,751.1141666666666,0.4,804.65,9144.97,8435.3,8506.27
17528.0,6.0,70.0,71.0,420.2366666666667,0.66,484.82,9067.63,8438.28,8501.22
14418.0,2.0,105.0,108.0,893.405,0.2,1486.45,8320.16,8481.66,8465.51
13421.0,1.0,250.0,290.0,1026.04,0.06,5066.71,8019.08,8483.49,8437.05
15078.0,19.0,361.0,368.0,487.7873684210527,0.57,509.2,8096.79,8425.66,8392.77
13802.0,2.0,173.0,311.0,1814.84,0.09,3018.74,7338.55,8494.91,8379.27
17865.0,15.0,334.0,364.0,651.3246666666666,0.45,687.95,8789.28,8317.33,8364.52
13276.0,1.0,36.0,99.0,453.55,0.13,2242.24,8164.35,8339.18,8321.69
12719.0,1.0,60.0,65.0,361.35,0.17,1787.36,8468.73,8292.56,8310.17
15215.0,1.0,50.0,96.0,434.9,0.13,2150.23,7992.59,8339.28,8304.61
16747.0,1.0,30.0,67.0,355.86,0.17,1760.27,8195.16,8292.45,8282.72
14125.0,2.0,68.0,78.0,722.5,0.25,1202.25,8333.44,8271.5,8277.69
12394.0,1.0,154.0,217.0,891.4000000000001,0.07,4402.44,8888.21,8153.04,8226.55
17759.0,1.0,152.0,169.0,667.84,0.09,3299.47,8135.87,8213.17,8205.44
15615.0,16.0,349.0,359.0,582.409375,0.49,613.02,8436.86,8157.12,8185.1
14056.0,22.0,283.0,284.0,346.1677272727273,0.82,359.23,8254.41,8132.64,8144.82
12578.0,1.0,309.0,330.0,1185.85,0.05,5855.16,8285.95,8114.33,8131.49
17243.0,25.0,368.0,369.0,336.798,0.74,347.93,7210.08,8209.11,8109.21
12709.0,14.0,351.0,366.0,658.13,0.42,697.94,8304.4,8082.66,8104.83
14664.0,1.0,14.0,33.0,248.85,0.24,1232.32,8149.74,8079.09,8086.16
17584.0,1.0,120.0,127.0,492.85,0.11,2436.13,7449.92,8146.41,8076.76
14138.0,1.0,62.0,63.0,344.17,0.17,1702.6,8212.67,8049.19,8065.54
17500.0,2.0,12.0,29.0,425.0,0.4,707.52,8030.96,8063.0,8059.8
12567.0,8.0,347.0,369.0,984.295,0.25,1093.38,7602.0,8109.22,8058.5
16729.0,18.0,203.0,241.0,374.2027777777778,0.77,391.6,8506.73,7898.24,7959.09
13447.0,2.0,12.0,35.0,452.71500000000003,0.37,753.61,7934.66,7957.44,7955.16
12516.0,1.0,103.0,180.0,728.86,0.08,3600.53,8449.6,7852.27,7912.0
16033.0,17.0,364.0,369.0,509.45647058823533,0.51,534.58,7613.92,7942.74,7909.86
15630.0,1.0,159.0,204.0,789.49,0.08,3899.65,8279.5,7866.34,7907.65
15734.0,1.0,86.0,200.0,760.8,0.08,3758.11,8107.75,7863.88,7888.27
14389.0,1.0,125.0,190.0,732.32,0.08,3617.6,8132.73,7852.27,7880.31
17173.0,6.0,126.0,131.0,550.6366666666667,0.44,635.2,7894.86,7864.85,7867.85
13199.0,32.0,363.0,366.0,292.13875,0.94,299.63,7965.46,7827.11,7840.95
12546.0,1.0,31.0,77.0,401.3,0.15,1984.46,8498.92,7758.09,7832.17
14597.0,1.0,180.0,191.0,718.05,0.08,3547.19,7941.07,7803.88,7817.6
16672.0,17.0,264.0,266.0,409.38235294117646,0.67,429.58,8126.39,7781.67,7816.14
15484.0,3.0,77.0,78.0,652.5966666666667,0.34,889.24,8549.52,7723.0,7805.65
16020.0,1.0,49.0,65.0,332.21,0.17,1643.59,7787.54,7790.37,7790.08
13090.0,12.0,364.0,372.0,729.185,0.36,781.17,7905.31,7748.94,7764.58
12700.0,3.0,208.0,215.0,1282.52,0.16,1747.18,8042.95,7732.79,7763.81
15993.0,4.0,36.0,44.0,378.02250000000004,0.6,472.42,7959.85,7716.59,7740.91
17232.0,1.0,12.0,14.0,213.48,0.31,1057.82,9144.53,7579.94,7736.4
18142.0,1.0,58.0,215.0,737.04,0.07,3640.88,7406.61,7760.98,7725.54
15103.0,1.0,55.0,86.0,411.68,0.14,2035.67,8132.06,7674.85,7720.57
13431.0,1.0,21.0,88.0,415.42,0.14,2054.12,8084.97,7674.75,7715.77
18092.0,9.0,363.0,365.0,842.5044444444444,0.28,924.51,7246.26,7764.94,7713.07
13316.0,3.0,217.0,254.0,1451.75,0.14,1977.66,7927.73,7667.58,7693.6
17144.0,1.0,83.0,84.0,388.68,0.14,1922.2,7795.22,7646.77,7661.62
14306.0,1.0,34.0,85.0,390.38,0.14,1930.58,7770.31,7646.67,7659.03
14952.0,7.0,305.0,364.0,1059.047142857143,0.22,1195.33,7431.75,7670.67,7646.77
13985.0,14.0,260.0,264.0,476.22357142857146,0.56,505.05,7974.79,7584.95,7623.94
17306.0,14.0,343.0,353.0,593.3792857142856,0.44,629.28,7730.27,7608.97,7621.1
13969.0,16.0,358.0,365.0,546.021875,0.48,574.72,7794.84,7545.62,7570.54
15621.0,2.0,17.0,21.0,364.875,0.45,607.54,7697.27,7548.0,7562.92
14049.0,3.0,301.0,317.0,1549.9633333333331,0.12,2111.43,7002.46,7614.28,7553.1
12883.0,1.0,65.0,89.0,411.84000000000003,0.14,2036.46,7956.88,7499.31,7545.07
17004.0,1.0,46.0,92.0,406.53999999999996,0.14,2010.31,7686.22,7499.31,7518.0
12980.0,8.0,201.0,358.0,810.6975,0.25,900.57,6431.12,7618.82,7500.05
16656.0,14.0,342.0,364.0,585.5028571428572,0.42,620.93,7423.95,7471.46,7466.71
14856.0,1.0,20.0,56.0,308.11,0.18,1524.69,7850.21,7417.31,7460.6
13458.0,13.0,352.0,359.0,650.8238461538463,0.4,693.42,7817.08,7406.33,7447.41
15821.0,1.0,17.0,61.0,316.78,0.17,1567.47,7699.75,7409.09,7438.16
14733.0,11.0,351.0,367.0,705.080909090909,0.34,760.27,7167.82,7459.88,7430.68
13488.0,11.0,350.0,367.0,689.6718181818183,0.34,743.66,7011.19,7459.88,7415.02
12627.0,6.0,130.0,140.0,618.4183333333334,0.42,713.37,8441.64,7298.17,7412.52
17183.0,5.0,98.0,105.0,603.528,0.44,718.25,8858.91,7230.24,7393.11
14356.0,1.0,2.0,81.0,356.2,0.15,1761.95,7311.73,7399.09,7390.35
12912.0,4.0,38.0,40.0,336.06,0.63,420.01,7399.0,7370.29,7373.16
18228.0,1.0,23.0,79.0,359.51,0.15,1778.28,7495.84,7340.25,7355.81
14164.0,1.0,10.0,80.0,358.0,0.15,1770.83,7406.06,7340.25,7346.83
14667.0,22.0,358.0,368.0,396.80181818181813,0.65,411.77,7550.45,7313.17,7336.9
16079.0,2.0,24.0,40.0,421.89,0.35,702.35,6974.09,7331.77,7296.0
14277.0,2.0,197.0,212.0,1289.385,0.12,2144.94,7200.91,7302.72,7292.54
17131.0,3.0,70.0,75.0,557.8000000000001,0.35,760.13,7486.65,7258.58,7281.39
13722.0,1.0,151.0,282.0,911.94,0.06,4503.78,7301.01,7266.89,7270.3
16258.0,4.0,174.0,219.0,1042.7625,0.21,1302.65,7554.96,7238.29,7269.96
17595.0,1.0,25.0,37.0,230.89,0.22,1143.71,7207.2,7276.27,7269.36
13344.0,1.0,210.0,277.0,887.5699999999999,0.06,4383.55,7215.48,7266.89,7261.75
15067.0,1.0,204.0,282.0,896.71,0.06,4428.64,7179.2,7266.89,7258.12
12473.0,3.0,162.0,191.0,1088.7866666666666,0.18,1483.32,7514.4,7224.77,7253.74
12449.0,3.0,165.0,187.0,1069.4533333333334,0.18,1456.99,7506.72,7224.77,7252.97
13093.0,6.0,98.0,373.0,1172.1783333333333,0.19,1351.99,7141.31,7246.86,7236.31
15358.0,14.0,361.0,365.0,551.6178571428571,0.42,585.0,6977.4,7261.68,7233.26
13931.0,1.0,185.0,280.0,859.3199999999999,0.06,4244.17,6922.13,7266.89,7232.41
18143.0,1.0,25.0,141.0,519.98,0.1,2569.98,7276.63,7218.37,7224.19
17666.0,1.0,62.0,65.0,319.08000000000004,0.17,1578.81,7480.61,7179.2,7209.34
13018.0,19.0,279.0,295.0,365.60526315789474,0.69,381.67,7361.06,7177.82,7196.14
13685.0,5.0,58.0,60.0,357.056,0.62,425.02,7429.33,7158.79,7185.84
13629.0,10.0,315.0,338.0,713.236,0.33,775.13,7178.86,7140.47,7144.31
18035.0,1.0,8.0,43.0,239.56,0.21,1186.49,6982.99,7149.45,7132.8
16652.0,4.0,215.0,273.0,1296.4524999999999,0.17,1619.49,7811.8,7056.84,7132.34
17768.0,2.0,158.0,166.0,930.925,0.14,1548.84,6318.17,7221.55,7131.21
12683.0,10.0,361.0,365.0,741.3489999999999,0.31,805.68,6973.8,7108.61,7095.13
18087.0,1.0,192.0,290.0,852.8,0.06,4212.0,6666.34,7140.05,7092.68
14862.0,1.0,123.0,148.0,537.1,0.1,2654.45,7247.16,7058.72,7077.56
16379.0,3.0,74.0,78.0,559.5066666666667,0.34,762.45,7330.54,7044.16,7072.79
17679.0,1.0,33.0,85.0,348.90999999999997,0.14,1725.98,6946.83,7060.09,7048.76
14284.0,1.0,56.0,86.0,343.15,0.14,1697.57,6781.41,7060.19,7032.31
13430.0,1.0,68.0,86.0,343.14,0.14,1697.52,6781.21,7060.19,7032.29
15290.0,16.0,355.0,359.0,482.72625,0.49,508.1,6992.98,7021.01,7018.21
18217.0,1.0,41.0,70.0,303.85,0.16,1503.67,6822.33,7022.04,7002.07
13350.0,1.0,63.0,79.0,332.55,0.15,1645.27,6935.17,7007.78,7000.52
15265.0,1.0,84.0,235.0,793.88,0.07,3921.31,7413.04,6945.76,6992.48
12589.0,1.0,116.0,144.0,515.18,0.1,2546.3,7096.84,6966.74,6979.75
12783.0,4.0,73.0,75.0,471.72249999999997,0.45,589.45,7425.6,6919.91,6970.48
16745.0,16.0,225.0,311.0,434.6875,0.55,457.55,7139.45,6943.91,6963.46
17811.0,37.0,329.0,333.0,206.80432432432434,1.18,211.38,7043.38,6952.14,6961.26
13791.0,1.0,41.0,168.0,579.0,0.09,2861.17,7087.77,6935.49,6950.72
13324.0,5.0,324.0,360.0,1294.3700000000001,0.16,1540.15,7119.43,6901.02,6922.86
16187.0,10.0,253.0,284.0,623.554,0.38,677.68,7297.6,6875.65,6917.85
15814.0,2.0,34.0,50.0,412.19,0.32,686.22,6117.6,7005.21,6916.45
17505.0,1.0,44.0,205.0,658.85,0.08,3255.12,6883.74,6914.46,6911.39
13263.0,32.0,324.0,325.0,228.5128125,1.05,234.38,6915.96,6906.66,6907.59
12625.0,1.0,108.0,319.0,967.2,0.05,4776.41,6962.04,6898.53,6904.88
12626.0,8.0,303.0,326.0,690.56,0.28,767.13,5947.13,6995.53,6890.69
14527.0,53.0,367.0,369.0,155.01641509433964,1.54,157.4,6831.66,6891.97,6885.94
14849.0,12.0,352.0,373.0,631.225,0.36,676.23,6827.15,6891.33,6884.92
12476.0,9.0,346.0,361.0,755.9966666666667,0.28,829.59,6565.93,6916.86,6881.77
13396.0,1.0,290.0,319.0,973.72,0.05,4808.58,7008.93,6862.26,6876.92
15665.0,1.0,75.0,243.0,765.79,0.07,3782.73,6954.36,6859.35,6868.85
12856.0,5.0,56.0,63.0,357.238,0.6,425.23,7231.96,6828.34,6868.7
12685.0,5.0,65.0,93.0,462.76800000000003,0.48,550.78,7372.15,6809.49,6865.76
14251.0,4.0,56.0,57.0,405.06,0.52,506.19,7471.41,6781.7,6850.67
15249.0,11.0,225.0,256.0,516.9672727272728,0.46,557.46,7175.63,6796.47,6834.38
17017.0,15.0,370.0,372.0,521.1293333333333,0.45,550.45,6898.53,6824.31,6831.73
15009.0,2.0,13.0,25.0,334.61,0.43,557.21,6672.03,6835.41,6819.07
18202.0,1.0,112.0,311.0,911.26,0.05,4500.42,6706.0,6829.06,6816.76
12925.0,1.0,70.0,74.0,325.74,0.16,1611.67,7072.3,6782.22,6811.23
14442.0,1.0,112.0,316.0,914.24,0.05,4515.13,6635.46,6829.06,6809.7
15382.0,4.0,281.0,295.0,1234.0725,0.16,1541.59,6958.85,6774.0,6792.49
16229.0,1.0,125.0,212.0,652.4,0.07,3223.3,6632.82,6789.96,6774.25
12754.0,2.0,73.0,308.0,1482.5850000000003,0.09,2466.22,6045.92,6825.45,6747.49
15239.0,1.0,68.0,78.0,318.8,0.15,1577.43,6702.05,6748.81,6744.13
12749.0,3.0,210.0,213.0,1077.26,0.16,1467.62,6807.83,6726.75,6734.86
16558.0,19.0,366.0,366.0,408.89947368421053,0.57,426.86,6820.26,6713.9,6724.54
16698.0,1.0,27.0,253.0,816.0,0.06,4030.44,7163.49,6659.7,6710.08
14412.0,1.0,30.0,72.0,307.58,0.16,1522.08,6790.59,6667.58,6679.88
13805.0,1.0,77.0,129.0,424.36,0.11,2098.23,6344.01,6716.31,6679.08
17503.0,1.0,36.0,38.0,218.53,0.22,1082.73,6743.46,6645.24,6655.06
15194.0,14.0,365.0,368.0,515.0264285714286,0.42,546.2,6467.62,6656.17,6637.32
18055.0,9.0,362.0,369.0,705.86,0.28,774.58,6012.89,6702.41,6633.46
13097.0,8.0,328.0,360.0,713.19,0.25,792.27,5629.98,6727.88,6618.09
12474.0,16.0,312.0,329.0,445.399375,0.53,468.82,6965.95,6575.39,6614.44
17295.0,1.0,36.0,64.0,277.59,0.17,1374.12,6568.94,6612.39,6608.05
14796.0,16.0,365.0,366.0,459.455,0.48,483.61,6543.32,6591.55,6586.72
17466.0,1.0,68.0,78.0,302.87,0.15,1498.84,6368.13,6576.98,6556.09
13321.0,1.0,14.0,86.0,308.32,0.14,1525.73,6094.95,6576.87,6528.68
14020.0,1.0,72.0,88.0,311.65999999999997,0.14,1542.21,6070.08,6576.98,6526.29
14387.0,2.0,77.0,109.0,664.9000000000001,0.2,1106.46,6153.75,6566.25,6525.0
12444.0,4.0,150.0,171.0,783.8149999999999,0.25,979.24,6924.86,6443.59,6491.72
15088.0,1.0,46.0,67.0,295.88,0.17,1464.35,6817.47,6454.06,6490.4
14101.0,5.0,253.0,326.0,1045.038,0.18,1243.52,6270.99,6472.84,6452.66
16609.0,6.0,237.0,252.0,822.6550000000001,0.26,948.91,7034.73,6385.45,6450.38
16083.0,1.0,260.0,360.0,979.64,0.05,4837.79,6342.64,6436.21,6426.85
16200.0,1.0,160.0,164.0,530.05,0.09,2619.67,6612.04,6374.94,6398.65
13810.0,1.0,28.0,56.0,246.01,0.18,1218.31,6272.75,6399.84,6387.13
17290.0,1.0,13.0,16.0,172.21,0.3,854.21,7153.09,6292.02,6378.12
17049.0,7.0,273.0,275.0,676.4914285714286,0.28,763.6,6056.27,6413.48,6377.76
13505.0,3.0,160.0,232.0,1127.98,0.15,1536.7,6644.31,6341.75,6372.01
16561.0,1.0,54.0,59.0,246.16,0.18,1219.05,6100.34,6399.84,6369.89
17594.0,1.0,169.0,254.0,678.18,0.06,3350.49,5935.25,6399.12,6352.73
13854.0,24.0,357.0,365.0,325.005,0.71,336.21,6759.78,6294.98,6341.46
13709.0,7.0,312.0,315.0,836.1928571428572,0.25,943.83,6660.51,6303.44,6339.15
17716.0,8.0,245.0,267.0,623.81625,0.33,693.0,6379.15,6333.39,6337.97
14944.0,6.0,267.0,296.0,857.66,0.23,989.27,6395.54,6330.34,6336.86
14286.0,2.0,219.0,242.0,1289.335,0.11,2144.86,6455.37,6315.58,6329.56
17434.0,6.0,83.0,85.0,312.37666666666667,0.59,360.43,6030.78,6361.25,6328.21
13027.0,5.0,241.0,354.0,1094.4,0.17,1302.24,6109.57,6347.3,6323.53
12989.0,12.0,361.0,364.0,560.1341666666666,0.37,600.08,6190.74,6325.77,6312.27
15218.0,8.0,308.0,318.0,646.90375,0.28,718.64,5693.05,6370.58,6302.82
17086.0,5.0,56.0,63.0,327.52200000000005,0.6,389.88,6630.7,6262.15,6299.01
18079.0,2.0,193.0,238.0,1019.5699999999999,0.11,1696.26,5176.65,6422.78,6298.17
14245.0,1.0,44.0,263.0,688.35,0.06,3400.66,5849.72,6335.35,6286.78
14240.0,1.0,195.0,225.0,663.49,0.07,3278.01,6424.03,6270.13,6285.52
14432.0,5.0,80.0,89.0,400.15200000000004,0.49,476.29,6561.37,6253.33,6284.13
13209.0,5.0,331.0,361.0,1114.5520000000001,0.16,1326.22,6115.52,6300.93,6282.39
13139.0,5.0,243.0,259.0,931.0880000000001,0.22,1107.95,6807.29,6221.5,6280.08
15156.0,2.0,32.0,33.0,321.84499999999997,0.38,535.98,5782.86,6311.06,6258.24
18242.0,2.0,141.0,213.0,959.115,0.12,1595.72,5336.56,6360.14,6257.78
17221.0,1.0,29.0,36.0,202.85,0.23,1005.38,6410.99,6235.95,6253.46
15044.0,14.0,343.0,362.0,490.30571428571426,0.43,519.99,6247.36,6238.33,6239.24
14191.0,12.0,219.0,220.0,377.86999999999995,0.56,404.85,6421.93,6206.2,6227.78
13823.0,1.0,73.0,91.0,307.24,0.14,1520.4,5854.96,6259.11,6218.7
12705.0,7.0,342.0,357.0,858.6128571428571,0.22,969.13,6129.58,6215.13,6206.58
13563.0,1.0,56.0,140.0,466.65,0.1,2306.87,6566.43,6155.23,6196.35
13644.0,3.0,89.0,105.0,591.0566666666667,0.28,805.42,6375.86,6141.34,6164.8
15144.0,13.0,304.0,312.0,477.0861538461538,0.45,508.33,6478.99,6127.39,6162.55
16923.0,16.0,350.0,362.0,418.569375,0.49,440.58,6019.3,6167.16,6152.37
17686.0,4.0,295.0,302.0,1036.7125,0.16,1295.09,5729.19,6197.02,6150.24
18109.0,24.0,368.0,369.0,323.98,0.71,335.15,6673.8,6088.08,6146.65
14544.0,1.0,337.0,361.0,902.53,0.05,4457.35,5829.58,6174.14,6139.68
17426.0,3.0,274.0,282.0,1281.1266666666668,0.13,1745.28,6402.31,6102.9,6132.84
15023.0,10.0,366.0,369.0,634.216,0.3,689.26,5908.89,6151.0,6126.79
13755.0,7.0,60.0,63.0,237.9557142857143,0.82,268.69,6206.49,6101.5,6112.0
16713.0,14.0,348.0,366.0,464.90714285714284,0.42,493.05,5866.52,6134.77,6107.95
18073.0,9.0,83.0,197.0,423.8355555555556,0.47,465.15,6147.24,6098.53,6103.4
14267.0,1.0,98.0,260.0,679.88,0.06,3358.88,5834.14,6123.44,6094.51
15152.0,12.0,178.0,187.0,332.46583333333336,0.64,356.21,6444.4,6046.17,6085.99
18205.0,1.0,38.0,74.0,291.6,0.16,1443.24,6333.18,6057.08,6084.69
13871.0,11.0,286.0,308.0,540.6545454545454,0.39,583.0,6407.77,6047.67,6083.68
12583.0,14.0,371.0,373.0,458.96571428571434,0.42,486.75,5695.23,6124.37,6081.46
18229.0,19.0,362.0,373.0,364.87894736842105,0.56,380.91,5984.88,6056.41,6049.26
13761.0,1.0,129.0,179.0,578.94,0.08,2860.87,6743.4,5971.0,6048.24
14456.0,7.0,137.0,142.0,417.1457142857143,0.48,470.92,6351.38,6013.92,6047.67
17416.0,6.0,252.0,281.0,796.4516666666667,0.24,918.69,6210.1,6027.56,6045.82
17719.0,14.0,218.0,255.0,344.015,0.58,364.86,5932.35,6046.62,6035.19
18172.0,13.0,275.0,289.0,429.4846153846154,0.48,457.62,6230.89,6003.02,6025.8
13435.0,6.0,184.0,189.0,561.0283333333333,0.33,647.18,6074.08,6016.12,6021.92
14292.0,5.0,275.0,282.0,881.7860000000001,0.2,1049.29,5997.38,6015.75,6013.91
17651.0,8.0,166.0,177.0,448.0125,0.46,497.73,6415.58,5966.3,6011.23
12657.0,2.0,67.0,78.0,512.37,0.25,852.81,5911.32,6019.79,6008.95
15187.0,13.0,211.0,212.0,334.2753846153846,0.63,356.19,6286.94,5958.31,5991.18
16368.0,1.0,26.0,28.0,194.95,0.25,966.4,6812.37,5891.53,5983.62
17444.0,2.0,25.0,172.0,884.29,0.14,1471.29,5838.02,5997.35,5981.42
13704.0,8.0,83.0,88.0,277.4375,0.76,308.28,6576.67,5907.44,5974.36
15903.0,6.0,286.0,295.0,827.58,0.23,954.58,6189.28,5940.82,5965.66
17813.0,4.0,57.0,71.0,366.0675,0.46,457.49,5957.21,5963.86,5963.19
15762.0,1.0,12.0,77.0,268.44,0.15,1328.97,5691.64,5982.38,5953.3
15807.0,1.0,27.0,77.0,268.3,0.15,1328.28,5688.69,5982.38,5953.01
15150.0,9.0,252.0,269.0,534.8022222222221,0.36,586.9,5993.8,5945.45,5950.29
15465.0,17.0,350.0,369.0,401.11,0.51,420.91,5994.84,5911.54,5919.87
16746.0,16.0,354.0,358.0,399.12624999999997,0.49,420.12,5796.31,5924.9,5912.04
16440.0,4.0,207.0,214.0,842.0525,0.21,1051.97,6217.61,5849.74,5886.53
16311.0,1.0,32.0,49.0,214.71,0.2,1063.89,5873.55,5871.07,5871.32
15505.0,4.0,103.0,155.0,666.7,0.27,832.97,6355.08,5807.04,5861.84
12842.0,1.0,238.0,308.0,808.26,0.05,3992.26,5998.94,5835.56,5851.9
12562.0,6.0,190.0,198.0,556.13,0.32,641.54,5800.65,5853.78,5848.47
17311.0,1.0,238.0,316.0,828.39,0.05,4091.57,6013.0,5822.53,5841.58
16041.0,1.0,111.0,141.0,426.6,0.1,2109.28,5972.2,5807.19,5823.69
12613.0,2.0,205.0,262.0,1261.36,0.1,2098.34,5907.72,5800.93,5811.61
16053.0,1.0,90.0,122.0,387.76,0.11,1917.66,6036.99,5745.57,5774.72
14346.0,1.0,177.0,297.0,759.14,0.06,3749.92,5814.52,5769.15,5773.69
17298.0,1.0,23.0,124.0,390.78,0.11,1932.56,6013.1,5745.47,5772.23
17133.0,5.0,251.0,266.0,841.7639999999999,0.21,1001.68,6017.1,5741.42,5768.99
13576.0,17.0,363.0,373.0,374.5994117647059,0.5,393.09,5545.46,5769.21,5746.83
14110.0,11.0,263.0,266.0,434.4445454545455,0.44,468.49,5838.24,5723.96,5735.39
14961.0,7.0,350.0,360.0,837.4257142857142,0.22,945.22,5934.37,5713.23,5735.35
17338.0,7.0,344.0,361.0,839.4757142857143,0.22,947.53,5934.35,5713.23,5735.34
18223.0,12.0,354.0,358.0,498.5708333333334,0.37,534.14,5591.88,5737.81,5723.22
15804.0,12.0,198.0,198.0,306.7525,0.61,328.67,5680.06,5686.11,5685.5
15473.0,3.0,46.0,60.0,374.0,0.4,509.8,5719.41,5672.85,5677.5
13895.0,3.0,136.0,164.0,736.87,0.2,1004.02,5734.52,5666.62,5673.41
12656.0,4.0,216.0,233.0,877.4925000000001,0.2,1096.23,6040.9,5630.41,5671.46
14175.0,2.0,270.0,329.0,1449.86,0.08,2411.8,5583.04,5676.6,5667.24
12766.0,6.0,363.0,366.0,973.39,0.19,1122.74,6030.69,5613.66,5655.36
13949.0,5.0,92.0,94.0,377.884,0.47,449.8,5978.0,5615.89,5652.1
15676.0,2.0,265.0,283.0,1268.98,0.09,2111.01,5566.16,5660.52,5651.08
12432.0,2.0,130.0,172.0,871.33,0.14,1449.74,5752.5,5637.73,5649.21
16688.0,3.0,59.0,60.0,359.03666666666663,0.4,489.42,5490.77,5664.78,5647.38
13566.0,1.0,42.0,82.0,289.53,0.15,1433.02,5900.96,5618.22,5646.49
13016.0,1.0,50.0,123.0,364.64,0.11,1803.59,5644.67,5629.17,5630.72
14869.0,1.0,95.0,103.0,334.39,0.13,1654.35,5864.01,5601.14,5627.42
17432.0,1.0,19.0,37.0,189.87,0.22,941.34,5931.9,5593.35,5627.2
13851.0,2.0,193.0,288.0,1202.5700000000002,0.09,2000.57,5196.44,5651.43,5605.93
12362.0,9.0,292.0,295.0,527.4588888888889,0.34,578.84,5463.23,5621.6,5605.77
16164.0,2.0,25.0,42.0,288.56,0.35,480.63,4666.26,5702.34,5598.73
12585.0,1.0,117.0,351.0,777.25,0.05,3839.26,5147.1,5629.03,5580.84
17764.0,1.0,161.0,211.0,556.85,0.07,2751.89,5684.64,5569.0,5580.56
17169.0,1.0,126.0,183.0,527.1,0.08,2605.11,6034.15,5514.2,5566.19
13468.0,35.0,372.0,373.0,152.712,1.01,156.3,4462.14,5682.61,5560.57
13373.0,2.0,216.0,276.0,1162.275,0.1,1933.57,5208.48,5596.52,5557.72
17652.0,11.0,256.0,281.0,422.3109090909091,0.42,455.4,5416.35,5565.2,5550.31
16353.0,19.0,366.0,369.0,340.6163157894737,0.56,355.59,5640.58,5525.56,5537.06
16121.0,1.0,158.0,215.0,579.22,0.07,2862.25,5822.65,5503.76,5535.65
17386.0,3.0,158.0,165.0,691.0333333333333,0.2,941.59,5352.69,5540.03,5521.3
14005.0,4.0,206.0,215.0,671.89,0.21,839.45,4942.62,5579.12,5515.47
16940.0,2.0,237.0,289.0,1146.1,0.09,1906.67,4937.82,5578.81,5514.71
14422.0,5.0,267.0,267.0,772.4660000000001,0.21,919.23,5504.31,5505.1,5505.02
16169.0,3.0,67.0,75.0,411.8366666666666,0.35,561.33,5528.66,5501.06,5503.82
12481.0,7.0,343.0,365.0,776.7057142857142,0.22,876.7,5437.49,5494.39,5488.7
12456.0,2.0,210.0,254.0,1120.435,0.1,1863.99,5387.01,5481.9,5472.41
13225.0,6.0,358.0,361.0,876.1866666666666,0.19,1010.64,5494.94,5469.59,5472.12
14360.0,2.0,63.0,94.0,496.77000000000004,0.22,826.87,5085.05,5514.05,5471.15
17668.0,1.0,37.0,38.0,185.9,0.22,921.75,5740.82,5438.94,5469.13
13384.0,5.0,148.0,178.0,595.866,0.3,709.13,5919.48,5413.55,5464.14
14503.0,5.0,175.0,178.0,589.238,0.3,701.25,5853.66,5413.55,5457.56
13673.0,1.0,14.0,32.0,183.32,0.24,909.02,6086.92,5387.52,5457.46
16999.0,1.0,51.0,74.0,238.99,0.16,1183.68,5194.18,5484.31,5455.29
13730.0,1.0,26.0,161.0,445.85,0.09,2204.25,5643.45,5432.74,5453.81
12822.0,1.0,17.0,87.0,257.98,0.14,1277.37,5064.96,5493.16,5450.34
12431.0,13.0,338.0,373.0,471.4769230769231,0.39,502.36,5474.79,5436.79,5440.59
15694.0,13.0,372.0,372.0,474.84615384615387,0.39,505.95,5527.04,5426.39,5436.45
17797.0,1.0,160.0,182.0,508.02,0.08,2510.98,5841.41,5391.24,5436.25
12597.0,3.0,249.0,268.0,1098.3566666666666,0.14,1496.35,5732.46,5385.62,5420.3
15601.0,13.0,361.0,372.0,462.16769230769233,0.39,492.44,5379.49,5418.94,5414.99
15782.0,2.0,80.0,89.0,488.2,0.23,812.62,5179.98,5424.24,5399.82
12955.0,10.0,266.0,267.0,428.334,0.4,465.55,5283.91,5407.79,5395.4
16734.0,1.0,62.0,114.0,344.35,0.12,1703.49,5627.83,5363.61,5390.03
13023.0,1.0,65.0,129.0,353.5,0.11,1748.63,5286.99,5363.61,5355.95
13658.0,2.0,195.0,204.0,852.935,0.12,1419.15,4915.65,5401.31,5352.74
18252.0,1.0,121.0,171.0,456.77,0.09,2258.13,5517.23,5328.49,5347.37
17315.0,34.0,356.0,357.0,181.8629411764706,1.03,186.26,5372.24,5339.82,5343.06
18096.0,2.0,52.0,63.0,381.245,0.28,634.76,4995.23,5377.71,5339.46
18130.0,2.0,42.0,57.0,372.765,0.3,620.66,5163.74,5342.83,5324.92
15315.0,1.0,52.0,116.0,336.96,0.12,1667.03,5440.15,5311.1,5324.0
17809.0,9.0,357.0,373.0,597.4566666666666,0.27,655.64,5041.22,5355.21,5323.81
14132.0,10.0,181.0,183.0,327.91700000000003,0.55,356.43,5517.43,5296.69,5318.76
14108.0,1.0,71.0,101.0,306.58,0.13,1517.14,5449.93,5302.25,5317.02
13109.0,1.0,98.0,157.0,416.69,0.09,2060.39,5378.12,5299.93,5307.75
13297.0,2.0,60.0,67.0,387.235,0.27,644.72,4896.92,5346.33,5301.39
13988.0,5.0,235.0,254.0,703.38,0.22,837.04,5228.01,5308.3,5300.27
13236.0,1.0,82.0,106.0,305.62,0.12,1512.41,5256.36,5302.25,5297.66
12886.0,1.0,152.0,219.0,603.4,0.07,2981.55,5974.42,5203.47,5280.57
17730.0,12.0,323.0,326.0,415.5833333333333,0.4,445.24,5060.23,5298.4,5274.58
13668.0,20.0,360.0,362.0,309.29650000000004,0.6,322.19,5463.48,5242.8,5264.87
15939.0,13.0,242.0,331.0,412.91923076923075,0.43,439.98,5326.48,5246.29,5254.31
15963.0,1.0,26.0,45.0,190.72,0.2,945.53,5444.98,5228.47,5250.12
12716.0,1.0,130.0,133.0,375.59000000000003,0.11,1857.61,5492.29,5222.68,5249.64
16070.0,1.0,10.0,32.0,165.3,0.24,820.12,5491.61,5213.08,5240.94
13418.0,12.0,361.0,372.0,458.68250000000006,0.36,491.41,4973.03,5266.73,5237.36
16873.0,5.0,360.0,364.0,993.1959999999999,0.16,1181.84,5410.06,5218.04,5237.24
16416.0,2.0,30.0,56.0,358.755,0.3,597.36,5017.76,5247.72,5224.72
17602.0,5.0,322.0,324.0,867.184,0.18,1031.92,5231.92,5221.08,5222.16
15005.0,27.0,351.0,366.0,225.70629629629627,0.8,232.61,5234.8,5190.38,5194.82
13102.0,19.0,364.0,365.0,321.4352631578947,0.57,335.57,5374.56,5169.01,5189.57
14505.0,7.0,345.0,362.0,693.6128571428571,0.22,782.92,4891.43,5219.48,5186.67
15252.0,1.0,147.0,183.0,440.23,0.08,2176.53,5041.42,5195.78,5180.34
12637.0,6.0,256.0,323.0,750.87,0.21,866.12,5191.7,5177.69,5179.09
17242.0,1.0,72.0,180.0,425.59999999999997,0.08,2104.35,4938.41,5195.68,5169.95
16814.0,20.0,355.0,369.0,311.7905,0.59,324.78,5415.04,5142.61,5169.85
12694.0,1.0,113.0,183.0,430.16999999999996,0.08,2126.89,4926.46,5195.78,5168.85
15874.0,5.0,221.0,284.0,764.306,0.2,909.53,5167.19,5160.57,5161.23
14735.0,19.0,355.0,358.0,305.97315789473686,0.58,319.43,5204.3,5141.76,5148.01
18225.0,11.0,362.0,365.0,498.10181818181815,0.34,537.12,5088.46,5153.49,5146.99
14145.0,3.0,171.0,217.0,871.1999999999999,0.16,1186.97,5422.84,5114.18,5145.04
16201.0,3.0,106.0,109.0,519.89,0.27,708.5,5465.54,5101.29,5137.71
15104.0,1.0,86.0,282.0,652.8,0.06,3225.27,5228.44,5115.76,5127.03
16364.0,1.0,126.0,137.0,359.49,0.1,1778.18,5143.67,5114.88,5117.76
12518.0,4.0,110.0,110.0,433.015,0.35,541.1,5305.2,5096.67,5117.52
14102.0,4.0,39.0,44.0,234.795,0.6,293.54,4945.82,5133.13,5114.4
13050.0,16.0,352.0,366.0,344.303125,0.48,362.42,4903.6,5117.89,5096.46
12714.0,4.0,285.0,294.0,935.1400000000001,0.16,1168.23,5288.94,5058.9,5081.91
12539.0,3.0,311.0,333.0,1284.1666666666667,0.11,1749.42,5558.14,5019.37,5073.25
14815.0,1.0,31.0,67.0,226.92,0.17,1124.13,5233.51,5041.14,5060.38
16825.0,1.0,147.0,185.0,456.48,0.08,2256.7,5182.23,5041.95,5055.97
17695.0,1.0,40.0,171.0,411.74,0.09,2035.97,4974.42,5062.76,5053.93
18154.0,1.0,40.0,43.0,178.7,0.21,886.23,5215.82,5023.78,5042.99
14364.0,6.0,103.0,211.0,499.70000000000005,0.31,576.46,4950.47,5050.49,5040.49
16855.0,1.0,20.0,43.0,177.2,0.21,878.83,5172.27,5023.78,5038.63
17757.0,29.0,371.0,372.0,188.3393103448276,0.85,193.7,4608.33,5079.74,5032.6
17365.0,6.0,320.0,332.0,676.4833333333333,0.21,780.33,4566.65,5077.71,5026.61
14562.0,16.0,301.0,304.0,300.745,0.57,316.58,5038.1,5019.99,5021.8
15022.0,2.0,36.0,47.0,275.905,0.33,459.59,4226.75,5092.83,5006.22
14060.0,18.0,368.0,372.0,322.25444444444446,0.53,337.24,5040.17,5001.71,5005.56
12360.0,2.0,148.0,200.0,789.24,0.13,1313.23,4622.17,5038.11,4996.51
17723.0,5.0,87.0,214.0,588.92,0.26,700.87,5046.17,4984.29,4990.48
16243.0,1.0,21.0,54.0,194.15,0.19,962.45,5052.7,4977.13,4984.68
14535.0,2.0,188.0,248.0,1005.11,0.1,1672.21,4930.77,4986.44,4980.87
12380.0,3.0,164.0,185.0,705.7533333333332,0.18,961.64,4997.13,4954.26,4958.55
16295.0,3.0,55.0,64.0,324.21666666666664,0.38,442.0,4781.4,4976.03,4956.57
16161.0,18.0,367.0,368.0,300.63111111111107,0.54,314.62,4747.26,4956.93,4935.97
17081.0,1.0,21.0,46.0,178.26,0.2,884.06,5036.74,4920.17,4931.82
16764.0,12.0,140.0,143.0,218.5475,0.79,234.18,5213.51,4890.09,4922.43
14057.0,13.0,337.0,360.0,407.08,0.4,433.75,4877.79,4909.25,4906.11
12472.0,6.0,337.0,369.0,823.4683333333334,0.19,949.84,5065.27,4886.63,4904.5
15805.0,12.0,341.0,364.0,429.8066666666667,0.37,460.48,4750.53,4920.3,4903.33
16985.0,6.0,341.0,358.0,755.1333333333333,0.19,871.04,4770.91,4914.13,4899.8
12815.0,1.0,51.0,198.0,448.1,0.08,2215.35,4818.29,4908.64,4899.6
16107.0,6.0,166.0,183.0,445.21,0.34,513.62,4945.79,4867.63,4875.45
13178.0,10.0,334.0,360.0,501.547,0.31,545.1,4776.13,4882.63,4871.98
16513.0,3.0,39.0,43.0,255.38,0.47,348.24,4637.93,4869.44,4846.29
13534.0,17.0,356.0,358.0,328.64,0.52,344.87,5045.0,4820.51,4842.96
12490.0,9.0,324.0,329.0,505.96777777777777,0.31,555.26,4767.86,4849.06,4840.94
16533.0,2.0,49.0,68.0,359.295,0.27,598.26,4504.8,4877.39,4840.13
12379.0,1.0,89.0,170.0,392.4,0.09,1940.55,4763.06,4841.85,4833.97
17061.0,8.0,159.0,232.0,411.68499999999995,0.37,457.39,4736.86,4841.87,4831.37
14016.0,3.0,196.0,357.0,1195.8233333333333,0.11,1629.1,4869.04,4826.01,4830.31
14644.0,1.0,231.0,298.0,643.26,0.05,3178.2,4913.79,4814.51,4824.43
14855.0,1.0,15.0,134.0,339.3,0.1,1678.57,4935.63,4811.21,4823.65
15813.0,1.0,32.0,239.0,533.26,0.07,2635.5,4912.81,4812.02,4822.1
15046.0,14.0,329.0,338.0,335.8442857142857,0.45,356.2,4545.7,4852.55,4821.87
15622.0,4.0,239.0,282.0,783.39,0.17,978.71,4592.08,4814.96,4792.67
18198.0,16.0,332.0,336.0,320.31374999999997,0.52,337.17,4918.53,4778.04,4792.09
13136.0,3.0,156.0,212.0,677.7166666666667,0.17,923.45,4300.09,4844.94,4790.46
14415.0,12.0,359.0,360.0,418.7583333333334,0.37,448.64,4673.83,4787.6,4776.22
12619.0,8.0,237.0,253.0,429.4075,0.34,477.07,4595.85,4790.85,4771.35
13192.0,1.0,110.0,205.0,447.62,0.08,2212.99,4679.89,4777.89,4768.09
13269.0,12.0,368.0,369.0,416.23333333333335,0.36,445.94,4545.35,4742.84,4723.09
13004.0,16.0,346.0,357.0,331.18125,0.49,348.61,4821.6,4709.94,4721.11
13954.0,1.0,69.0,70.0,212.51,0.16,1053.03,4777.73,4713.23,4719.68
12664.0,8.0,314.0,322.0,527.5375,0.28,586.06,4592.55,4730.24,4716.47
18204.0,2.0,121.0,192.0,722.135,0.13,1201.64,4370.47,4754.52,4716.12
13015.0,3.0,196.0,249.0,893.8366666666667,0.14,1217.8,4963.94,4684.82,4712.73
13655.0,1.0,127.0,241.0,549.3199999999999,0.07,2714.74,5025.47,4652.37,4689.68
15704.0,2.0,75.0,215.0,677.385,0.12,1127.22,3741.07,4788.01,4683.32
13599.0,14.0,365.0,366.0,342.9164285714286,0.42,363.7,4327.38,4722.47,4682.96
13165.0,1.0,305.0,351.0,666.84,0.05,3294.54,4416.81,4698.65,4670.47
15364.0,1.0,159.0,254.0,581.39,0.06,2872.96,5089.33,4619.91,4666.85
18226.0,10.0,293.0,337.0,481.075,0.33,522.86,4855.0,4645.57,4666.51
13816.0,1.0,41.0,64.0,199.98000000000002,0.17,991.22,4738.49,4630.55,4641.35
16592.0,8.0,283.0,287.0,457.29999999999995,0.31,508.05,4397.35,4662.54,4636.02
13035.0,1.0,187.0,260.0,588.88,0.06,2909.91,5054.32,4589.48,4635.96
18118.0,25.0,359.0,369.0,207.1184,0.74,213.98,4434.24,4639.49,4618.97
13994.0,5.0,145.0,148.0,404.914,0.34,481.95,4639.34,4612.48,4615.17
16790.0,5.0,34.0,37.0,176.282,0.79,209.95,4664.61,4603.65,4609.75
16762.0,2.0,125.0,144.0,593.615,0.16,987.92,4492.11,4621.1,4608.2
12488.0,2.0,66.0,75.0,372.635,0.25,620.44,4405.65,4627.54,4605.35
13822.0,1.0,35.0,40.0,163.62,0.22,811.83,4941.1,4564.43,4602.1
16102.0,2.0,86.0,128.0,501.18999999999994,0.18,834.22,4138.36,4652.77,4601.33
15105.0,4.0,116.0,134.0,441.4875,0.3,551.69,4695.12,4582.27,4593.56
12569.0,25.0,250.0,252.0,151.04039999999998,1.02,156.05,4495.69,4598.18,4587.93
17495.0,1.0,31.0,38.0,154.97,0.22,769.15,4790.41,4564.43,4587.03
12839.0,13.0,365.0,367.0,399.1392307692307,0.39,425.29,4701.96,4563.05,4576.94
14921.0,1.0,171.0,201.0,413.06,0.08,2042.48,4388.74,4582.81,4563.41
12668.0,3.0,344.0,355.0,1112.4266666666665,0.11,1515.51,4552.04,4557.79,4557.22
12526.0,2.0,94.0,94.0,398.17999999999995,0.22,662.92,4076.8,4602.84,4550.23
13417.0,1.0,201.0,205.0,404.83,0.08,2001.87,4233.45,4582.81,4547.88
13124.0,2.0,270.0,359.0,1305.005,0.08,2170.92,4654.86,4527.54,4540.27
16036.0,1.0,176.0,263.0,570.19,0.06,2817.7,4846.93,4495.14,4530.31
16131.0,3.0,188.0,239.0,816.7266666666666,0.15,1112.78,4693.98,4496.59,4516.33
17704.0,1.0,71.0,239.0,497.9,0.07,2461.05,4587.61,4503.55,4511.96
12615.0,3.0,166.0,168.0,552.15,0.2,752.43,4217.94,4543.46,4510.91
14700.0,2.0,206.0,238.0,756.875,0.11,1259.41,3843.48,4582.97,4509.02
15801.0,2.0,63.0,109.0,463.365,0.2,771.32,4289.81,4529.37,4505.41
16553.0,5.0,197.0,360.0,822.076,0.16,978.26,4522.04,4503.36,4505.23
16191.0,9.0,358.0,360.0,505.88,0.28,555.17,4404.7,4515.94,4504.82
14179.0,1.0,12.0,52.0,168.1,0.19,833.93,4465.67,4490.9,4488.38
13771.0,2.0,183.0,247.0,881.425,0.11,1466.53,4338.96,4504.07,4487.55
14844.0,3.0,178.0,241.0,771.7533333333332,0.15,1051.53,4404.89,4496.59,4487.42
15829.0,1.0,41.0,140.0,310.7,0.1,1537.47,4376.35,4497.82,4485.67
15719.0,12.0,305.0,337.0,384.3808333333333,0.39,411.82,4546.6,4475.55,4482.65
12502.0,4.0,214.0,309.0,776.655,0.15,970.29,4208.16,4504.27,4474.66
13266.0,11.0,245.0,256.0,321.0945454545454,0.46,346.28,4457.31,4472.97,4471.41
12384.0,1.0,93.0,121.0,292.58,0.11,1448.07,4585.69,4448.69,4462.39
12878.0,1.0,30.0,266.0,539.8100000000001,0.06,2667.82,4545.23,4452.42,4461.7
15933.0,2.0,65.0,86.0,347.825,0.23,579.18,3774.71,4533.24,4457.38
13523.0,3.0,333.0,366.0,1132.6433333333332,0.1,1543.05,4511.56,4436.47,4443.98
12437.0,14.0,330.0,331.0,325.6221428571429,0.46,345.36,4488.8,4436.52,4441.75
13924.0,5.0,71.0,72.0,231.964,0.56,276.19,4344.51,4450.24,4439.66
14004.0,6.0,245.0,288.0,613.77,0.24,708.01,4686.22,4411.33,4438.82
15757.0,1.0,152.0,217.0,453.06,0.07,2239.82,4522.04,4422.83,4432.75
13883.0,2.0,243.0,253.0,847.035,0.1,1409.34,4086.6,4466.52,4428.52
16265.0,7.0,355.0,364.0,658.027142857143,0.22,742.76,4617.98,4407.44,4428.5
17624.0,1.0,204.0,218.0,443.18,0.07,2191.08,4406.99,4422.83,4421.25
15416.0,3.0,218.0,282.0,869.6933333333333,0.13,1184.92,4346.71,4428.81,4420.6
16376.0,1.0,9.0,17.0,112.75999999999999,0.29,560.9,4624.54,4394.53,4417.53
14261.0,1.0,28.0,78.0,219.7,0.15,1088.51,4624.75,4386.39,4410.22
14050.0,1.0,75.0,106.0,260.38,0.12,1289.21,4480.63,4399.98,4408.04
12720.0,20.0,367.0,369.0,265.41700000000003,0.59,276.49,4609.77,4384.87,4407.36
12524.0,7.0,324.0,333.0,592.6185714285714,0.24,668.95,4497.57,4396.77,4406.85
16242.0,6.0,269.0,277.0,565.3083333333333,0.24,652.12,4462.45,4398.56,4404.95
14163.0,3.0,152.0,239.0,678.0133333333333,0.15,923.86,3897.06,4456.31,4400.38
16701.0,11.0,353.0,361.0,447.4127272727273,0.34,482.47,4615.44,4371.69,4396.07
18167.0,2.0,82.0,105.0,443.19,0.2,737.77,4210.6,4412.78,4392.56
14755.0,10.0,325.0,334.0,452.18199999999996,0.33,491.46,4599.32,4363.85,4387.4
17160.0,5.0,210.0,241.0,581.2239999999999,0.23,691.71,4514.73,4369.53,4384.05
17523.0,2.0,8.0,19.0,201.76500000000001,0.46,336.3,4388.2,4378.64,4379.59
16160.0,1.0,20.0,85.0,223.5,0.14,1107.26,4456.54,4370.46,4379.07
14688.0,19.0,366.0,373.0,272.9415789473684,0.56,284.95,4477.09,4358.29,4370.17
16398.0,1.0,99.0,253.0,535.85,0.06,2648.28,4706.91,4330.71,4368.33
12377.0,1.0,39.0,354.0,626.6,0.05,3096.01,4119.67,4394.99,4367.46
15093.0,5.0,354.0,372.0,794.658,0.16,945.64,4246.32,4371.83,4359.28
14285.0,3.0,155.0,176.0,634.7033333333334,0.19,864.87,4674.96,4314.39,4350.45
12727.0,5.0,310.0,320.0,693.24,0.18,824.98,4228.18,4363.75,4350.19
14626.0,3.0,210.0,233.0,734.79,0.15,1001.18,4313.47,4352.81,4348.87
17858.0,11.0,364.0,369.0,445.8554545454545,0.33,480.79,4511.11,4326.94,4345.36
14329.0,5.0,312.0,329.0,693.452,0.18,825.23,4128.46,4363.75,4340.22
16910.0,7.0,87.0,91.0,199.75428571428571,0.66,225.58,4159.94,4354.47,4335.02
16549.0,7.0,324.0,334.0,576.45,0.24,650.7,4363.44,4320.4,4324.7
17613.0,10.0,283.0,305.0,397.235,0.36,431.75,4372.63,4313.75,4319.64
14426.0,6.0,289.0,312.0,630.0833333333334,0.22,726.82,4489.9,4296.9,4316.2
13756.0,11.0,365.0,367.0,423.33818181818185,0.34,456.51,4303.98,4316.54,4315.28
16700.0,12.0,358.0,366.0,394.9675,0.36,423.16,4344.43,4306.07,4309.91
12434.0,1.0,176.0,260.0,519.89,0.06,2569.54,4463.12,4283.71,4301.65
15555.0,15.0,357.0,369.0,307.116,0.45,324.42,4095.09,4316.34,4294.22
14709.0,11.0,343.0,358.0,418.8127272727272,0.34,451.63,4352.4,4285.1,4291.83
17409.0,1.0,64.0,248.0,511.29999999999995,0.06,2527.16,4567.55,4244.53,4276.83
18235.0,2.0,146.0,217.0,683.01,0.12,1136.58,3743.63,4326.67,4268.37
13941.0,4.0,351.0,372.0,1004.4599999999999,0.13,1254.81,4625.51,4226.51,4266.41
17451.0,4.0,104.0,105.0,343.8475,0.36,429.74,4351.15,4253.13,4262.93
12952.0,2.0,73.0,78.0,328.125,0.25,546.42,3787.57,4298.81,4247.69
14390.0,7.0,362.0,372.0,632.7314285714285,0.22,714.21,4355.89,4233.16,4245.44
16624.0,1.0,117.0,197.0,384.14,0.08,1899.8,4148.84,4255.58,4244.91
17254.0,1.0,11.0,15.0,102.13,0.3,508.46,4325.53,4223.48,4233.69
16767.0,7.0,286.0,316.0,530.6542857142857,0.25,599.02,4215.58,4230.55,4229.05
14029.0,1.0,81.0,144.0,302.46000000000004,0.1,1496.82,4171.8,4232.0,4225.98
13933.0,1.0,39.0,148.0,307.8,0.1,1523.16,4158.53,4231.89,4224.56
16049.0,2.0,35.0,75.0,311.765,0.25,519.22,3686.88,4279.37,4220.12
13815.0,3.0,296.0,318.0,1005.1166666666667,0.12,1369.36,4529.02,4185.2,4219.59
15232.0,1.0,27.0,140.0,301.7,0.1,1493.07,4249.96,4216.21,4219.58
13882.0,4.0,62.0,64.0,249.5925,0.49,312.02,4317.22,4208.29,4219.18
15410.0,7.0,177.0,261.0,438.32,0.29,494.81,4102.36,4230.03,4217.26
16712.0,8.0,267.0,276.0,409.3325,0.32,454.77,4069.91,4230.19,4214.16
15714.0,1.0,66.0,77.0,198.4,0.15,983.42,4211.73,4213.25,4213.1
14493.0,4.0,148.0,155.0,443.005,0.27,553.58,4223.53,4201.77,4203.94
15738.0,14.0,354.0,372.0,320.1978571428571,0.42,339.6,3983.0,4224.04,4199.93
12571.0,1.0,82.0,121.0,271.26,0.11,1342.89,4252.59,4185.85,4192.53
17481.0,3.0,90.0,93.0,331.65333333333336,0.31,452.12,3884.0,4196.73,4165.46
16837.0,8.0,214.0,245.0,377.78,0.35,419.73,4153.9,4158.99,4158.48
16818.0,10.0,195.0,205.0,279.515,0.5,303.83,4294.05,4141.34,4156.61
12624.0,1.0,71.0,177.0,341.19,0.08,1687.9,4013.95,4170.31,4154.67
12484.0,5.0,304.0,336.0,680.61,0.17,809.95,3978.14,4172.21,4152.8
15291.0,14.0,348.0,373.0,309.9642857142857,0.42,328.75,3846.56,4184.18,4150.41
17758.0,5.0,231.0,250.0,574.582,0.22,683.81,4328.3,4127.74,4147.8
14235.0,3.0,185.0,260.0,764.85,0.14,1042.13,4096.08,4136.78,4132.71
12517.0,3.0,162.0,190.0,578.63,0.18,788.5,4011.28,4145.95,4132.48
16308.0,3.0,224.0,261.0,746.6666666666666,0.14,1017.36,3985.79,4136.78,4121.68
15791.0,1.0,161.0,204.0,389.45,0.08,1925.99,4089.15,4124.74,4121.18
14770.0,1.0,91.0,323.0,597.82,0.05,2954.02,4259.3,4105.46,4120.84
15051.0,2.0,127.0,150.0,506.93499999999995,0.16,843.77,3720.33,4163.96,4119.59
16367.0,1.0,325.0,362.0,633.58,0.05,3130.45,4084.19,4123.04,4119.16
16626.0,16.0,266.0,266.0,226.08437500000002,0.63,238.0,4246.21,4103.99,4118.21
13680.0,3.0,338.0,339.0,950.3133333333334,0.11,1294.72,4049.7,4117.39,4110.62
14159.0,10.0,343.0,362.0,449.979,0.31,489.07,4264.24,4090.43,4107.81
15301.0,9.0,318.0,368.0,488.5533333333333,0.28,536.15,4172.04,4098.52,4105.87
14019.0,2.0,92.0,138.0,518.6600000000001,0.17,863.27,4052.06,4110.0,4104.2
16859.0,1.0,117.0,261.0,487.97,0.06,2412.06,4176.02,4094.15,4102.33
14534.0,17.0,316.0,318.0,240.70176470588234,0.58,252.6,4099.29,4100.71,4100.57
16642.0,1.0,203.0,207.0,380.6,0.07,1882.33,3949.41,4116.23,4099.55
13631.0,6.0,168.0,267.0,498.40333333333336,0.25,574.96,4059.42,4100.59,4096.47
12701.0,1.0,163.0,242.0,460.63,0.07,2277.17,4200.92,4069.86,4082.97
13334.0,2.0,223.0,305.0,938.19,0.09,1560.93,3859.13,4106.4,4081.67
14808.0,5.0,133.0,172.0,412.31000000000006,0.3,490.75,4208.36,4066.94,4081.08
12669.0,2.0,106.0,256.0,803.865,0.1,1337.55,3840.14,4103.31,4077.0
17364.0,9.0,331.0,331.0,449.43888888888887,0.3,493.24,4212.92,4056.86,4072.47
15223.0,1.0,24.0,249.0,454.9,0.06,2248.9,4050.93,4067.09,4065.48
15573.0,1.0,54.0,85.0,196.75,0.14,975.28,3925.36,4077.88,4062.63
12500.0,9.0,310.0,333.0,434.76444444444445,0.3,477.14,4054.0,4056.86,4056.58
15298.0,10.0,364.0,366.0,440.23,0.31,478.47,4131.55,4045.77,4054.34
14817.0,1.0,77.0,277.0,529.55,0.06,2617.2,4308.01,4025.38,4053.64
14434.0,5.0,51.0,72.0,212.4,0.56,252.92,3978.38,4060.18,4052.0
17725.0,10.0,251.0,267.0,310.137,0.4,337.11,3826.16,4074.61,4049.77
17733.0,1.0,223.0,261.0,475.24,0.06,2349.25,4067.28,4045.1,4047.32
15054.0,1.0,28.0,40.0,133.68,0.22,664.11,4042.06,4034.28,4035.05
14146.0,3.0,349.0,357.0,983.1899999999999,0.11,1339.5,4003.48,4036.85,4033.52
13381.0,5.0,267.0,298.0,644.64,0.19,767.16,4181.95,4013.67,4030.5
17593.0,4.0,349.0,352.0,816.11,0.14,1019.57,3946.35,4038.21,4029.03
16717.0,5.0,343.0,366.0,710.226,0.16,845.19,3850.28,4042.58,4023.35
12508.0,1.0,3.0,29.0,123.08,0.25,611.82,4256.73,3997.15,4023.11
15136.0,2.0,94.0,96.0,351.9,0.22,585.96,3553.41,4074.36,4022.27
12704.0,6.0,162.0,169.0,335.2133333333333,0.36,386.76,3964.71,4028.08,4021.74
13368.0,1.0,81.0,337.0,588.0,0.05,2905.57,4037.05,4009.01,4011.82
14525.0,8.0,342.0,361.0,483.73749999999995,0.25,537.41,3809.62,4017.15,3996.39
12949.0,4.0,222.0,252.0,658.23,0.18,822.39,4244.68,3968.08,3995.74
16464.0,2.0,123.0,142.0,464.84000000000003,0.16,773.77,3555.45,4035.33,3987.35
13476.0,1.0,103.0,281.0,510.87,0.06,2525.04,4105.75,3968.58,3982.29
12408.0,3.0,228.0,260.0,683.6533333333333,0.14,931.54,3661.42,4010.2,3975.32
14421.0,1.0,154.0,211.0,357.93,0.07,1770.49,3657.34,4008.43,3973.32
14189.0,13.0,366.0,368.0,334.0646153846154,0.39,355.97,3926.04,3964.79,3960.92
17690.0,13.0,343.0,373.0,337.0115384615384,0.39,359.11,3913.61,3964.79,3959.67
12535.0,1.0,95.0,186.0,344.9,0.08,1706.2,3901.32,3958.38,3952.68
12670.0,4.0,222.0,232.0,590.75,0.2,738.11,4081.94,3934.09,3948.87
14868.0,6.0,230.0,233.0,419.0433333333333,0.28,483.44,3826.45,3960.47,3947.07
15065.0,3.0,254.0,291.0,794.8233333333333,0.13,1082.95,3867.13,3955.88,3947.01
17669.0,6.0,207.0,249.0,488.5366666666667,0.27,563.58,4220.36,3916.1,3946.52
17015.0,2.0,157.0,185.0,659.03,0.13,1096.7,4108.7,3926.36,3944.59
16930.0,1.0,42.0,68.0,173.44,0.16,860.28,3970.55,3940.61,3943.61
16945.0,12.0,337.0,358.0,338.8041666666667,0.37,363.0,3800.25,3953.4,3938.09
13362.0,3.0,278.0,287.0,759.3466666666667,0.13,1034.63,3738.72,3959.76,3937.66
15228.0,3.0,228.0,294.0,827.2866666666667,0.13,1127.16,3989.69,3930.96,3936.84
12458.0,1.0,213.0,284.0,505.48,0.06,2498.45,4025.79,3926.89,3936.78
17656.0,4.0,55.0,128.0,333.27750000000003,0.31,416.54,3665.88,3963.19,3933.46
15469.0,1.0,70.0,120.0,234.25,0.11,1160.29,3696.25,3931.06,3907.58
15800.0,1.0,139.0,246.0,454.58,0.06,2247.32,4089.42,3880.79,3901.66
16931.0,19.0,364.0,369.0,234.32473684210527,0.56,244.64,3880.65,3899.07,3897.23
16722.0,12.0,351.0,368.0,354.1775,0.36,379.47,3877.11,3897.83,3895.76
17975.0,12.0,351.0,366.0,347.8925,0.36,372.74,3826.73,3897.83,3890.72
12712.0,12.0,343.0,371.0,351.71666666666664,0.36,376.83,3822.61,3897.83,3890.3
13869.0,3.0,234.0,357.0,927.11,0.11,1263.12,3775.2,3890.9,3879.33
13253.0,1.0,183.0,339.0,553.92,0.05,2737.43,3783.77,3879.08,3869.55
15764.0,3.0,188.0,276.0,719.68,0.13,980.61,3663.86,3881.56,3859.79
13267.0,13.0,364.0,366.0,322.54153846153844,0.39,343.69,3808.97,3860.77,3855.59
12498.0,1.0,36.0,57.0,156.45,0.18,776.45,3959.62,3841.38,3853.21
13448.0,4.0,357.0,373.0,773.8525,0.13,966.79,3555.35,3884.86,3851.91
14135.0,13.0,371.0,372.0,323.4661538461539,0.39,344.68,3765.29,3860.77,3851.22
18064.0,1.0,102.0,235.0,406.0,0.07,2007.65,3795.35,3854.85,3848.9
13137.0,7.0,298.0,308.0,490.3542857142857,0.26,553.54,3983.09,3832.07,3847.17
13552.0,7.0,249.0,315.0,489.4814285714286,0.25,552.55,3899.3,3839.48,3845.46
15355.0,1.0,24.0,53.0,150.8,0.19,748.58,3968.87,3825.35,3839.7
17447.0,1.0,31.0,71.0,169.05,0.16,838.62,3772.89,3845.4,3838.14
12717.0,1.0,94.0,245.0,421.24,0.06,2082.84,3803.04,3840.63,3836.87
14842.0,3.0,265.0,308.0,838.23,0.12,1142.07,3883.41,3829.35,3834.76
15547.0,11.0,355.0,362.0,380.6790909090909,0.34,410.52,3917.58,3816.01,3826.17
14401.0,12.0,355.0,359.0,317.0083333333333,0.37,339.65,3547.09,3853.46,3822.82
15632.0,7.0,259.0,274.0,412.9542857142857,0.28,466.19,3708.91,3832.97,3820.57
12428.0,6.0,258.0,283.0,497.8733333333334,0.24,574.35,3859.0,3810.38,3815.24
16401.0,11.0,326.0,327.0,328.22,0.37,353.96,3693.23,3825.12,3811.93
16279.0,2.0,155.0,176.0,575.25,0.14,957.38,3730.95,3812.63,3804.46
15146.0,1.0,127.0,291.0,492.94,0.06,2436.58,3844.99,3799.95,3804.45
18265.0,1.0,86.0,158.0,312.96,0.09,1548.62,4022.65,3775.04,3799.8
17068.0,20.0,356.0,368.0,219.2995,0.59,228.45,3818.1,3791.12,3793.82
14002.0,1.0,22.0,156.0,304.94,0.09,1509.05,3958.32,3774.94,3793.27
13888.0,1.0,99.0,218.0,366.11,0.07,1810.84,3642.21,3807.43,3790.91
17642.0,1.0,57.0,176.0,316.99,0.08,1568.5,3746.68,3792.6,3788.0
18122.0,5.0,142.0,150.0,341.404,0.34,406.39,3872.46,3775.14,3784.88
16015.0,2.0,46.0,49.0,202.31,0.32,337.2,3037.17,3864.23,3781.52
12957.0,6.0,330.0,339.0,600.6433333333333,0.2,692.87,3981.43,3757.83,3780.19
13659.0,1.0,115.0,320.0,527.8,0.05,2608.57,3791.88,3774.94,3776.63
16938.0,3.0,300.0,308.0,822.9266666666667,0.12,1121.22,3812.54,3764.94,3769.7
13500.0,2.0,99.0,122.0,420.185,0.18,699.51,3592.7,3783.4,3764.33
16012.0,2.0,120.0,155.0,525.12,0.15,874.02,3758.68,3758.59,3758.6
17050.0,5.0,203.0,299.0,619.488,0.19,737.23,4007.24,3728.72,3756.57
14416.0,1.0,20.0,42.0,129.22,0.21,642.11,3821.15,3747.34,3754.72
15608.0,2.0,92.0,120.0,404.0,0.18,672.6,3495.62,3783.4,3754.63
14383.0,2.0,125.0,163.0,502.8,0.15,836.9,3462.51,3783.45,3751.35
13014.0,9.0,271.0,281.0,327.8777777777778,0.35,359.86,3541.04,3773.13,3749.92
15521.0,5.0,214.0,254.0,504.90200000000004,0.22,600.91,3753.17,3742.02,3743.14
15034.0,6.0,338.0,353.0,577.6183333333333,0.2,666.32,3695.13,3741.16,3736.55
17047.0,1.0,120.0,205.0,351.46999999999997,0.08,1738.61,3676.72,3742.77,3736.17
15492.0,1.0,46.0,74.0,171.72,0.16,851.79,3737.81,3734.26,3734.62
15971.0,10.0,294.0,311.0,343.78499999999997,0.35,373.67,3721.13,3735.62,3734.17
12552.0,1.0,1.0,39.0,120.0,0.22,596.62,3673.08,3738.24,3731.72
16633.0,5.0,217.0,234.0,487.116,0.24,579.75,3877.95,3711.96,3728.56
18188.0,2.0,275.0,290.0,787.22,0.09,1309.87,3382.22,3753.81,3716.65
16570.0,8.0,296.0,311.0,411.0425,0.29,456.67,3688.3,3719.31,3716.21
18189.0,1.0,190.0,267.0,457.14,0.06,2259.95,3838.12,3700.15,3713.95
14712.0,2.0,83.0,112.0,400.675,0.19,667.07,3640.39,3721.19,3713.11
15727.0,6.0,343.0,359.0,607.0183333333333,0.19,700.22,3825.89,3693.69,3706.91
17018.0,1.0,285.0,325.0,515.1,0.05,2545.91,3651.17,3707.98,3702.3
16140.0,1.0,306.0,371.0,601.04,0.05,2969.91,3791.48,3687.71,3698.09
12867.0,6.0,334.0,360.0,612.3383333333333,0.19,706.36,3849.95,3680.46,3697.41
14852.0,4.0,194.0,252.0,586.5725,0.18,732.89,3782.75,3683.13,3693.1
18210.0,5.0,266.0,267.0,495.796,0.21,590.08,3533.34,3707.22,3689.83
15955.0,9.0,348.0,372.0,427.09777777777776,0.27,468.73,3612.59,3689.48,3681.79
12468.0,1.0,129.0,316.0,508.95,0.05,2515.57,3696.89,3676.34,3678.4
14691.0,3.0,182.0,212.0,558.2433333333333,0.17,760.73,3542.39,3693.46,3678.36
14698.0,4.0,50.0,51.0,188.18,0.56,235.32,3684.12,3677.29,3677.97
13285.0,3.0,267.0,290.0,680.7433333333333,0.13,927.57,3322.11,3714.84,3675.57
12347.0,6.0,365.0,367.0,599.7016666666667,0.19,691.78,3706.9,3671.33,3674.89
13808.0,4.0,91.0,96.0,293.54999999999995,0.38,366.92,3947.53,3642.22,3672.75
13049.0,1.0,254.0,318.0,502.9,0.05,2485.72,3633.06,3676.45,3672.11
17769.0,9.0,308.0,320.0,402.40777777777777,0.31,441.64,3884.97,3648.06,3671.75
17567.0,7.0,365.0,372.0,544.79,0.22,614.97,3750.6,3659.23,3668.37
17091.0,6.0,365.0,367.0,589.0516666666666,0.19,679.5,3641.08,3671.33,3668.31
15808.0,3.0,63.0,369.0,904.5066666666667,0.1,1232.33,3577.16,3677.01,3667.03
13735.0,3.0,210.0,234.0,650.03,0.15,885.74,3802.57,3646.48,3662.09
12779.0,7.0,334.0,371.0,533.3142857142857,0.22,602.02,3680.38,3659.23,3661.34
14291.0,6.0,274.0,275.0,483.06166666666667,0.24,557.27,3837.01,3641.2,3660.78
15651.0,1.0,224.0,260.0,418.98,0.06,2071.69,3598.38,3662.33,3655.94
13548.0,1.0,147.0,243.0,401.4,0.07,1984.95,3649.24,3654.93,3654.36
13046.0,1.0,236.0,266.0,431.59000000000003,0.06,2133.9,3635.58,3651.71,3650.1
12556.0,1.0,101.0,151.0,290.81,0.1,1439.34,3870.39,3617.49,3642.78
13486.0,2.0,77.0,155.0,460.125,0.15,765.93,3293.88,3680.41,3641.75
13520.0,5.0,313.0,371.0,664.1899999999999,0.16,790.42,3557.79,3627.33,3620.38
16066.0,4.0,108.0,124.0,301.3725,0.32,376.69,3392.35,3641.01,3616.14
15129.0,9.0,241.0,291.0,343.55555555555554,0.34,377.06,3600.81,3615.49,3614.02
13507.0,3.0,142.0,145.0,412.26,0.22,561.91,3525.56,3622.74,3613.02
15299.0,3.0,305.0,372.0,890.6666666666666,0.1,1213.48,3497.28,3623.87,3611.21
18145.0,3.0,300.0,312.0,750.8466666666667,0.12,1023.05,3440.06,3629.66,3610.7
16019.0,8.0,318.0,364.0,445.8925,0.25,495.38,3486.06,3608.11,3595.91
15797.0,3.0,206.0,319.0,730.8000000000001,0.12,995.75,3284.36,3628.9,3594.45
16358.0,3.0,183.0,184.0,521.7833333333333,0.19,711.08,3711.02,3581.47,3594.42
14299.0,8.0,357.0,365.0,442.0475,0.25,491.11,3447.64,3608.11,3592.07
15981.0,7.0,287.0,311.0,448.3542857142857,0.25,506.14,3611.57,3588.58,3590.88
12910.0,5.0,218.0,241.0,470.96399999999994,0.23,560.53,3658.55,3582.57,3590.17
14193.0,1.0,202.0,269.0,430.85,0.06,2130.25,3595.0,3589.16,3589.74
18272.0,5.0,244.0,246.0,487.75200000000007,0.23,580.51,3724.44,3569.22,3584.74
18259.0,2.0,342.0,366.0,981.1500000000001,0.07,1632.37,3440.9,3598.62,3582.85
13654.0,4.0,230.0,273.0,598.6,0.17,747.91,3607.63,3578.62,3581.52
12480.0,3.0,308.0,336.0,821.7933333333334,0.11,1119.68,3529.57,3584.75,3579.23
17163.0,1.0,57.0,78.0,170.0,0.15,843.3,3582.96,3574.27,3575.14
17490.0,5.0,176.0,176.0,357.42400000000004,0.3,425.45,3583.21,3572.76,3573.81
14465.0,1.0,56.0,302.0,461.32,0.05,2280.58,3485.67,3582.88,3573.16
13437.0,6.0,176.0,190.0,327.86,0.33,378.28,3535.41,3573.47,3569.66
14265.0,1.0,39.0,148.0,278.13,0.1,1376.78,3758.88,3535.6,3557.93
16369.0,2.0,178.0,196.0,599.605,0.13,997.88,3569.84,3556.15,3557.52
18180.0,5.0,138.0,142.0,308.62,0.35,367.39,3648.32,3546.2,3556.41
15845.0,7.0,320.0,337.0,486.91571428571433,0.24,549.65,3657.13,3544.89,3556.11
13148.0,6.0,335.0,364.0,566.2866666666667,0.19,653.25,3525.9,3553.82,3551.03
14227.0,5.0,258.0,284.0,522.852,0.2,622.27,3535.21,3549.85,3548.39
12916.0,3.0,182.0,320.0,719.4333333333334,0.12,980.27,3224.51,3580.52,3544.92
17159.0,2.0,150.0,171.0,505.21500000000003,0.14,840.91,3351.95,3564.64,3543.37
13069.0,19.0,369.0,369.0,215.98,0.56,225.49,3576.91,3534.82,3539.03
14092.0,11.0,351.0,358.0,347.84181818181816,0.34,375.12,3615.0,3528.22,3536.9
14085.0,15.0,366.0,368.0,276.03266666666667,0.45,291.59,3689.56,3519.82,3536.79
17653.0,3.0,84.0,120.0,348.1066666666666,0.26,474.53,3420.79,3549.51,3536.64
15491.0,4.0,140.0,235.0,519.41,0.19,649.01,3551.13,3525.55,3528.11
13183.0,8.0,327.0,334.0,416.5925,0.27,462.84,3512.94,3529.64,3527.97
12375.0,1.0,88.0,98.0,227.2,0.13,1125.51,4126.25,3454.44,3521.62
14262.0,7.0,232.0,240.0,339.7471428571429,0.32,383.57,3412.06,3529.36,3517.63
18080.0,1.0,224.0,242.0,390.0,0.07,1928.71,3558.07,3512.6,3517.15
16603.0,1.0,17.0,91.0,185.85,0.14,921.5,3548.65,3509.91,3513.78
17419.0,10.0,356.0,367.0,385.23,0.31,418.71,3606.77,3500.49,3511.12
18248.0,1.0,64.0,186.0,307.56,0.08,1521.98,3480.09,3510.5,3507.45
16670.0,9.0,342.0,358.0,410.25444444444446,0.28,450.24,3589.86,3495.06,3504.54
17001.0,10.0,358.0,358.0,359.161,0.31,390.38,3437.32,3511.59,3504.16
16871.0,4.0,248.0,270.0,569.3299999999999,0.17,711.35,3463.68,3505.32,3501.16
12747.0,10.0,367.0,369.0,383.745,0.3,417.09,3575.63,3490.09,3498.64
15529.0,10.0,344.0,366.0,369.957,0.31,402.11,3472.18,3500.49,3497.66
16495.0,1.0,273.0,276.0,437.9,0.06,2165.03,3574.72,3486.22,3495.07
16804.0,1.0,247.0,270.0,418.94,0.06,2071.49,3484.84,3495.27,3494.22
17637.0,1.0,84.0,115.0,208.11,0.12,1031.33,3386.28,3504.89,3493.03
16322.0,1.0,35.0,36.0,113.67,0.23,565.39,3605.35,3479.57,3492.14
16330.0,1.0,95.0,112.0,202.95,0.12,1005.87,3364.67,3504.89,3490.87
12991.0,1.0,89.0,112.0,200.2,0.12,992.3,3319.29,3504.89,3486.33
16497.0,4.0,284.0,333.0,671.5975,0.14,839.08,3409.77,3492.12,3483.88
15861.0,5.0,255.0,267.0,488.576,0.21,581.49,3481.9,3477.71,3478.13
12853.0,2.0,181.0,315.0,764.8499999999999,0.09,1272.67,3059.75,3520.34,3474.28
14040.0,10.0,291.0,331.0,332.522,0.34,361.43,3409.25,3479.73,3472.68
15365.0,3.0,290.0,315.0,701.9033333333333,0.12,956.39,3189.32,3503.07,3471.7
14451.0,1.0,134.0,194.0,302.59,0.08,1497.46,3310.76,3483.99,3466.66
16674.0,1.0,44.0,98.0,197.41,0.13,978.54,3587.43,3447.89,3461.85
16327.0,5.0,355.0,369.0,661.7239999999999,0.16,787.48,3561.59,3446.21,3457.75
18094.0,4.0,210.0,291.0,628.145,0.16,784.81,3584.53,3443.19,3457.33
14112.0,4.0,253.0,275.0,574.5125,0.17,717.83,3441.07,3453.72,3452.45
14800.0,11.0,322.0,369.0,343.9909090909091,0.33,370.96,3480.66,3447.75,3451.04
18160.0,1.0,143.0,200.0,319.51,0.08,1580.93,3410.71,3449.89,3445.98
16924.0,2.0,63.0,84.0,287.82000000000005,0.24,479.4,3171.78,3472.64,3442.55
13860.0,3.0,85.0,86.0,280.00666666666666,0.32,381.78,3451.24,3438.13,3439.44
14672.0,1.0,102.0,336.0,480.27,0.05,2374.07,3307.16,3450.44,3436.11
14397.0,18.0,211.0,213.0,135.97333333333333,0.85,142.33,3423.7,3435.43,3434.26
13601.0,1.0,166.0,211.0,320.12,0.07,1583.94,3271.99,3449.89,3432.1
18156.0,1.0,357.0,369.0,528.71,0.05,2613.05,3351.91,3439.57,3430.8
16186.0,9.0,350.0,372.0,411.0288888888889,0.27,451.09,3476.71,3425.08,3430.25
14912.0,1.0,230.0,246.0,385.06,0.06,1904.34,3465.29,3424.72,3428.78
16341.0,2.0,177.0,201.0,587.11,0.12,977.1,3425.28,3425.3,3425.3
18246.0,1.0,210.0,233.0,363.2,0.07,1796.49,3420.35,3424.91,3424.45
16474.0,5.0,138.0,145.0,303.18600000000004,0.35,360.93,3528.37,3408.84,3420.8
16309.0,1.0,134.0,240.0,372.37,0.07,1841.73,3421.22,3420.57,3420.63
13989.0,1.0,174.0,239.0,369.40999999999997,0.07,1827.12,3405.92,3420.57,3419.1
17029.0,1.0,126.0,236.0,358.0,0.07,1770.83,3335.87,3424.91,3416.01
14828.0,2.0,140.0,336.0,778.88,0.08,1296.0,2945.38,3467.11,3414.94
13901.0,4.0,246.0,318.0,663.2,0.15,828.59,3505.2,3398.18,3408.88
13294.0,1.0,60.0,249.0,390.09000000000003,0.06,1929.15,3474.97,3395.58,3403.52
14711.0,10.0,252.0,262.0,266.82800000000003,0.41,290.05,3345.13,3408.94,3402.56
13727.0,1.0,5.0,33.0,110.4,0.24,549.26,3632.42,3376.82,3402.38
12840.0,3.0,83.0,226.0,624.2333333333332,0.16,850.61,3758.41,3361.53,3401.22
17611.0,13.0,354.0,361.0,287.6946153846154,0.4,306.57,3439.09,3395.15,3399.55
14001.0,2.0,328.0,373.0,870.9200000000001,0.07,1449.06,3003.7,3441.73,3397.93
14180.0,23.0,362.0,372.0,197.68565217391307,0.67,204.83,3884.78,3343.35,3397.49
12429.0,3.0,356.0,365.0,822.9666666666667,0.1,1121.28,3286.33,3409.44,3397.13
16616.0,1.0,142.0,157.0,290.32,0.09,1436.92,3750.72,3349.43,3389.56
12628.0,2.0,60.0,64.0,226.41,0.28,377.28,2942.44,3438.56,3388.95
12465.0,1.0,152.0,169.0,301.25,0.09,1490.85,3676.14,3356.82,3388.75
12616.0,1.0,202.0,297.0,457.7,0.06,2262.72,3508.51,3367.55,3381.64
12417.0,8.0,354.0,357.0,419.72,0.25,466.31,3338.23,3386.02,3381.25
17940.0,8.0,253.0,302.0,382.625,0.29,425.11,3521.71,3360.87,3376.96
14903.0,4.0,257.0,278.0,569.3625000000001,0.17,711.4,3378.84,3373.69,3374.21
17589.0,3.0,180.0,240.0,604.4666666666667,0.15,823.69,3462.45,3358.21,3368.64
13999.0,11.0,351.0,361.0,327.24636363636364,0.34,352.91,3376.06,3367.68,3368.52
13493.0,1.0,12.0,287.0,439.28,0.06,2171.84,3468.17,3355.35,3366.63
15568.0,2.0,71.0,73.0,264.99,0.26,441.43,3186.42,3386.42,3366.42
13115.0,3.0,173.0,184.0,472.07666666666665,0.19,643.38,3357.71,3362.66,3362.17
16629.0,1.0,23.0,96.0,180.95,0.13,897.33,3335.45,3362.57,3359.86
15429.0,1.0,49.0,75.0,154.29000000000002,0.15,765.8,3333.1,3362.56,3359.61
17101.0,3.0,168.0,178.0,463.7166666666667,0.19,631.99,3385.91,3356.42,3359.36
16968.0,1.0,103.0,107.0,186.12,0.12,922.84,3186.59,3376.85,3357.83
17920.0,16.0,369.0,373.0,230.605625,0.47,242.76,3229.95,3370.3,3356.27
15211.0,1.0,305.0,365.0,511.34000000000003,0.05,2527.36,3273.4,3361.99,3353.13
15366.0,1.0,283.0,358.0,496.96999999999997,0.05,2456.46,3236.45,3363.28,3350.59
14081.0,1.0,67.0,369.0,511.0,0.05,2525.68,3239.83,3362.23,3349.99
16655.0,5.0,314.0,331.0,596.454,0.18,709.83,3532.4,3327.06,3347.59
15599.0,1.0,178.0,204.0,312.91,0.08,1548.37,3287.41,3353.14,3346.56
13082.0,6.0,212.0,338.0,539.0316666666666,0.2,621.82,3582.4,3319.73,3345.99
16560.0,1.0,332.0,358.0,509.23,0.05,2516.95,3316.14,3349.27,3345.96
13736.0,1.0,255.0,260.0,374.37,0.06,1851.6,3216.1,3353.48,3339.74
14009.0,1.0,7.0,205.0,314.7,0.08,1557.2,3293.08,3343.49,3338.45
15674.0,4.0,181.0,254.0,522.87,0.18,653.33,3349.76,3331.11,3332.98
17073.0,3.0,92.0,109.0,330.76666666666665,0.27,450.92,3478.5,3315.09,3331.43
16076.0,8.0,205.0,208.0,241.16,0.4,267.98,3035.68,3361.8,3329.19
17377.0,19.0,350.0,373.0,204.0536842105263,0.56,213.04,3347.32,3325.86,3328.01
15570.0,11.0,362.0,369.0,331.62454545454545,0.33,357.63,3355.56,3322.93,3326.19
15636.0,1.0,193.0,282.0,418.06,0.06,2067.15,3351.02,3319.69,3322.82
13159.0,3.0,107.0,115.0,326.84666666666664,0.26,445.58,3310.67,3315.09,3314.65
17997.0,7.0,90.0,164.0,235.44857142857146,0.43,265.86,3213.41,3322.68,3311.75
18001.0,1.0,74.0,86.0,165.0,0.14,818.64,3270.27,3313.24,3308.94
17633.0,3.0,89.0,120.0,330.65000000000003,0.26,450.76,3249.4,3315.09,3308.52
17644.0,7.0,259.0,260.0,350.45285714285717,0.3,395.65,3290.89,3302.53,3301.37
17549.0,1.0,28.0,51.0,120.66,0.19,599.88,3244.82,3303.78,3297.89
14221.0,6.0,297.0,339.0,519.975,0.2,599.84,3446.85,3275.04,3292.22
12735.0,1.0,22.0,337.0,459.8,0.05,2273.08,3158.25,3306.46,3291.64
15306.0,2.0,84.0,148.0,414.865,0.16,690.67,3076.36,3314.95,3291.09
15974.0,6.0,249.0,288.0,445.48499999999996,0.24,513.93,3401.66,3275.79,3288.38
14546.0,4.0,243.0,248.0,504.2,0.19,630.01,3295.71,3284.19,3285.35
14305.0,2.0,64.0,135.0,407.38,0.17,678.22,3235.69,3289.37,3284.0
15581.0,11.0,246.0,366.0,309.7845454545455,0.34,334.08,3157.35,3294.89,3281.13
12545.0,1.0,184.0,259.0,372.24,0.06,1841.09,3208.26,3289.22,3281.12
12560.0,2.0,138.0,143.0,420.85,0.16,700.62,3202.45,3289.37,3280.68
13517.0,2.0,120.0,179.0,513.28,0.14,854.33,3285.32,3275.61,3276.58
14639.0,3.0,309.0,361.0,769.3166666666666,0.11,1048.21,3102.23,3294.99,3275.71
18041.0,19.0,361.0,372.0,197.60263157894735,0.56,206.31,3249.24,3274.97,3272.4
16145.0,10.0,351.0,359.0,349.671,0.31,380.07,3338.3,3260.76,3268.51
13268.0,9.0,250.0,267.0,284.56888888888886,0.37,312.34,3210.11,3273.92,3267.54
16546.0,1.0,82.0,372.0,487.75,0.05,2410.97,3070.59,3286.51,3264.91
13329.0,1.0,335.0,366.0,484.8,0.05,2396.42,3096.31,3272.6,3254.97
12462.0,1.0,285.0,303.0,427.48,0.05,2113.62,3221.28,3246.47,3243.95
17576.0,17.0,357.0,365.0,206.0605882352941,0.51,216.26,3109.94,3256.53,3241.87
13953.0,6.0,345.0,352.0,502.6133333333333,0.2,579.82,3223.48,3232.39,3231.49
17700.0,3.0,265.0,281.0,644.01,0.13,877.54,3228.94,3229.09,3229.08
13429.0,3.0,65.0,75.0,225.4,0.35,307.41,3027.74,3249.91,3227.69
16460.0,2.0,53.0,81.0,277.94,0.24,462.97,3134.39,3229.27,3219.78
16678.0,11.0,280.0,282.0,254.34636363636363,0.42,274.31,3252.66,3210.45,3214.67
15867.0,14.0,364.0,369.0,264.26714285714286,0.42,280.3,3311.07,3196.29,3207.77
13451.0,4.0,308.0,334.0,643.665,0.14,804.2,3259.45,3201.98,3207.73
13034.0,1.0,315.0,369.0,476.90999999999997,0.05,2357.49,3024.09,3223.45,3203.52
14754.0,1.0,251.0,295.0,409.78000000000003,0.06,2026.3,3160.25,3203.44,3199.12
14739.0,6.0,363.0,367.0,531.4,0.19,613.02,3284.82,3188.55,3198.17
12596.0,1.0,191.0,242.0,348.32,0.07,1723.07,3178.72,3196.92,3195.1
13993.0,8.0,288.0,330.0,392.90125,0.27,436.52,3348.29,3175.93,3193.17
12662.0,9.0,373.0,373.0,398.70000000000005,0.27,437.57,3364.44,3173.38,3192.49
14461.0,2.0,113.0,261.0,663.415,0.1,1103.99,3118.27,3198.14,3190.15
14841.0,5.0,305.0,358.0,580.12,0.17,690.4,3207.13,3186.74,3188.78
17819.0,6.0,300.0,371.0,518.9,0.19,598.6,3176.94,3188.55,3187.39
13198.0,5.0,351.0,361.0,603.338,0.16,718.02,3310.97,3173.52,3187.26
12594.0,8.0,285.0,322.0,374.65250000000003,0.28,416.25,3261.88,3175.93,3184.53
12647.0,10.0,347.0,369.0,335.082,0.3,364.21,3122.31,3190.79,3183.94
16209.0,4.0,158.0,246.0,489.1675,0.19,611.24,3219.26,3173.94,3178.47
14408.0,6.0,254.0,264.0,375.955,0.25,433.75,3091.87,3187.68,3178.1
17924.0,4.0,362.0,373.0,670.875,0.13,838.18,3082.37,3185.23,3174.94
13318.0,2.0,36.0,37.0,168.9,0.37,281.64,2895.49,3196.36,3166.27
13525.0,1.0,234.0,248.0,345.9,0.06,1711.13,3092.67,3167.89,3160.37
16628.0,4.0,205.0,234.0,456.85,0.2,570.87,3134.69,3160.21,3157.65
16933.0,1.0,238.0,239.0,338.5,0.07,1674.63,3121.65,3158.95,3155.22
16556.0,6.0,294.0,360.0,500.49,0.19,577.37,3146.9,3155.02,3154.21
15045.0,1.0,106.0,257.0,346.76,0.06,1715.38,3008.81,3167.79,3151.89
13317.0,3.0,292.0,358.0,678.5433333333334,0.11,924.58,2756.56,3195.67,3151.76
14907.0,5.0,364.0,367.0,576.606,0.16,686.22,3118.55,3147.72,3144.8
17317.0,2.0,43.0,89.0,286.2,0.23,476.71,3038.73,3154.77,3143.17
14628.0,1.0,151.0,242.0,340.38,0.07,1683.9,3106.45,3144.51,3140.71
15708.0,6.0,329.0,369.0,502.26,0.19,579.41,3089.85,3145.89,3140.29
17502.0,3.0,20.0,29.0,154.16666666666666,0.56,210.39,3312.45,3119.82,3139.08
15258.0,1.0,49.0,217.0,307.5,0.07,1521.68,3072.17,3142.3,3135.29
15707.0,3.0,51.0,86.0,259.59999999999997,0.32,353.99,3199.99,3128.02,3135.22
16458.0,17.0,358.0,360.0,193.46117647058824,0.52,203.04,2955.63,3151.34,3131.77
15399.0,2.0,78.0,79.0,255.3,0.24,425.32,2924.9,3153.46,3130.6
14257.0,4.0,254.0,318.0,619.895,0.15,774.51,3276.41,3113.23,3129.54
17453.0,1.0,47.0,64.0,144.72,0.17,718.58,3435.17,3090.99,3125.41
15500.0,3.0,73.0,81.0,241.84666666666666,0.33,329.81,3097.1,3128.02,3124.93
15612.0,1.0,25.0,61.0,125.5,0.17,623.76,3064.04,3131.14,3124.43
15671.0,6.0,252.0,270.0,383.49,0.25,442.44,3094.28,3121.62,3118.88
12908.0,1.0,136.0,312.0,432.0,0.05,2135.92,3173.85,3112.77,3118.88
18030.0,1.0,38.0,42.0,109.55,0.21,545.07,3243.64,3097.4,3112.02
15572.0,4.0,274.0,278.0,526.7375,0.17,658.16,3125.99,3107.88,3109.69
13632.0,4.0,219.0,243.0,464.9225,0.19,580.96,3091.34,3105.34,3103.94
15244.0,1.0,183.0,248.0,333.63,0.06,1650.6,2983.26,3115.48,3102.26
12841.0,23.0,367.0,371.0,162.09130434782608,0.68,167.95,3193.06,3090.96,3101.17
15443.0,6.0,319.0,320.0,466.5333333333333,0.21,538.21,3252.44,3083.56,3100.44
13929.0,1.0,157.0,326.0,429.8,0.05,2125.07,3039.48,3102.62,3096.3
13461.0,2.0,125.0,163.0,434.29999999999995,0.15,722.99,2991.23,3107.36,3095.75
12970.0,1.0,315.0,322.0,428.44,0.05,2118.36,3062.65,3098.87,3095.25
13588.0,8.0,240.0,255.0,295.70625,0.34,328.57,3144.36,3089.42,3094.92
15071.0,1.0,182.0,275.0,393.4,0.06,1945.48,3222.17,3078.58,3092.94
13695.0,13.0,228.0,259.0,186.23,0.53,198.47,2966.58,3106.38,3092.4
16156.0,8.0,302.0,310.0,352.275,0.29,391.4,3169.96,3074.09,3083.68
15506.0,2.0,116.0,138.0,384.95500000000004,0.17,640.93,3008.42,3084.83,3077.19
15030.0,1.0,197.0,268.0,365.52,0.06,1807.93,3060.72,3078.67,3076.87
13426.0,9.0,359.0,359.0,367.1488888888889,0.28,402.95,3204.87,3061.68,3076.0
14854.0,6.0,196.0,274.0,382.925,0.25,441.79,3051.32,3076.4,3073.89
13894.0,1.0,287.0,310.0,403.77,0.05,1996.64,2983.48,3079.84,3070.21
18287.0,2.0,159.0,201.0,536.0,0.12,892.11,3127.33,3062.39,3068.88
15089.0,5.0,118.0,128.0,239.856,0.38,285.58,3061.69,3068.99,3068.26
16157.0,2.0,57.0,72.0,244.185,0.26,406.84,2961.19,3076.31,3064.79
16383.0,1.0,194.0,268.0,358.9,0.06,1775.27,3005.43,3068.84,3062.49
16173.0,5.0,83.0,98.0,197.788,0.46,235.53,3044.49,3063.36,3061.47
15485.0,2.0,343.0,373.0,812.4549999999999,0.07,1351.84,2802.17,3087.81,3059.25
15287.0,1.0,48.0,70.0,145.71,0.16,723.47,3282.45,3029.21,3054.53
16709.0,3.0,197.0,281.0,636.4466666666666,0.13,867.24,3191.04,3035.29,3050.87
14669.0,1.0,91.0,332.0,427.54,0.05,2113.92,2975.77,3056.12,3048.09
14395.0,8.0,370.0,372.0,399.87874999999997,0.25,444.27,3066.84,3043.54,3045.87
15544.0,8.0,363.0,372.0,399.02125,0.25,443.32,3060.27,3043.54,3045.21
16905.0,5.0,366.0,371.0,569.606,0.16,677.89,3051.28,3037.75,3039.1
16081.0,4.0,310.0,366.0,662.3249999999999,0.13,827.5,3094.58,3026.34,3033.16
12643.0,4.0,204.0,332.0,618.36,0.14,772.59,3147.84,3017.45,3030.49
13196.0,2.0,251.0,262.0,642.8249999999999,0.1,1069.75,3011.81,3030.64,3028.76
16168.0,24.0,359.0,369.0,146.325,0.71,151.39,3014.65,3020.19,3019.64
12553.0,9.0,321.0,329.0,332.4411111111111,0.31,364.87,3133.01,3004.21,3017.09
12849.0,1.0,237.0,268.0,346.39,0.06,1713.55,2900.94,3021.1,3009.09
17504.0,5.0,116.0,322.0,511.17600000000004,0.18,608.37,3101.18,2983.62,2995.38
12684.0,6.0,206.0,213.0,299.0883333333333,0.3,345.1,2940.92,2999.75,2993.87
13971.0,7.0,267.0,285.0,346.3971428571428,0.27,391.07,3008.51,2988.9,2990.86
17702.0,3.0,176.0,206.0,461.5233333333333,0.17,629.0,2998.21,2988.15,2989.15
15297.0,2.0,53.0,63.0,205.74,0.28,342.91,2698.49,3021.41,2989.12
13450.0,5.0,192.0,218.0,360.62399999999997,0.25,429.26,3044.13,2982.94,2989.06
12674.0,3.0,169.0,207.0,461.2866666666667,0.17,628.68,2984.91,2988.15,2987.82
14515.0,4.0,201.0,218.0,419.1725,0.21,523.82,3049.4,2974.6,2982.08
17863.0,5.0,310.0,369.0,555.0559999999999,0.16,660.58,2987.63,2979.0,2979.86
14178.0,6.0,174.0,182.0,237.26,0.34,273.8,2647.97,3004.7,2969.03
13908.0,3.0,197.0,276.0,624.5166666666668,0.13,851.0,3179.59,2944.14,2967.69
12642.0,2.0,82.0,107.0,323.405,0.2,538.58,3034.05,2958.29,2965.87
13516.0,2.0,217.0,238.0,621.705,0.11,1034.63,3157.49,2943.06,2964.5
14859.0,2.0,192.0,204.0,528.44,0.12,879.54,3046.53,2953.97,2963.23
16723.0,1.0,16.0,107.0,165.0,0.12,818.64,2826.79,2977.27,2962.22
14645.0,1.0,119.0,275.0,356.99,0.06,1765.85,2924.66,2965.79,2961.68
15990.0,1.0,243.0,287.0,390.74,0.06,1932.36,3085.75,2947.82,2961.61
15648.0,1.0,63.0,267.0,340.5,0.06,1684.49,2860.8,2972.27,2961.13
17491.0,9.0,366.0,367.0,359.0522222222222,0.28,394.07,3073.78,2943.24,2956.29
15296.0,5.0,276.0,326.0,494.70599999999996,0.18,588.78,2969.18,2951.58,2953.34
13320.0,2.0,135.0,213.0,520.045,0.12,865.58,2894.74,2953.97,2948.05
12904.0,1.0,154.0,172.0,264.89,0.09,1311.46,3189.68,2920.07,2947.03
17937.0,6.0,354.0,362.0,484.60999999999996,0.19,559.05,3032.22,2935.47,2945.15
17837.0,7.0,121.0,163.0,210.51142857142855,0.43,237.72,2886.89,2947.86,2941.76
13327.0,6.0,327.0,365.0,480.46166666666664,0.19,554.27,2984.42,2935.47,2940.37
18005.0,1.0,44.0,47.0,109.75,0.2,546.05,3078.23,2923.86,2939.3
15722.0,3.0,255.0,290.0,632.8366666666667,0.13,862.33,3088.42,2916.95,2934.1
16313.0,1.0,46.0,49.0,106.53,0.2,530.17,2926.96,2923.86,2924.17
12577.0,1.0,324.0,359.0,461.91,0.05,2283.49,3001.15,2906.78,2916.22
12598.0,6.0,275.0,284.0,383.7033333333333,0.24,442.68,2965.39,2907.17,2913.0
14482.0,5.0,221.0,239.0,366.01000000000005,0.23,435.67,2863.39,2917.48,2912.07
18097.0,4.0,347.0,354.0,628.8199999999999,0.14,785.65,3025.82,2899.17,2911.84
13870.0,5.0,285.0,287.0,445.38199999999995,0.2,530.1,2984.61,2903.66,2911.76
13842.0,8.0,308.0,366.0,384.38125,0.25,427.06,2990.76,2901.21,2910.16
16667.0,1.0,216.0,284.0,366.78,0.06,1814.15,2923.17,2903.09,2905.1
13758.0,6.0,362.0,373.0,471.34999999999997,0.19,543.76,2872.19,2908.49,2904.86
14511.0,4.0,122.0,133.0,294.1625,0.3,367.68,3146.48,2873.71,2900.99
16836.0,1.0,77.0,116.0,160.55,0.12,796.68,2599.88,2930.44,2897.39
17469.0,4.0,188.0,204.0,391.40250000000003,0.22,489.13,3005.77,2884.98,2897.06
17685.0,6.0,356.0,372.0,456.5016666666666,0.19,526.64,2788.37,2908.49,2896.48
12610.0,4.0,104.0,126.0,288.1975,0.32,360.23,3206.84,2858.49,2893.32
14388.0,7.0,362.0,372.0,414.2914285714286,0.22,467.7,2852.41,2896.84,2892.4
12522.0,1.0,12.0,51.0,103.32000000000001,0.19,514.33,2782.08,2904.46,2892.22
13047.0,7.0,342.0,373.0,410.13,0.22,463.0,2817.05,2896.84,2888.86
15353.0,1.0,113.0,367.0,465.37,0.05,2300.56,2965.28,2877.94,2886.68
16244.0,1.0,161.0,372.0,466.12,0.05,2304.26,2934.68,2877.94,2883.62
13492.0,2.0,78.0,214.0,477.27,0.12,794.44,2646.7,2907.87,2881.75
14128.0,1.0,195.0,255.0,331.96,0.06,1642.36,2899.76,2875.01,2877.49
15494.0,1.0,100.0,121.0,171.85,0.11,852.43,2699.44,2896.06,2876.4
13919.0,1.0,62.0,121.0,171.66,0.11,851.49,2696.47,2896.06,2876.1
16584.0,1.0,174.0,254.0,324.14,0.06,1603.78,2841.02,2875.17,2871.76
14660.0,1.0,14.0,100.0,156.79,0.13,778.13,2814.13,2869.43,2863.9
14543.0,14.0,336.0,364.0,241.13785714285714,0.42,255.77,3058.03,2839.51,2861.37
14116.0,4.0,102.0,121.0,265.6925,0.33,332.13,3044.17,2837.73,2858.37
13562.0,2.0,164.0,245.0,598.03,0.11,995.26,2964.74,2840.74,2853.14
15245.0,2.0,127.0,261.0,632.1800000000001,0.1,1052.05,2971.56,2836.84,2850.31
13013.0,11.0,370.0,371.0,298.41818181818184,0.33,321.83,3005.23,2831.98,2849.3
16904.0,14.0,363.0,367.0,243.96928571428572,0.42,258.77,3071.55,2824.25,2848.98
15822.0,1.0,356.0,359.0,445.27,0.05,2201.39,2893.26,2840.89,2846.13
18218.0,1.0,70.0,281.0,352.7,0.06,1744.68,2836.88,2845.42,2844.56
14905.0,1.0,76.0,233.0,307.6,0.07,1522.18,2898.09,2835.8,2842.03
14152.0,1.0,159.0,234.0,306.78,0.07,1518.13,2880.13,2835.9,2840.32
13557.0,1.0,252.0,280.0,343.38,0.06,1698.7,2770.54,2845.52,2838.02
13880.0,9.0,346.0,367.0,346.8855555555556,0.28,380.72,2969.65,2820.18,2835.12
17648.0,2.0,189.0,249.0,606.815,0.1,1009.87,2967.73,2819.83,2834.62
17164.0,4.0,241.0,273.0,460.055,0.17,574.88,2772.97,2836.5,2830.15
15949.0,1.0,55.0,71.0,127.67999999999999,0.16,634.51,2854.63,2824.1,2827.16
13456.0,5.0,190.0,207.0,311.812,0.26,371.19,2745.92,2832.65,2823.97
13174.0,2.0,353.0,369.0,700.53,0.07,1165.71,2439.55,2865.59,2822.98
17238.0,14.0,369.0,371.0,241.04,0.42,255.67,3005.7,2801.9,2822.28
14323.0,1.0,124.0,238.0,305.24,0.07,1510.53,2825.62,2821.72,2822.11
15606.0,8.0,263.0,324.0,326.82,0.28,363.13,2830.26,2819.52,2820.59
13813.0,3.0,95.0,134.0,327.24,0.24,446.11,2968.34,2800.69,2817.46
16573.0,1.0,206.0,290.0,370.98,0.06,1834.87,2904.05,2800.9,2811.21
18127.0,1.0,114.0,133.0,209.13,0.11,1036.36,3064.13,2782.1,2810.3
12723.0,2.0,62.0,65.0,212.82999999999998,0.27,354.7,2741.8,2817.7,2810.11
14778.0,1.0,181.0,308.0,396.81,0.05,1962.31,2948.65,2793.98,2809.45
13975.0,4.0,245.0,276.0,461.88,0.17,577.16,2758.18,2814.67,2809.03
16218.0,5.0,344.0,373.0,522.676,0.16,622.06,2786.66,2810.32,2807.95
16324.0,1.0,49.0,177.0,262.12,0.08,1297.79,3086.25,2773.21,2804.52
16326.0,12.0,329.0,334.0,236.98,0.4,253.93,2825.46,2800.06,2802.6
13780.0,1.0,163.0,170.0,243.73,0.09,1207.06,2962.72,2781.17,2799.32
15511.0,4.0,74.0,85.0,176.5825,0.41,220.83,2572.56,2824.19,2799.03
13731.0,1.0,27.0,246.0,302.46999999999997,0.06,1496.87,2723.82,2807.18,2798.85
12816.0,1.0,81.0,176.0,253.55,0.08,1255.51,2999.04,2773.21,2795.8
14572.0,6.0,321.0,324.0,416.20166666666665,0.21,480.16,2870.46,2782.96,2791.71
16686.0,6.0,308.0,355.0,449.64166666666665,0.2,518.73,2862.38,2781.6,2789.67
16607.0,13.0,341.0,358.0,226.37615384615384,0.4,241.24,2726.28,2792.7,2786.06
14282.0,14.0,364.0,367.0,225.5957142857143,0.42,239.29,2840.29,2777.2,2783.51
15687.0,7.0,322.0,330.0,377.0857142857143,0.24,425.71,2884.92,2769.05,2780.64
14565.0,3.0,266.0,361.0,643.9033333333333,0.11,877.4,2596.71,2801.0,2780.57
14256.0,1.0,104.0,364.0,445.2,0.05,2201.05,2857.68,2770.53,2779.24
16693.0,1.0,203.0,271.0,324.45,0.06,1605.31,2692.12,2786.3,2776.88
14023.0,1.0,243.0,250.0,310.93,0.06,1538.6,2762.17,2778.42,2776.79
14593.0,1.0,177.0,198.0,278.4,0.08,1378.11,2997.33,2749.09,2773.91
15068.0,1.0,210.0,256.0,313.4,0.06,1550.79,2729.08,2778.42,2773.48
16011.0,15.0,358.0,366.0,208.31733333333335,0.45,220.08,2798.11,2765.62,2768.87
15673.0,3.0,239.0,327.0,637.0233333333333,0.11,868.03,2801.99,2765.18,2768.86
14272.0,1.0,181.0,254.0,305.87,0.06,1513.64,2681.35,2778.42,2768.71
17749.0,1.0,78.0,256.0,305.51,0.06,1511.86,2660.57,2778.31,2766.54
14851.0,1.0,233.0,256.0,305.21999999999997,0.06,1510.43,2658.06,2778.42,2766.38
15932.0,7.0,285.0,289.0,311.16285714285715,0.27,351.31,2670.52,2775.93,2765.39
14530.0,5.0,271.0,296.0,445.53000000000003,0.19,530.27,2907.45,2746.27,2762.39
18151.0,1.0,155.0,289.0,340.8,0.06,1685.97,2676.31,2769.73,2760.39
16361.0,3.0,62.0,71.0,187.24,0.36,255.44,2600.52,2777.94,2760.2
17213.0,5.0,326.0,366.0,493.666,0.16,587.54,2676.57,2767.67,2758.56
17231.0,9.0,349.0,361.0,326.92333333333335,0.28,358.81,2839.88,2749.53,2758.56
15951.0,1.0,277.0,285.0,333.05,0.06,1647.74,2647.05,2769.73,2757.46
14481.0,1.0,123.0,287.0,333.65,0.06,1650.7,2635.97,2769.63,2756.26
17059.0,4.0,340.0,369.0,593.1700000000001,0.13,741.13,2751.63,2756.58,2756.09
16316.0,6.0,294.0,358.0,438.4483333333333,0.19,505.82,2770.51,2752.51,2754.31
17554.0,4.0,147.0,148.0,295.005,0.28,368.74,2913.81,2736.35,2754.1
14315.0,5.0,222.0,266.0,390.146,0.21,464.38,2789.55,2748.16,2752.3
14640.0,5.0,203.0,227.0,342.326,0.24,407.49,2795.13,2747.3,2752.09
17220.0,9.0,340.0,364.0,320.0833333333333,0.28,351.31,2760.23,2749.53,2750.6
12352.0,6.0,260.0,296.0,368.25666666666666,0.23,424.87,2746.74,2749.78,2749.47
17625.0,3.0,239.0,257.0,499.10666666666674,0.14,680.19,2699.8,2754.18,2748.75
15140.0,5.0,212.0,264.0,381.62,0.21,454.24,2746.12,2748.16,2747.96
14702.0,16.0,364.0,365.0,185.84,0.48,195.65,2653.54,2757.09,2746.73
17043.0,3.0,234.0,266.0,520.1933333333333,0.14,708.91,2733.11,2747.86,2746.38
17799.0,8.0,339.0,361.0,354.05625,0.25,393.38,2788.57,2738.81,2743.79
16980.0,1.0,36.0,291.0,346.59999999999997,0.06,1714.59,2705.67,2746.76,2742.65
18230.0,6.0,293.0,302.0,390.8966666666667,0.23,450.98,2865.53,2728.53,2742.23
13799.0,1.0,178.0,294.0,347.15999999999997,0.06,1717.35,2686.25,2746.87,2740.8
13742.0,10.0,304.0,320.0,266.184,0.35,289.35,2810.91,2732.04,2739.93
12370.0,3.0,309.0,360.0,651.6233333333333,0.11,887.91,2634.27,2748.28,2736.88
16374.0,1.0,196.0,262.0,316.73,0.06,1567.22,2704.58,2739.82,2736.3
16007.0,3.0,168.0,215.0,444.06333333333333,0.16,605.22,2786.08,2730.63,2736.18
15755.0,5.0,284.0,294.0,409.91399999999993,0.2,487.9,2690.78,2740.87,2735.86
16018.0,1.0,141.0,180.0,247.0,0.08,1223.2,2870.56,2719.0,2734.16
14561.0,2.0,109.0,184.0,429.345,0.13,714.75,2689.3,2738.33,2733.43
15522.0,1.0,55.0,87.0,138.94,0.14,690.07,2736.22,2730.71,2731.26
15411.0,3.0,156.0,182.0,400.82666666666665,0.19,546.34,2876.08,2714.89,2731.01
13510.0,3.0,182.0,183.0,402.08,0.19,548.04,2872.57,2714.89,2730.66
14126.0,1.0,3.0,10.0,62.5,0.33,312.94,2892.28,2709.26,2727.57
16618.0,3.0,291.0,322.0,639.81,0.12,871.82,2852.28,2712.46,2726.44
12388.0,5.0,311.0,326.0,469.872,0.18,559.23,2820.19,2714.17,2724.77
17193.0,4.0,141.0,176.0,312.685,0.25,390.82,2702.02,2726.03,2723.63
15626.0,1.0,255.0,329.0,393.92,0.05,1948.05,2764.11,2709.03,2714.54
12721.0,5.0,323.0,354.0,473.90599999999995,0.17,564.03,2646.2,2718.15,2710.96
15796.0,7.0,301.0,302.0,338.2342857142857,0.26,381.86,2794.89,2700.55,2709.98
18183.0,1.0,47.0,274.0,319.27,0.06,1579.75,2624.57,2718.0,2708.65
16163.0,1.0,133.0,365.0,415.0,0.05,2052.05,2657.78,2713.83,2708.23
18260.0,5.0,186.0,358.0,482.5,0.17,574.26,2667.62,2710.32,2706.05
18245.0,4.0,348.0,355.0,550.3325,0.14,687.63,2641.71,2711.51,2704.53
15839.0,2.0,115.0,148.0,374.655,0.16,623.8,2778.52,2695.57,2703.87
15854.0,9.0,357.0,361.0,304.95000000000005,0.28,334.7,2649.06,2709.67,2703.61
12673.0,1.0,321.0,326.0,389.62,0.05,1926.83,2755.94,2695.03,2701.12
17272.0,3.0,220.0,262.0,496.98333333333335,0.14,677.3,2644.94,2707.09,2700.87
17014.0,2.0,58.0,66.0,199.14,0.27,331.93,2543.29,2717.68,2700.24
14332.0,2.0,125.0,147.0,373.635,0.16,622.1,2785.19,2685.69,2695.64
12836.0,3.0,252.0,311.0,588.7233333333334,0.12,802.25,2705.1,2693.46,2694.63
12793.0,1.0,37.0,371.0,413.68,0.05,2045.54,2611.4,2700.17,2691.29
17750.0,8.0,159.0,164.0,184.32125,0.49,204.85,2802.5,2677.63,2690.12
13141.0,3.0,231.0,315.0,621.3933333333333,0.12,846.74,2823.66,2674.03,2689.0
14307.0,4.0,285.0,373.0,553.1525,0.13,691.15,2541.68,2704.76,2688.45
13230.0,12.0,361.0,365.0,226.12666666666667,0.37,242.3,2493.66,2709.5,2687.92
13323.0,4.0,81.0,84.0,166.8875,0.42,208.72,2449.94,2714.24,2687.81
15381.0,1.0,55.0,268.0,314.55,0.06,1556.46,2635.0,2689.44,2684.0
14636.0,1.0,232.0,268.0,309.65999999999997,0.06,1532.34,2594.16,2689.55,2680.01
15815.0,4.0,196.0,259.0,418.4,0.18,522.85,2637.09,2681.54,2677.1
16393.0,12.0,367.0,369.0,238.45083333333332,0.36,255.5,2604.29,2678.86,2671.4
15984.0,9.0,366.0,368.0,301.6633333333333,0.28,331.1,2576.41,2675.41,2665.51
14704.0,8.0,169.0,180.0,179.59875,0.45,199.61,2538.99,2677.63,2663.76
13265.0,4.0,220.0,273.0,450.055,0.17,562.39,2712.73,2658.17,2663.62
16966.0,6.0,232.0,240.0,290.96166666666664,0.27,335.73,2592.7,2669.38,2661.71
17360.0,1.0,167.0,184.0,254.84,0.08,1261.88,2910.24,2630.94,2658.87
13292.0,1.0,246.0,284.0,329.37,0.06,1629.58,2625.77,2661.67,2658.08
15643.0,1.0,91.0,282.0,326.9,0.06,1617.39,2621.94,2661.57,2657.61
16689.0,1.0,7.0,82.0,128.44,0.15,638.26,2628.26,2659.0,2655.93
12981.0,1.0,104.0,133.0,185.04,0.11,917.51,2712.73,2647.73,2654.23
15998.0,4.0,326.0,362.0,556.645,0.13,695.51,2626.37,2656.94,2653.89
12726.0,6.0,329.0,357.0,406.46999999999997,0.2,468.94,2574.86,2659.34,2650.89
14759.0,2.0,228.0,232.0,526.86,0.11,876.91,2733.53,2636.84,2646.51
16557.0,1.0,113.0,137.0,180.7,0.1,896.09,2592.1,2647.73,2642.17
17658.0,1.0,186.0,211.0,277.82,0.07,1375.25,2840.89,2618.24,2640.51
17664.0,1.0,194.0,212.0,278.45,0.07,1378.36,2836.35,2618.24,2640.05
17237.0,1.0,11.0,22.0,71.09,0.27,355.32,2719.84,2630.31,2639.26
17105.0,1.0,147.0,306.0,346.38,0.05,1713.5,2589.34,2637.1,2632.32
15205.0,1.0,42.0,127.0,176.94,0.11,877.54,2683.61,2624.55,2630.46
17739.0,6.0,349.0,360.0,405.215,0.19,467.49,2548.03,2638.41,2629.37
16824.0,1.0,149.0,164.0,237.74,0.09,1177.51,2972.04,2586.02,2624.63
17230.0,3.0,95.0,359.0,625.7166666666667,0.11,852.63,2535.81,2634.46,2624.6
12987.0,1.0,124.0,197.0,254.4,0.08,1259.7,2750.99,2610.18,2624.26
18231.0,4.0,96.0,288.0,448.0675,0.16,559.9,2580.14,2627.25,2622.54
14676.0,5.0,252.0,283.0,398.38399999999996,0.2,474.18,2702.07,2609.99,2619.2
17092.0,3.0,227.0,277.0,547.6266666666667,0.13,746.27,2779.73,2601.06,2618.93
17596.0,6.0,345.0,368.0,405.885,0.19,468.27,2503.15,2629.27,2616.66
15114.0,9.0,271.0,301.0,277.94555555555553,0.33,305.08,2829.84,2590.48,2614.41
15628.0,8.0,362.0,366.0,318.8825,0.25,354.31,2481.29,2624.77,2610.42
14067.0,1.0,33.0,96.0,150.03,0.13,744.78,2768.41,2592.16,2609.79
17512.0,9.0,273.0,301.0,270.05333333333334,0.33,296.42,2749.52,2593.57,2609.17
16942.0,7.0,215.0,227.0,233.65,0.33,263.83,2457.95,2625.26,2608.53
16057.0,3.0,268.0,284.0,526.38,0.13,717.34,2615.59,2601.06,2602.52
16788.0,1.0,131.0,254.0,300.31,0.06,1486.21,2632.76,2597.01,2600.58
15057.0,1.0,40.0,315.0,358.5,0.05,1773.3,2613.23,2597.89,2599.43
16119.0,1.0,64.0,72.0,113.88,0.16,566.43,2527.06,2598.69,2591.52
14732.0,7.0,331.0,339.0,357.05571428571426,0.24,403.1,2668.18,2578.47,2587.44
14407.0,5.0,169.0,276.0,360.11,0.21,428.65,2495.39,2594.55,2584.63
14824.0,3.0,81.0,91.0,228.6,0.31,311.77,2716.84,2565.29,2580.45
17314.0,7.0,288.0,312.0,332.01714285714286,0.25,374.85,2667.3,2569.55,2579.33
16875.0,3.0,272.0,339.0,575.5766666666667,0.11,784.34,2453.3,2590.61,2576.88
16639.0,2.0,204.0,235.0,474.655,0.11,790.1,2436.79,2590.74,2575.35
15493.0,3.0,238.0,270.0,487.68,0.14,664.63,2530.14,2579.27,2574.36
14239.0,10.0,273.0,316.0,222.125,0.35,241.47,2371.59,2594.02,2571.78
16987.0,5.0,202.0,205.0,282.4,0.26,336.2,2506.74,2578.98,2571.75
14038.0,2.0,129.0,207.0,422.03000000000003,0.12,702.58,2404.96,2586.72,2568.55
13769.0,8.0,365.0,367.0,309.27625,0.25,343.64,2400.77,2584.91,2566.49
16771.0,4.0,305.0,338.0,487.5375,0.14,609.2,2443.52,2579.78,2566.16
14341.0,4.0,273.0,318.0,461.6625,0.15,576.88,2440.39,2572.82,2559.58
14508.0,1.0,67.0,89.0,138.86,0.14,689.67,2694.69,2543.7,2558.8
17277.0,1.0,95.0,322.0,348.33,0.05,1723.12,2491.23,2562.3,2555.2
16912.0,5.0,295.0,323.0,439.616,0.18,523.24,2660.01,2535.84,2548.26
14766.0,5.0,358.0,366.0,458.59399999999994,0.16,545.82,2486.49,2551.5,2545.0
13527.0,5.0,293.0,326.0,435.412,0.18,518.24,2613.44,2535.84,2543.6
15594.0,4.0,219.0,234.0,375.96750000000003,0.2,469.85,2579.99,2537.37,2541.63
13589.0,1.0,165.0,179.0,232.65,0.08,1152.4,2716.33,2519.07,2538.8
14701.0,6.0,306.0,316.0,358.82,0.22,413.99,2529.27,2539.58,2538.55
17374.0,1.0,63.0,281.0,303.82,0.06,1503.53,2444.76,2548.6,2538.22
13272.0,1.0,58.0,89.0,135.6,0.14,673.59,2631.85,2525.3,2535.95
16174.0,2.0,25.0,151.0,343.7,0.16,572.32,2510.78,2538.42,2535.66
12582.0,1.0,50.0,288.0,306.2,0.06,1515.27,2412.5,2548.6,2534.99
13083.0,1.0,71.0,75.0,111.36,0.15,554.0,2411.24,2548.26,2534.56
15370.0,6.0,292.0,332.0,366.97499999999997,0.21,423.39,2477.77,2536.61,2530.72
12520.0,4.0,194.0,273.0,411.71,0.17,514.5,2481.72,2535.91,2530.49
15514.0,7.0,352.0,364.0,365.8957142857143,0.22,413.08,2568.24,2524.71,2529.06
14377.0,1.0,71.0,262.0,302.45,0.06,1496.77,2583.0,2522.63,2528.66
12919.0,5.0,161.0,169.0,225.798,0.31,268.86,2337.42,2549.79,2528.55
13571.0,11.0,241.0,253.0,177.00454545454545,0.46,190.93,2482.14,2532.68,2527.63
15253.0,2.0,153.0,169.0,372.17499999999995,0.14,619.68,2492.86,2530.01,2526.3
13960.0,1.0,50.0,71.0,102.12,0.16,508.41,2287.3,2548.26,2522.16
14246.0,2.0,135.0,245.0,512.21,0.11,852.55,2539.62,2516.83,2519.11
16928.0,16.0,293.0,373.0,170.709375,0.47,179.72,2391.23,2531.97,2517.9
12457.0,6.0,173.0,239.0,282.33,0.28,325.78,2524.59,2515.81,2516.69
16170.0,5.0,198.0,248.0,313.806,0.23,373.56,2380.51,2529.24,2514.37
12412.0,2.0,95.0,169.0,356.19,0.14,593.09,2385.93,2525.58,2511.62
14853.0,1.0,187.0,211.0,261.29999999999995,0.07,1293.75,2672.52,2479.33,2498.65
18257.0,6.0,257.0,296.0,334.87166666666667,0.23,386.37,2497.83,2496.33,2496.48
17071.0,7.0,281.0,309.0,302.92571428571426,0.26,342.01,2454.14,2496.73,2492.47
17190.0,1.0,149.0,207.0,249.74,0.07,1236.71,2594.81,2479.33,2490.88
12871.0,1.0,123.0,207.0,248.64,0.07,1231.29,2583.42,2479.33,2489.74
15367.0,2.0,218.0,275.0,556.505,0.1,926.21,2502.67,2488.16,2489.61
16880.0,5.0,159.0,189.0,249.84,0.28,297.46,2367.73,2502.93,2489.41
12461.0,1.0,60.0,154.0,200.0,0.09,991.31,2626.03,2469.54,2485.19
12649.0,1.0,105.0,212.0,248.51,0.07,1230.65,2532.39,2479.33,2484.64
13577.0,3.0,216.0,241.0,443.6166666666666,0.15,604.61,2532.76,2478.51,2483.94
13394.0,7.0,308.0,309.0,315.18,0.26,355.84,2553.38,2475.49,2483.28
17006.0,3.0,71.0,75.0,167.00666666666666,0.35,227.88,2244.43,2506.94,2480.69
15288.0,4.0,322.0,365.0,535.2175,0.13,668.75,2506.96,2477.41,2480.36
13425.0,2.0,186.0,294.0,611.32,0.09,1017.36,2596.19,2466.51,2479.48
14099.0,10.0,338.0,354.0,272.065,0.32,295.74,2629.91,2462.64,2479.36
13134.0,3.0,155.0,240.0,431.1266666666667,0.15,587.6,2470.05,2478.51,2477.67
17724.0,2.0,67.0,138.0,329.95,0.17,549.46,2579.07,2464.26,2475.74
13804.0,5.0,259.0,289.0,382.43199999999996,0.2,455.21,2547.72,2467.66,2475.67
14651.0,1.0,144.0,211.0,238.28,0.07,1180.17,2437.91,2479.33,2475.19
12640.0,2.0,58.0,81.0,204.995,0.24,341.67,2313.15,2487.65,2470.2
14649.0,2.0,208.0,212.0,416.53499999999997,0.12,693.44,2328.0,2485.84,2470.06
14359.0,2.0,68.0,87.0,214.39499999999998,0.23,357.3,2311.35,2487.65,2470.02
13213.0,3.0,143.0,199.0,368.43333333333334,0.17,502.22,2461.75,2462.34,2462.28
18241.0,16.0,208.0,217.0,106.70375,0.75,112.36,2375.51,2470.07,2460.61
14045.0,2.0,264.0,373.0,666.675,0.07,1109.41,2299.66,2469.04,2452.1
12913.0,4.0,364.0,368.0,516.5024999999999,0.13,645.38,2401.88,2457.66,2452.09
17838.0,4.0,346.0,372.0,515.535,0.13,644.17,2374.54,2457.66,2449.35
16245.0,2.0,233.0,256.0,479.84000000000003,0.1,798.72,2293.14,2465.26,2448.04
14502.0,8.0,294.0,313.0,289.4325,0.29,321.6,2583.0,2432.45,2447.5
12857.0,1.0,92.0,302.0,304.8,0.05,1508.36,2305.4,2457.2,2442.02
14963.0,4.0,174.0,183.0,298.4,0.24,372.98,2500.48,2434.34,2440.96
14147.0,1.0,207.0,285.0,300.6,0.06,1487.64,2389.86,2439.94,2434.93
14032.0,10.0,364.0,366.0,267.173,0.31,290.42,2507.76,2426.4,2434.53
15122.0,2.0,183.0,297.0,618.3700000000001,0.09,1029.08,2603.26,2415.64,2434.4
12784.0,1.0,6.0,15.0,56.0,0.3,280.87,2389.39,2437.97,2433.11
14354.0,1.0,25.0,30.0,75.84,0.24,378.75,2601.32,2413.97,2432.71
14730.0,6.0,275.0,276.0,287.9816666666666,0.24,332.29,2280.9,2449.48,2432.62
12395.0,10.0,352.0,371.0,267.253,0.3,290.51,2478.56,2426.4,2431.61
17961.0,34.0,351.0,372.0,34.37911764705883,0.99,35.23,979.91,2592.85,2431.56
14780.0,1.0,25.0,79.0,114.88,0.15,571.36,2408.41,2433.58,2431.07
18144.0,10.0,366.0,373.0,272.37,0.3,296.07,2514.0,2421.43,2430.69
12584.0,8.0,277.0,280.0,234.315,0.31,260.38,2301.81,2438.99,2425.27
15696.0,7.0,293.0,326.0,320.43,0.24,361.77,2477.85,2418.71,2424.63
16230.0,1.0,31.0,220.0,266.1,0.07,1317.43,2630.0,2399.56,2422.6
15701.0,3.0,108.0,110.0,228.38,0.27,311.47,2387.54,2424.28,2420.61
12364.0,3.0,105.0,112.0,229.7266666666667,0.27,313.3,2371.55,2424.28,2419.01
17965.0,12.0,332.0,369.0,215.43499999999997,0.36,230.85,2353.0,2426.05,2418.75
15379.0,6.0,189.0,358.0,368.6383333333333,0.19,425.31,2329.55,2426.52,2416.82
16744.0,6.0,162.0,173.0,199.13333333333333,0.36,229.83,2313.3,2427.91,2416.45
14710.0,3.0,45.0,59.0,144.40666666666667,0.4,197.1,2231.94,2434.67,2414.4
17835.0,2.0,21.0,23.0,120.4,0.44,200.99,2474.6,2404.44,2411.45
17346.0,13.0,370.0,373.0,194.6115384615385,0.39,207.4,2260.31,2423.54,2407.22
16957.0,1.0,42.0,281.0,301.8,0.06,1493.56,2428.55,2404.15,2406.59
14452.0,1.0,83.0,93.0,137.07,0.13,680.84,2584.64,2384.29,2404.32
14234.0,3.0,35.0,57.0,135.22666666666666,0.41,184.6,2130.23,2434.67,2404.23
18085.0,1.0,43.0,373.0,386.05,0.05,1909.22,2425.79,2400.47,2403.01
15270.0,4.0,295.0,310.0,424.1975,0.15,530.09,2292.58,2412.73,2400.71
13647.0,3.0,225.0,234.0,417.82666666666665,0.15,569.49,2444.86,2391.8,2397.11
13784.0,10.0,323.0,332.0,234.91500000000002,0.33,255.37,2402.45,2395.28,2396.0
14107.0,6.0,313.0,364.0,389.9983333333334,0.19,449.94,2428.57,2392.05,2395.7
14211.0,8.0,242.0,295.0,261.9875,0.3,291.12,2460.93,2380.63,2388.66
16409.0,4.0,281.0,317.0,439.33000000000004,0.15,548.99,2328.77,2394.49,2387.91
13157.0,3.0,249.0,298.0,514.4666666666667,0.12,701.11,2452.94,2380.36,2387.62
15752.0,6.0,333.0,372.0,396.28833333333336,0.19,457.2,2420.7,2382.91,2386.69
17442.0,5.0,254.0,290.0,361.546,0.2,430.36,2401.52,2384.79,2386.47
14396.0,1.0,306.0,371.0,377.64,0.05,1867.73,2384.4,2386.57,2386.35
16916.0,1.0,349.0,372.0,378.18,0.05,1870.39,2382.12,2386.57,2386.12
16283.0,4.0,203.0,208.0,323.25,0.21,404.01,2443.89,2377.04,2383.72
13700.0,7.0,301.0,327.0,301.3014285714286,0.24,340.18,2323.78,2387.61,2381.23
13021.0,7.0,354.0,358.0,351.29,0.22,396.6,2502.21,2366.4,2379.98
14548.0,1.0,167.0,317.0,326.4,0.05,1614.93,2366.8,2378.56,2377.38
12492.0,1.0,42.0,105.0,136.82,0.12,679.61,2377.42,2376.34,2376.44
16477.0,6.0,308.0,371.0,378.135,0.19,436.26,2315.37,2382.91,2376.16
12782.0,4.0,353.0,357.0,466.855,0.14,583.37,2230.1,2392.2,2375.99
16438.0,4.0,77.0,82.0,148.4875,0.42,185.74,2213.78,2385.79,2368.59
18158.0,1.0,79.0,88.0,109.6,0.14,545.31,2146.33,2391.11,2366.63
13867.0,2.0,187.0,218.0,438.22,0.12,729.51,2393.79,2363.21,2366.27
16813.0,9.0,196.0,204.0,165.19222222222223,0.46,181.36,2330.22,2368.76,2364.9
15453.0,6.0,186.0,187.0,198.54666666666665,0.34,229.15,2169.0,2385.37,2363.73
16929.0,6.0,152.0,155.0,177.70833333333334,0.39,205.12,2247.81,2375.01,2362.29
12895.0,1.0,44.0,86.0,105.0,0.14,522.62,2087.74,2391.11,2360.77
14837.0,3.0,112.0,201.0,385.74666666666667,0.17,525.8,2556.62,2332.9,2355.27
12948.0,6.0,248.0,264.0,282.19166666666666,0.25,325.62,2321.07,2357.46,2353.82
17405.0,2.0,149.0,150.0,319.05,0.16,531.33,2342.73,2352.48,2351.51
17069.0,7.0,345.0,373.0,347.5214285714286,0.22,392.34,2387.15,2344.04,2348.35
14834.0,5.0,223.0,240.0,295.322,0.23,351.57,2302.63,2346.26,2341.9
16755.0,2.0,201.0,315.0,590.385,0.09,982.55,2362.24,2339.17,2341.48
12828.0,5.0,128.0,130.0,158.342,0.38,188.6,1999.26,2378.39,2340.47
13452.0,1.0,11.0,270.0,295.0,0.06,1460.01,2456.16,2326.55,2339.51
16555.0,1.0,74.0,109.0,133.91,0.12,665.25,2267.85,2347.23,2339.29
13186.0,2.0,89.0,128.0,293.775,0.18,489.3,2427.31,2329.39,2339.18
16463.0,3.0,183.0,204.0,367.6766666666667,0.17,501.19,2407.93,2331.49,2339.13
12759.0,2.0,223.0,275.0,543.3199999999999,0.1,904.28,2443.42,2327.48,2339.07
14441.0,3.0,255.0,255.0,452.01666666666665,0.14,616.06,2461.39,2325.26,2338.87
17738.0,2.0,263.0,282.0,549.5649999999999,0.09,914.67,2419.04,2327.48,2336.63
13911.0,8.0,251.0,308.0,280.6725,0.29,311.87,2540.05,2313.95,2336.56
14665.0,3.0,250.0,310.0,480.43333333333334,0.12,654.76,2213.95,2350.1,2336.49
15690.0,1.0,96.0,100.0,128.76,0.13,639.84,2314.0,2338.93,2336.44
13221.0,1.0,119.0,359.0,349.25,0.05,1727.66,2270.64,2337.77,2331.06
13189.0,1.0,97.0,115.0,133.68,0.12,664.11,2180.57,2347.23,2330.56
17703.0,2.0,103.0,138.0,284.79999999999995,0.17,474.38,2226.65,2341.63,2330.13
15271.0,14.0,358.0,365.0,171.09428571428572,0.42,181.5,2164.75,2345.46,2327.39
15329.0,2.0,132.0,171.0,370.29999999999995,0.14,616.56,2457.65,2311.2,2325.85
12909.0,3.0,214.0,253.0,425.0733333333333,0.14,579.36,2330.16,2325.26,2325.75
18069.0,4.0,301.0,327.0,434.7525,0.15,543.27,2243.04,2333.55,2324.5
12843.0,7.0,199.0,264.0,229.83714285714285,0.29,259.53,2131.0,2344.81,2323.42
15747.0,2.0,160.0,172.0,365.695,0.14,608.9,2416.09,2311.2,2321.69
14150.0,1.0,324.0,359.0,352.46000000000004,0.05,1743.5,2291.45,2323.86,2320.62
15339.0,1.0,252.0,318.0,316.17,0.05,1564.46,2286.57,2323.71,2320.0
15785.0,3.0,263.0,295.0,466.7966666666667,0.13,636.19,2245.27,2327.95,2319.68
15834.0,2.0,207.0,277.0,476.19,0.1,792.65,2128.6,2339.24,2318.18
17754.0,4.0,260.0,260.0,377.005,0.18,471.15,2368.61,2311.62,2317.32
17659.0,11.0,355.0,372.0,250.15090909090907,0.33,269.79,2513.29,2288.4,2310.89
17229.0,1.0,46.0,142.0,161.05,0.1,799.15,2250.78,2315.24,2308.79
15384.0,1.0,190.0,359.0,338.84,0.05,1676.3,2203.14,2320.2,2308.49
14643.0,1.0,188.0,358.0,335.87,0.05,1661.65,2189.26,2320.2,2307.11
14658.0,1.0,112.0,117.0,124.00999999999999,0.12,616.41,1999.37,2338.93,2304.98
15356.0,9.0,337.0,368.0,290.69777777777773,0.28,319.07,2482.79,2284.55,2304.38
17540.0,1.0,292.0,316.0,310.1,0.05,1534.51,2255.12,2309.71,2304.25
16735.0,3.0,256.0,334.0,546.7333333333332,0.11,745.06,2360.95,2290.5,2297.54
12879.0,2.0,47.0,91.0,216.35999999999999,0.22,360.57,2265.3,2300.64,2297.11
13657.0,1.0,191.0,201.0,229.8,0.08,1138.34,2445.98,2279.4,2296.06
14538.0,1.0,192.0,256.0,281.75,0.06,1394.64,2454.28,2278.25,2295.85
16571.0,2.0,255.0,281.0,492.505,0.09,819.78,2174.68,2308.86,2295.44
16134.0,1.0,338.0,359.0,334.56,0.05,1655.19,2175.39,2306.19,2293.11
13030.0,1.0,357.0,368.0,371.74,0.05,1838.62,2364.17,2283.71,2291.76
17423.0,1.0,171.0,217.0,248.99,0.07,1233.01,2489.37,2268.61,2290.68
16919.0,10.0,212.0,368.0,239.81,0.31,260.69,2240.18,2296.13,2290.54
15919.0,1.0,349.0,368.0,369.17,0.05,1825.94,2347.87,2283.71,2290.13
17289.0,2.0,149.0,180.0,388.525,0.14,646.87,2476.61,2267.43,2288.35
16518.0,1.0,223.0,284.0,293.62,0.06,1453.2,2341.57,2282.23,2288.16
18077.0,10.0,358.0,366.0,242.814,0.31,263.95,2279.19,2284.31,2283.8
16449.0,1.0,83.0,280.0,291.0,0.06,1440.28,2349.06,2274.28,2281.75
13455.0,1.0,342.0,366.0,365.4,0.05,1807.34,2335.18,2275.11,2281.11
14713.0,10.0,356.0,365.0,236.74099999999999,0.31,257.35,2227.59,2286.74,2280.82
17612.0,5.0,244.0,297.0,348.598,0.19,414.95,2268.56,2278.54,2277.54
18065.0,5.0,359.0,364.0,409.562,0.16,487.48,2231.53,2281.42,2276.43
12937.0,3.0,252.0,267.0,428.9466666666667,0.14,584.63,2246.82,2278.16,2275.03
16681.0,5.0,181.0,253.0,293.748,0.22,349.7,2191.4,2284.3,2275.01
16426.0,6.0,274.0,276.0,263.31333333333333,0.24,303.84,2085.63,2295.9,2274.87
13630.0,6.0,280.0,285.0,288.7733333333333,0.24,333.21,2225.33,2280.25,2274.76
14141.0,3.0,103.0,105.0,209.99,0.28,286.42,2267.36,2275.41,2274.6
12407.0,4.0,215.0,264.0,370.455,0.18,462.97,2297.63,2269.37,2272.2
13669.0,1.0,99.0,149.0,170.39999999999998,0.1,845.28,2296.05,2267.34,2270.21
17682.0,5.0,358.0,368.0,416.566,0.16,495.82,2247.84,2272.29,2269.84
14529.0,2.0,50.0,110.0,242.4,0.2,403.87,2231.95,2273.27,2269.14
16143.0,5.0,366.0,369.0,413.838,0.16,492.57,2227.77,2272.29,2267.83
13650.0,4.0,251.0,267.0,366.055,0.17,457.47,2248.73,2269.37,2267.31
14334.0,7.0,342.0,358.0,318.86571428571426,0.22,360.0,2271.34,2261.49,2262.48
16094.0,2.0,208.0,219.0,413.065,0.12,687.67,2248.07,2262.32,2260.9
17828.0,3.0,162.0,184.0,328.9766666666667,0.19,448.48,2340.56,2249.89,2258.95
13772.0,2.0,206.0,239.0,451.855,0.11,752.18,2287.51,2255.42,2258.63
12510.0,1.0,183.0,325.0,301.52,0.05,1492.18,2139.98,2265.54,2252.98
15706.0,3.0,53.0,116.0,203.50333333333333,0.26,277.59,2049.91,2275.41,2252.86
14740.0,2.0,86.0,283.0,463.555,0.09,771.64,2034.6,2275.83,2251.7
14592.0,2.0,29.0,64.0,153.25,0.28,255.62,1993.6,2278.3,2249.83
17930.0,4.0,204.0,239.0,337.47,0.19,421.77,2275.61,2246.42,2249.33
16863.0,1.0,335.0,366.0,338.55,0.05,1674.87,2164.03,2258.4,2248.96
16255.0,7.0,349.0,365.0,320.8085714285714,0.22,362.2,2246.43,2248.27,2248.08
16841.0,5.0,251.0,287.0,310.488,0.2,369.61,2081.03,2264.69,2246.32
17400.0,4.0,227.0,353.0,426.4475,0.14,532.9,2057.5,2266.22,2245.35
17002.0,2.0,205.0,290.0,490.33500000000004,0.09,816.17,2107.43,2259.24,2244.06
15527.0,7.0,336.0,354.0,315.48285714285714,0.23,356.19,2269.63,2238.1,2241.25
15117.0,4.0,201.0,215.0,309.84499999999997,0.21,387.27,2280.23,2231.63,2236.49
14034.0,1.0,135.0,157.0,177.91,0.09,882.33,2303.1,2225.13,2232.93
17777.0,2.0,76.0,100.0,235.57999999999998,0.21,392.53,2315.99,2215.42,2225.48
14655.0,3.0,214.0,222.0,373.89000000000004,0.16,509.65,2285.26,2218.51,2225.18
18283.0,13.0,334.0,337.0,152.8023076923077,0.42,162.86,1940.93,2251.59,2220.52
17696.0,6.0,326.0,364.0,351.685,0.19,405.76,2190.08,2220.51,2217.47
16567.0,1.0,142.0,336.0,308.03999999999996,0.05,1524.35,2123.47,2227.17,2216.8
14978.0,4.0,258.0,330.0,405.29,0.15,506.48,2074.51,2232.54,2216.73
18008.0,7.0,248.0,318.0,283.6257142857143,0.25,320.23,2241.33,2213.71,2216.47
17282.0,2.0,169.0,299.0,480.78,0.09,800.28,2012.79,2238.75,2216.15
15750.0,6.0,364.0,366.0,354.16,0.19,408.61,2194.83,2211.38,2209.73
15111.0,2.0,343.0,372.0,639.49,0.07,1064.21,2211.21,2207.79,2208.13
15238.0,2.0,155.0,184.0,385.925,0.13,642.54,2417.62,2179.37,2203.19
16128.0,4.0,265.0,282.0,372.98,0.17,466.12,2187.05,2200.34,2199.01
15819.0,3.0,227.0,276.0,421.93666666666667,0.13,575.09,2148.71,2199.24,2194.19
17330.0,1.0,45.0,67.0,99.0,0.17,493.02,2295.29,2182.69,2193.95
16431.0,1.0,84.0,297.0,298.88,0.06,1479.15,2293.54,2182.88,2193.94
17861.0,6.0,316.0,319.0,309.8233333333333,0.22,357.48,2166.19,2196.89,2193.82
15641.0,3.0,254.0,359.0,526.2766666666666,0.11,717.2,2133.01,2200.24,2193.51
14220.0,1.0,111.0,358.0,319.42,0.05,1580.49,2082.33,2200.97,2189.1
15618.0,2.0,104.0,136.0,277.01,0.17,461.42,2189.41,2188.06,2188.19
12645.0,3.0,283.0,316.0,468.6266666666667,0.12,638.68,2123.97,2193.63,2186.66
14719.0,4.0,248.0,249.0,344.6675,0.19,430.76,2245.82,2178.54,2185.27
13149.0,3.0,275.0,289.0,433.10666666666674,0.13,590.3,2120.44,2190.15,2183.18
14233.0,3.0,268.0,317.0,453.95666666666665,0.12,618.7,2051.89,2193.63,2179.45
16780.0,1.0,159.0,259.0,263.3,0.06,1303.61,2271.67,2168.99,2179.26
15246.0,1.0,120.0,358.0,328.15,0.05,1623.56,2139.08,2182.85,2178.48
15220.0,5.0,229.0,280.0,292.57,0.2,348.3,2002.87,2196.45,2177.09
13590.0,5.0,292.0,303.0,334.572,0.19,398.27,2140.1,2180.86,2176.79
13131.0,2.0,164.0,187.0,374.20000000000005,0.13,623.04,2314.31,2160.98,2176.31
13759.0,1.0,38.0,71.0,99.0,0.16,493.02,2218.04,2165.68,2170.92
17588.0,2.0,132.0,232.0,421.5,0.11,701.7,2187.37,2168.71,2170.58
15172.0,4.0,228.0,236.0,319.4125,0.19,399.22,2176.69,2169.12,2169.88
13233.0,1.0,262.0,336.0,300.88,0.05,1489.02,2074.26,2179.36,2168.85
16550.0,4.0,260.0,368.0,436.0775,0.13,544.93,2028.05,2183.68,2168.11
12944.0,1.0,319.0,354.0,317.56,0.05,1571.31,2090.85,2175.17,2166.74
14498.0,4.0,319.0,361.0,447.775,0.13,559.54,2118.08,2171.56,2166.22
13982.0,3.0,326.0,365.0,481.07,0.1,655.63,1921.56,2193.3,2166.13
13614.0,3.0,306.0,330.0,468.2366666666667,0.11,638.15,2043.57,2179.62,2166.02
13564.0,2.0,224.0,368.0,604.51,0.07,1006.04,2110.45,2170.57,2164.56
18075.0,9.0,337.0,360.0,268.0888888888889,0.28,294.26,2334.68,2145.21,2164.16
15394.0,3.0,349.0,358.0,531.9599999999999,0.11,724.94,2161.34,2162.79,2162.64
16003.0,3.0,330.0,359.0,518.1233333333333,0.11,706.09,2099.98,2167.37,2160.63
14243.0,9.0,357.0,365.0,263.94111111111107,0.28,289.71,2270.73,2145.21,2157.76
12708.0,9.0,339.0,368.0,279.60777777777776,0.28,306.9,2388.11,2130.98,2156.69
12600.0,9.0,343.0,371.0,280.28222222222223,0.27,307.64,2376.72,2130.98,2155.55
14440.0,4.0,357.0,365.0,425.245,0.13,531.4,1992.07,2171.56,2153.61
17371.0,1.0,344.0,361.0,326.26,0.05,1614.24,2111.19,2152.94,2148.76
13147.0,3.0,89.0,99.0,198.0,0.29,270.09,2225.44,2140.1,2148.63
14506.0,4.0,352.0,369.0,435.6175,0.13,544.35,2021.05,2162.43,2148.29
14409.0,4.0,297.0,368.0,432.66249999999997,0.13,540.66,2012.18,2162.43,2147.41
14232.0,4.0,222.0,264.0,338.72249999999997,0.18,423.34,2100.95,2152.24,2147.11
14776.0,8.0,261.0,312.0,247.4925,0.29,275.02,2215.0,2137.6,2145.34
12930.0,1.0,93.0,171.0,194.24,0.09,962.9,2352.62,2120.55,2143.76
18263.0,2.0,227.0,252.0,452.78,0.1,753.72,2192.81,2136.31,2141.96
17722.0,3.0,270.0,366.0,504.6333333333334,0.1,687.72,2010.75,2155.7,2141.21
17422.0,5.0,280.0,296.0,331.62399999999997,0.19,394.76,2164.43,2138.39,2141.0
13414.0,2.0,163.0,296.0,500.25,0.09,832.66,2112.49,2142.73,2139.71
13917.0,1.0,142.0,191.0,206.66,0.08,1024.17,2292.81,2118.69,2136.1
13558.0,3.0,63.0,68.0,134.35666666666665,0.37,183.41,1915.6,2159.91,2135.48
17621.0,2.0,333.0,354.0,570.25,0.08,949.06,2060.29,2143.61,2135.28
15108.0,3.0,86.0,227.0,369.6166666666666,0.16,503.83,2218.06,2124.9,2134.22
14608.0,3.0,358.0,362.0,527.0500000000001,0.1,718.25,2120.51,2135.52,2134.02
17090.0,6.0,350.0,354.0,330.4583333333333,0.2,381.28,2109.16,2136.54,2133.8
17802.0,2.0,290.0,372.0,592.4200000000001,0.07,985.93,2048.57,2142.09,2132.74
16109.0,1.0,90.0,308.0,296.88,0.05,1469.29,2207.81,2123.97,2132.36
17564.0,2.0,56.0,80.0,167.445,0.24,279.22,1905.18,2146.46,2122.33
15589.0,1.0,55.0,310.0,293.58,0.05,1453.01,2171.15,2110.14,2116.24
14133.0,1.0,186.0,315.0,287.64,0.05,1423.7,2098.04,2118.09,2116.09
14659.0,8.0,307.0,315.0,242.095,0.28,269.02,2148.81,2109.03,2113.01
12832.0,1.0,66.0,98.0,115.23,0.13,573.09,2101.01,2113.52,2112.27
12844.0,1.0,101.0,130.0,151.08,0.11,749.96,2254.76,2096.4,2112.23
14625.0,1.0,165.0,361.0,314.1,0.05,1554.24,2032.73,2119.45,2110.78
15224.0,1.0,4.0,362.0,310.48,0.05,1536.38,2004.47,2119.45,2107.95
13930.0,1.0,79.0,136.0,127.34,0.1,632.84,1840.53,2132.77,2103.55
18173.0,3.0,188.0,274.0,417.7866666666667,0.13,569.44,2140.81,2098.36,2102.6
16660.0,2.0,303.0,319.0,492.525,0.08,819.81,1949.5,2117.89,2101.05
15033.0,9.0,325.0,329.0,224.0666666666667,0.31,245.96,2111.98,2098.3,2099.66
12493.0,1.0,32.0,197.0,201.24,0.08,997.43,2178.23,2089.98,2098.8
17655.0,6.0,356.0,366.0,327.14,0.19,377.45,2027.45,2106.47,2098.57
16389.0,3.0,230.0,283.0,420.8066666666667,0.13,573.55,2097.62,2098.36,2098.28
12592.0,1.0,121.0,213.0,205.8,0.07,1019.93,2090.74,2097.93,2097.21
17418.0,1.0,281.0,323.0,296.07,0.05,1465.29,2112.75,2094.55,2096.37
13402.0,1.0,245.0,372.0,312.95,0.05,1548.57,1972.25,2105.88,2092.52
15985.0,1.0,113.0,236.0,242.84,0.07,1202.67,2265.58,2073.07,2092.32
15649.0,1.0,31.0,367.0,306.0,0.05,1514.28,1951.82,2105.78,2090.38
15864.0,5.0,294.0,316.0,338.78,0.18,403.27,2089.57,2087.06,2087.31
12823.0,4.0,222.0,296.0,363.375,0.16,454.13,2044.01,2091.58,2086.82
12935.0,5.0,317.0,319.0,345.81399999999996,0.18,411.64,2115.49,2082.61,2085.9
15497.0,1.0,302.0,319.0,291.6,0.05,1443.24,2103.64,2080.54,2082.85
12680.0,3.0,113.0,113.0,183.67666666666665,0.27,250.58,1885.01,2100.98,2079.38
12363.0,1.0,133.0,242.0,252.89999999999998,0.07,1252.3,2310.25,2053.04,2078.76
14209.0,5.0,322.0,332.0,345.096,0.18,410.79,2038.85,2082.61,2078.24
15186.0,1.0,154.0,168.0,182.15,0.09,903.25,2237.56,2058.6,2076.5
14998.0,1.0,71.0,241.0,246.23,0.07,1219.4,2257.33,2053.75,2074.11
12928.0,4.0,324.0,359.0,417.59,0.14,521.84,1985.08,2083.9,2074.02
16979.0,5.0,294.0,297.0,300.96999999999997,0.19,358.29,1958.78,2086.05,2073.32
16407.0,8.0,300.0,312.0,232.96125,0.29,258.88,2085.01,2065.58,2067.53
16040.0,2.0,203.0,268.0,445.56,0.1,741.71,2048.57,2069.09,2067.03
15563.0,2.0,336.0,358.0,565.125,0.08,940.54,2021.67,2065.35,2060.98
15620.0,2.0,302.0,358.0,564.345,0.08,939.24,2018.88,2065.35,2060.7
14309.0,8.0,350.0,358.0,275.5975,0.25,306.23,2186.87,2045.18,2059.35
14335.0,1.0,80.0,96.0,109.00999999999999,0.13,542.4,2016.15,2063.09,2058.4
13573.0,1.0,203.0,253.0,262.63,0.06,1300.31,2311.1,2030.08,2058.18
16103.0,5.0,226.0,233.0,245.036,0.24,291.74,1958.42,2065.15,2054.47
13126.0,6.0,362.0,366.0,312.7,0.19,360.8,1938.0,2066.61,2053.75
14466.0,6.0,343.0,372.0,315.44166666666666,0.19,363.96,1927.05,2066.61,2052.66
16386.0,1.0,225.0,253.0,256.1,0.06,1268.09,2253.84,2030.08,2052.46
12620.0,2.0,190.0,204.0,388.875,0.12,647.45,2242.63,2027.76,2049.25
16031.0,1.0,155.0,247.0,243.31,0.06,1204.99,2185.27,2033.54,2048.71
15976.0,1.0,55.0,220.0,220.95,0.07,1094.67,2185.31,2033.49,2048.67
14113.0,3.0,351.0,354.0,468.97333333333336,0.11,639.15,1924.55,2062.33,2048.55
17591.0,6.0,294.0,367.0,303.2283333333333,0.19,349.88,1874.8,2066.61,2047.43
16150.0,4.0,330.0,372.0,414.9,0.13,518.48,1911.23,2061.55,2046.52
14188.0,5.0,280.0,310.0,331.27200000000005,0.19,394.34,2077.55,2042.89,2046.35
15489.0,2.0,189.0,211.0,393.01,0.12,654.32,2205.16,2027.76,2045.5
17873.0,4.0,293.0,373.0,411.0025,0.13,513.61,1888.79,2061.55,2044.27
14720.0,2.0,121.0,126.0,254.005,0.18,423.17,2123.38,2033.92,2042.87
15203.0,5.0,286.0,311.0,323.172,0.19,384.7,2021.13,2042.89,2040.71
16710.0,8.0,349.0,368.0,263.44625,0.25,292.74,2040.22,2040.48,2040.45
17147.0,3.0,289.0,311.0,435.03,0.12,592.92,1999.27,2044.44,2039.92
12781.0,1.0,221.0,284.0,277.48,0.06,1373.57,2213.26,2019.39,2038.78
15134.0,7.0,226.0,240.0,182.55571428571426,0.32,206.17,1834.01,2057.83,2035.45
17571.0,3.0,248.0,298.0,404.71999999999997,0.12,551.64,1929.99,2046.12,2034.51
14352.0,2.0,116.0,273.0,423.83,0.1,705.58,1918.4,2045.69,2032.96
12722.0,3.0,65.0,150.0,231.56999999999996,0.22,315.81,1931.42,2042.45,2031.34
15533.0,2.0,70.0,89.0,178.95499999999998,0.23,298.36,1901.9,2041.29,2027.35
16241.0,11.0,360.0,369.0,211.83818181818185,0.33,228.48,2143.8,2013.81,2026.81
17555.0,1.0,315.0,334.0,287.81,0.05,1424.54,1994.83,2029.82,2026.32
16362.0,2.0,59.0,91.0,177.36,0.22,295.71,1857.84,2041.29,2022.94
16110.0,2.0,266.0,311.0,463.89,0.09,772.19,1877.2,2038.01,2021.93
14229.0,2.0,282.0,333.0,545.115,0.08,907.27,2078.16,2015.32,2021.6
12854.0,2.0,240.0,318.0,467.3,0.08,777.86,1854.8,2038.01,2019.69
17932.0,2.0,182.0,211.0,371.28,0.12,618.19,2083.37,2009.37,2016.77
16782.0,12.0,355.0,365.0,159.01666666666668,0.37,170.42,1753.84,2045.78,2016.59
13232.0,6.0,231.0,243.0,206.69500000000002,0.27,238.55,1823.21,2037.04,2015.66
15571.0,3.0,67.0,78.0,149.36,0.34,203.85,1959.86,2021.34,2015.19
13875.0,4.0,248.0,301.0,361.53499999999997,0.16,451.83,2004.52,2015.92,2014.78
14690.0,1.0,107.0,151.0,154.99,0.1,769.25,2068.52,2008.35,2014.37
17031.0,1.0,143.0,154.0,154.4,0.09,766.34,2030.07,2008.35,2010.52
15907.0,2.0,207.0,210.0,358.135,0.12,596.33,2017.5,2004.95,2006.2
13983.0,9.0,337.0,366.0,252.67444444444448,0.28,277.35,2168.59,1985.54,2003.85
17095.0,2.0,312.0,334.0,505.505,0.08,841.4,1922.23,2011.8,2002.84
15235.0,9.0,156.0,373.0,240.89000000000001,0.27,264.42,2033.1,1998.27,2001.75
13048.0,3.0,313.0,327.0,452.76666666666665,0.11,617.08,1991.92,2001.29,2000.35
13579.0,1.0,355.0,369.0,302.34000000000003,0.05,1496.22,1919.29,2008.28,1999.38
14205.0,1.0,248.0,264.0,243.8,0.06,1207.41,2070.29,1991.48,1999.36
17744.0,5.0,355.0,358.0,388.976,0.17,462.99,2150.75,1980.9,1997.88
17265.0,1.0,42.0,180.0,178.81,0.08,886.77,2081.04,1988.49,1997.74
14236.0,1.0,292.0,372.0,301.56,0.05,1492.38,1900.68,2008.28,1997.52
17211.0,7.0,343.0,369.0,291.98857142857145,0.22,329.67,2025.09,1993.56,1996.71
14226.0,4.0,241.0,269.0,312.2225,0.17,390.24,1906.13,2005.86,1995.89
18093.0,3.0,209.0,302.0,417.86666666666673,0.12,569.54,1969.85,1997.87,1995.06
17954.0,11.0,366.0,371.0,202.17636363636365,0.33,218.07,2036.29,1986.36,1991.35
14595.0,5.0,294.0,313.0,315.36,0.19,375.41,1961.37,1990.54,1987.62
13744.0,1.0,197.0,292.0,263.2,0.06,1303.12,2050.31,1978.86,1986.0
18044.0,9.0,356.0,360.0,223.81666666666666,0.28,245.69,1949.28,1989.75,1985.7
17188.0,5.0,351.0,362.0,392.11800000000005,0.16,466.73,2146.95,1967.67,1985.6
17449.0,5.0,357.0,359.0,367.32,0.16,437.23,2026.07,1980.9,1985.42
16370.0,3.0,143.0,225.0,348.34,0.16,474.85,2105.81,1969.37,1983.01
15812.0,4.0,210.0,317.0,389.08500000000004,0.15,486.24,2062.57,1972.53,1981.54
12697.0,2.0,141.0,169.0,283.54499999999996,0.14,472.29,1899.95,1990.01,1981.0
15811.0,5.0,343.0,365.0,385.754,0.16,459.16,2096.78,1967.67,1980.58
16115.0,7.0,283.0,292.0,218.4485714285714,0.27,246.68,1858.59,1993.88,1980.36
16224.0,3.0,192.0,249.0,375.9433333333333,0.14,512.45,2088.81,1967.35,1979.5
16743.0,5.0,329.0,358.0,361.562,0.17,430.38,1999.24,1977.11,1979.33
16184.0,5.0,147.0,211.0,202.114,0.26,240.68,1752.95,2004.07,1978.96
13481.0,3.0,211.0,256.0,379.76000000000005,0.14,517.64,2061.39,1967.35,1976.76
13246.0,5.0,312.0,330.0,330.246,0.18,393.12,1961.49,1977.7,1976.08
15058.0,7.0,287.0,312.0,260.81,0.25,294.49,2095.48,1960.72,1974.19
12530.0,3.0,277.0,336.0,424.96000000000004,0.11,579.21,1825.83,1988.04,1971.82
16399.0,1.0,216.0,235.0,230.16,0.07,1140.11,2155.33,1947.83,1968.58
13282.0,2.0,202.0,220.0,393.71999999999997,0.12,655.51,2134.91,1948.58,1967.21
12827.0,2.0,39.0,44.0,106.19999999999999,0.34,177.38,1684.59,1998.52,1967.13
15128.0,3.0,159.0,219.0,329.09999999999997,0.16,448.65,2034.34,1958.07,1965.69
13991.0,4.0,131.0,143.0,182.40499999999997,0.29,228.1,1849.74,1978.33,1965.47
16293.0,5.0,346.0,367.0,374.048,0.16,445.23,2023.38,1958.54,1965.03
18261.0,1.0,52.0,95.0,99.44,0.13,495.19,1853.54,1976.66,1964.35
17663.0,6.0,262.0,287.0,238.58666666666667,0.24,275.33,1827.81,1976.22,1961.38
15373.0,10.0,363.0,371.0,208.161,0.3,226.3,1930.72,1962.99,1959.76
15182.0,1.0,114.0,268.0,252.37,0.06,1249.69,2115.65,1940.73,1958.23
13743.0,6.0,257.0,259.0,199.98000000000002,0.26,230.81,1672.05,1989.06,1957.36
16889.0,2.0,142.0,336.0,527.81,0.08,878.49,1996.51,1950.96,1955.52
13831.0,5.0,353.0,369.0,358.99799999999993,0.16,427.33,1932.69,1954.76,1952.55
16794.0,8.0,179.0,180.0,118.49625,0.45,131.74,1675.74,1981.83,1951.22
13460.0,1.0,20.0,49.0,75.98,0.2,379.44,2094.84,1933.66,1949.78
13764.0,2.0,267.0,337.0,510.935,0.08,850.43,1927.72,1951.7,1949.31
14462.0,8.0,273.0,339.0,236.84,0.27,263.19,1971.77,1944.52,1947.25
16394.0,4.0,233.0,289.0,310.7325,0.16,388.38,1784.41,1960.64,1943.02
14970.0,3.0,248.0,316.0,418.18666666666667,0.12,569.98,1895.51,1943.55,1938.75
17402.0,11.0,365.0,369.0,197.62545454545455,0.33,213.16,2000.03,1931.61,1938.45
14217.0,15.0,365.0,366.0,125.77866666666667,0.45,132.91,1689.79,1965.79,1938.19
12483.0,7.0,322.0,339.0,276.7742857142857,0.24,312.5,2068.48,1922.3,1936.91
17537.0,1.0,274.0,303.0,266.92,0.05,1321.47,2014.0,1927.99,1936.59
15073.0,2.0,177.0,186.0,306.21500000000003,0.13,509.99,1902.47,1939.63,1935.91
16153.0,4.0,305.0,354.0,402.30499999999995,0.14,502.75,1936.26,1934.25,1934.45
16466.0,6.0,259.0,292.0,248.63166666666666,0.23,286.91,1876.69,1935.69,1929.79
16493.0,3.0,250.0,329.0,407.9433333333333,0.11,556.03,1785.33,1943.55,1927.73
15240.0,4.0,267.0,311.0,348.4175,0.15,435.45,1878.0,1931.54,1926.18
17414.0,1.0,141.0,184.0,180.0,0.08,892.64,2058.68,1908.38,1923.41
12372.0,2.0,225.0,296.0,449.41,0.09,748.11,1898.0,1923.37,1920.83
14653.0,5.0,337.0,338.0,320.54799999999994,0.17,381.58,1864.45,1921.31,1915.62
18177.0,5.0,224.0,255.0,234.47400000000002,0.22,279.18,1737.94,1933.97,1914.37
16552.0,1.0,131.0,373.0,284.44,0.05,1407.91,1788.84,1927.69,1913.8
12838.0,1.0,340.0,373.0,292.34000000000003,0.05,1446.89,1838.36,1921.64,1913.31
17530.0,8.0,364.0,365.0,260.545,0.25,289.52,2032.43,1899.9,1913.15
14819.0,1.0,128.0,192.0,187.35,0.08,928.9,2070.86,1893.95,1911.64
13314.0,2.0,72.0,73.0,138.16,0.26,230.52,1664.0,1938.88,1911.39
12507.0,2.0,164.0,298.0,429.325,0.09,714.71,1802.77,1923.37,1911.31
18178.0,3.0,236.0,364.0,430.05333333333334,0.1,586.14,1722.08,1931.43,1910.49
17737.0,1.0,49.0,58.0,80.85,0.18,403.47,2038.1,1892.72,1907.26
12967.0,1.0,13.0,371.0,292.5,0.05,1447.68,1848.15,1911.76,1905.4
15402.0,1.0,48.0,196.0,185.78,0.08,921.16,2019.91,1886.0,1899.39
14716.0,1.0,105.0,148.0,141.12,0.1,700.82,1913.38,1889.62,1892.0
18237.0,4.0,132.0,134.0,165.93,0.3,207.53,1766.17,1902.22,1888.62
17705.0,8.0,298.0,301.0,210.9025,0.3,234.38,1947.21,1881.5,1888.07
17926.0,1.0,70.0,203.0,185.56,0.08,920.07,1961.23,1879.67,1887.83
16320.0,1.0,41.0,213.0,185.78,0.07,921.16,1888.27,1886.0,1886.23
12523.0,10.0,312.0,331.0,168.68200000000002,0.34,183.4,1729.91,1895.57,1879.0
15950.0,3.0,328.0,359.0,445.56333333333333,0.11,607.27,1806.07,1885.76,1877.79
12381.0,4.0,115.0,119.0,144.14249999999998,0.33,180.32,1672.54,1900.52,1877.72
13848.0,2.0,274.0,366.0,467.5,0.07,778.2,1640.38,1898.34,1872.55
14210.0,5.0,266.0,371.0,320.178,0.16,381.14,1715.58,1889.83,1872.41
16950.0,2.0,311.0,367.0,503.28,0.07,837.7,1761.55,1883.65,1871.44
17250.0,1.0,258.0,261.0,221.87,0.06,1099.21,1903.08,1866.24,1869.93
14825.0,11.0,365.0,368.0,185.71,0.33,200.31,1884.01,1868.25,1869.83
14071.0,6.0,261.0,264.0,202.23666666666665,0.25,233.41,1663.79,1892.67,1869.78
13211.0,2.0,351.0,361.0,543.36,0.08,904.35,1929.61,1862.74,1869.42
14524.0,5.0,329.0,360.0,318.446,0.16,379.08,1752.32,1877.72,1865.18
14810.0,10.0,329.0,369.0,190.744,0.3,207.37,1777.74,1870.57,1861.28
17329.0,1.0,301.0,315.0,279.75,0.05,1384.77,2040.68,1841.25,1861.19
16653.0,1.0,55.0,71.0,94.8,0.16,472.29,2124.82,1831.64,1860.96
13862.0,7.0,314.0,332.0,254.8942857142857,0.24,287.81,1940.14,1851.6,1860.45
18219.0,8.0,366.0,368.0,232.4475,0.25,258.31,1800.26,1866.28,1859.68
17507.0,1.0,48.0,309.0,265.02,0.05,1312.1,1966.09,1847.3,1859.18
14215.0,5.0,357.0,368.0,324.74399999999997,0.16,386.57,1752.58,1868.59,1856.99
15116.0,3.0,187.0,204.0,291.0333333333333,0.17,396.8,1906.41,1851.1,1856.63
16983.0,6.0,357.0,369.0,294.62666666666667,0.19,339.96,1812.9,1860.9,1856.1
14696.0,6.0,369.0,373.0,297.3883333333333,0.19,343.14,1812.49,1860.9,1856.06
17063.0,3.0,268.0,289.0,380.59,0.13,518.77,1863.5,1854.8,1855.67
12463.0,3.0,188.0,241.0,331.40333333333336,0.15,451.78,1892.54,1850.28,1854.51
17157.0,1.0,169.0,176.0,157.54,0.08,781.83,1867.56,1852.83,1854.3
16149.0,1.0,138.0,142.0,116.84,0.1,581.03,1636.46,1873.51,1849.8
17731.0,2.0,104.0,183.0,288.77,0.13,480.98,1817.57,1851.83,1848.41
13593.0,4.0,228.0,336.0,369.3075,0.14,461.54,1860.89,1844.27,1845.93
17867.0,3.0,258.0,288.0,390.53333333333336,0.13,532.32,1917.84,1837.83,1845.83
14336.0,3.0,260.0,276.0,360.16333333333336,0.13,490.95,1834.36,1845.41,1844.31
14297.0,3.0,257.0,274.0,357.57666666666665,0.13,487.43,1832.52,1845.41,1844.12
18196.0,1.0,195.0,290.0,238.35,0.06,1180.52,1868.41,1839.95,1842.8
15681.0,3.0,255.0,280.0,360.16,0.13,490.95,1811.96,1845.41,1842.07
12633.0,3.0,229.0,287.0,383.72,0.13,523.04,1890.04,1832.87,1838.58
17425.0,1.0,41.0,60.0,70.2,0.18,350.93,1739.81,1848.63,1837.75
15906.0,4.0,236.0,255.0,289.09000000000003,0.18,361.35,1846.6,1835.17,1836.31
13184.0,8.0,276.0,290.0,186.09625,0.3,206.83,1774.25,1842.74,1835.89
16851.0,2.0,47.0,51.0,115.68,0.31,193.14,1704.42,1843.57,1829.65
14584.0,3.0,29.0,198.0,273.96,0.17,373.55,1838.49,1828.37,1829.38
16172.0,3.0,146.0,241.0,313.61,0.15,427.55,1791.02,1832.62,1828.46
15532.0,3.0,333.0,358.0,408.1933333333333,0.11,556.37,1658.77,1843.8,1825.3
17186.0,1.0,14.0,60.0,72.0,0.18,359.81,1783.84,1829.23,1824.69
15214.0,7.0,241.0,242.0,163.78714285714287,0.31,184.99,1634.24,1845.23,1824.13
13379.0,2.0,110.0,136.0,218.135,0.17,363.52,1724.85,1832.85,1822.05
16496.0,2.0,308.0,316.0,431.40999999999997,0.09,718.18,1721.9,1832.9,1821.8
15530.0,3.0,225.0,246.0,316.4066666666667,0.15,431.36,1776.23,1823.95,1819.18
14947.0,1.0,58.0,130.0,112.32,0.11,558.73,1679.83,1833.75,1818.35
15414.0,2.0,233.0,242.0,369.35,0.11,614.98,1850.9,1813.74,1817.46
18112.0,1.0,154.0,166.0,156.05,0.09,774.48,1936.51,1799.77,1813.45
15730.0,2.0,141.0,206.0,326.725,0.12,544.1,1869.79,1805.68,1812.1
17088.0,3.0,225.0,253.0,325.06,0.14,443.14,1782.31,1814.42,1811.21
18170.0,2.0,184.0,217.0,338.05,0.12,562.93,1854.17,1804.18,1809.18
17519.0,5.0,351.0,368.0,301.744,0.16,359.21,1628.52,1828.73,1808.71
15406.0,1.0,270.0,301.0,258.42,0.05,1279.54,1961.27,1789.08,1806.3
16726.0,3.0,335.0,361.0,417.48333333333335,0.11,569.02,1684.05,1816.53,1803.29
15241.0,7.0,217.0,283.0,194.44428571428574,0.28,219.59,1699.49,1811.48,1800.29
15184.0,1.0,161.0,190.0,171.53,0.08,850.85,1912.81,1786.95,1799.54
18101.0,1.0,132.0,143.0,113.42,0.1,564.16,1580.61,1823.08,1798.83
13118.0,3.0,269.0,288.0,335.62666666666667,0.13,457.54,1648.42,1811.7,1795.38
15201.0,3.0,160.0,247.0,311.68666666666667,0.15,424.93,1743.83,1800.22,1794.58
16515.0,4.0,259.0,311.0,326.655,0.15,408.27,1760.78,1791.39,1788.33
15565.0,1.0,20.0,70.0,84.36,0.16,420.79,1909.16,1774.42,1787.89
13217.0,2.0,34.0,156.0,224.48999999999998,0.15,374.09,1600.86,1806.21,1785.67
17457.0,4.0,213.0,339.0,337.975,0.14,422.4,1689.9,1795.96,1785.36
16332.0,6.0,277.0,305.0,245.15,0.22,282.9,1782.25,1785.33,1785.02
14621.0,4.0,357.0,358.0,370.665,0.14,463.23,1766.48,1784.21,1782.44
14290.0,4.0,350.0,361.0,384.2725,0.13,480.23,1817.85,1770.99,1775.67
17854.0,1.0,42.0,227.0,199.5,0.07,988.85,1923.78,1758.4,1774.94
17191.0,4.0,340.0,368.0,396.255,0.13,495.19,1842.95,1761.86,1769.97
14583.0,4.0,200.0,205.0,219.51,0.22,274.45,1679.84,1779.52,1769.55
14477.0,3.0,278.0,297.0,381.5333333333333,0.12,520.06,1824.78,1763.4,1769.54
16711.0,4.0,354.0,357.0,359.2075,0.14,448.92,1716.14,1773.68,1767.92
17966.0,3.0,224.0,261.0,317.1433333333334,0.14,432.36,1693.9,1775.83,1767.63
17667.0,3.0,232.0,298.0,375.82,0.12,512.28,1792.28,1763.4,1766.29
13824.0,4.0,278.0,310.0,314.015,0.15,392.48,1697.42,1773.73,1766.1
13475.0,3.0,107.0,298.0,371.5533333333333,0.12,506.47,1771.95,1763.4,1764.26
13495.0,4.0,361.0,368.0,383.48,0.13,479.24,1783.57,1761.86,1764.03
14897.0,3.0,289.0,296.0,396.96000000000004,0.13,541.07,1904.03,1746.43,1762.19
14264.0,1.0,91.0,245.0,218.27,0.06,1081.45,1974.62,1738.37,1761.99
17790.0,11.0,338.0,364.0,166.97272727272727,0.34,180.11,1710.46,1765.28,1759.8
13940.0,3.0,127.0,144.0,206.84,0.22,282.13,1779.4,1757.06,1759.3
17489.0,1.0,154.0,212.0,168.08,0.07,833.83,1715.84,1763.35,1758.6
12528.0,5.0,303.0,312.0,287.99,0.19,342.85,1796.22,1753.08,1757.39
13242.0,1.0,101.0,213.0,166.4,0.07,825.54,1692.27,1763.35,1756.25
15380.0,4.0,357.0,365.0,365.03999999999996,0.13,456.21,1710.19,1755.04,1750.55
14064.0,4.0,245.0,274.0,292.1475,0.17,365.17,1755.95,1747.32,1748.18
16992.0,4.0,274.0,284.0,298.1775,0.17,372.7,1738.16,1747.32,1746.4
13200.0,3.0,107.0,126.0,183.59,0.25,250.47,1743.23,1738.61,1739.07
12609.0,2.0,240.0,318.0,419.46,0.08,698.31,1665.11,1746.02,1737.93
16359.0,8.0,324.0,331.0,207.315,0.27,230.39,1762.53,1735.03,1737.78
16348.0,5.0,208.0,240.0,202.75,0.23,241.44,1581.3,1754.61,1737.28
13169.0,1.0,189.0,252.0,207.68,0.06,1029.2,1835.35,1723.37,1734.56
12423.0,7.0,353.0,353.0,231.6257142857143,0.23,261.55,1670.76,1739.95,1733.03
16554.0,2.0,289.0,331.0,418.125,0.08,696.09,1602.86,1746.02,1731.7
14379.0,1.0,251.0,295.0,237.12,0.06,1174.45,1831.7,1719.5,1730.72
13029.0,2.0,323.0,353.0,432.5,0.08,719.99,1566.91,1746.72,1728.73
18161.0,4.0,304.0,319.0,329.28999999999996,0.15,411.56,1736.27,1726.21,1727.21
15611.0,11.0,325.0,334.0,135.20000000000002,0.36,145.86,1493.97,1750.92,1725.22
16185.0,1.0,216.0,232.0,194.41,0.07,963.74,1841.42,1711.61,1724.59
14560.0,19.0,350.0,357.0,96.29473684210525,0.58,100.56,1642.5,1732.33,1723.35
16456.0,4.0,274.0,373.0,342.7425,0.13,428.36,1575.27,1734.79,1718.84
17934.0,1.0,7.0,58.0,65.8,0.18,329.22,1663.03,1719.17,1713.55
16954.0,7.0,359.0,359.0,248.32571428571427,0.22,280.4,1764.74,1705.78,1711.67
16791.0,5.0,303.0,332.0,293.28000000000003,0.18,349.14,1732.89,1709.14,1711.51
13995.0,4.0,230.0,245.0,270.81,0.19,338.52,1789.0,1702.87,1711.48
15810.0,3.0,218.0,296.0,338.21999999999997,0.13,461.07,1622.5,1720.3,1710.52
14030.0,6.0,348.0,366.0,280.59833333333336,0.19,323.78,1739.14,1707.32,1710.5
13611.0,2.0,270.0,359.0,434.32500000000005,0.08,723.03,1550.31,1727.18,1709.49
15351.0,6.0,357.0,369.0,280.90666666666664,0.19,324.13,1728.52,1707.32,1709.44
14472.0,7.0,252.0,355.0,236.70857142857145,0.23,267.29,1698.92,1710.03,1708.92
16189.0,1.0,70.0,85.0,71.0,0.14,354.87,1428.31,1738.28,1707.28
13167.0,3.0,125.0,143.0,182.80666666666664,0.23,249.4,1581.2,1719.99,1706.11
17312.0,2.0,21.0,159.0,249.25,0.15,415.26,1751.28,1697.53,1702.9
15021.0,7.0,358.0,366.0,244.16857142857143,0.22,275.7,1705.86,1701.08,1701.55
14673.0,4.0,364.0,367.0,340.72749999999996,0.13,425.84,1588.67,1713.55,1701.06
17204.0,2.0,88.0,263.0,387.825,0.1,645.7,1812.08,1688.15,1700.54
17228.0,7.0,357.0,372.0,246.11285714285714,0.22,277.9,1694.86,1701.08,1700.45
12393.0,3.0,260.0,332.0,373.3666666666666,0.11,508.94,1621.22,1709.09,1700.3
15967.0,1.0,295.0,318.0,245.03,0.05,1213.48,1773.58,1690.68,1698.97
15392.0,3.0,356.0,360.0,398.84999999999997,0.11,543.64,1612.89,1707.42,1697.97
14745.0,3.0,173.0,285.0,326.55333333333334,0.13,445.18,1618.35,1706.8,1697.95
13634.0,4.0,294.0,327.0,303.28999999999996,0.15,379.08,1565.14,1708.55,1694.21
15157.0,2.0,355.0,358.0,425.30499999999995,0.08,708.03,1521.89,1713.17,1694.05
17562.0,6.0,159.0,173.0,137.04666666666665,0.36,158.23,1592.61,1704.83,1693.61
13305.0,9.0,368.0,372.0,207.18444444444444,0.27,227.44,1752.91,1686.36,1693.01
13477.0,5.0,254.0,291.0,253.836,0.2,302.21,1681.46,1694.21,1692.93
13681.0,3.0,138.0,155.0,208.12333333333333,0.21,283.88,1693.34,1691.91,1692.05
15518.0,6.0,268.0,332.0,258.9483333333333,0.21,298.81,1748.7,1682.12,1688.77
13750.0,4.0,283.0,336.0,330.455,0.14,413.01,1665.24,1691.06,1688.47
16232.0,2.0,172.0,215.0,312.20500000000004,0.12,519.95,1725.63,1681.61,1686.01
13308.0,2.0,181.0,203.0,285.28,0.12,475.18,1652.47,1688.18,1684.61
17158.0,2.0,328.0,360.0,426.59,0.08,710.17,1519.0,1702.36,1684.02
15569.0,3.0,229.0,332.0,362.40333333333336,0.11,494.0,1573.65,1696.05,1683.81
12962.0,1.0,106.0,113.0,95.85,0.12,477.47,1587.24,1690.64,1680.3
16042.0,3.0,310.0,332.0,390.7733333333333,0.11,532.64,1696.74,1678.1,1679.97
16091.0,1.0,44.0,198.0,157.81,0.08,783.16,1703.34,1673.89,1676.84
17341.0,1.0,210.0,366.0,267.76,0.05,1325.62,1712.77,1672.81,1676.8
17856.0,3.0,280.0,281.0,311.74,0.13,425.0,1563.8,1689.14,1676.6
17886.0,2.0,218.0,249.0,338.21000000000004,0.1,563.2,1655.07,1678.73,1676.36
17774.0,3.0,209.0,305.0,335.14,0.12,456.87,1566.73,1686.81,1674.8
15095.0,2.0,100.0,203.0,300.04999999999995,0.12,499.74,1737.89,1667.78,1674.79
15680.0,2.0,357.0,366.0,427.395,0.07,711.5,1499.8,1693.23,1673.88
17629.0,7.0,354.0,359.0,225.06714285714287,0.22,254.15,1599.54,1681.08,1672.92
14321.0,4.0,323.0,333.0,300.9825,0.14,376.2,1528.77,1688.45,1672.48
13662.0,2.0,174.0,259.0,335.03,0.1,557.91,1586.1,1678.73,1669.46
15827.0,10.0,299.0,372.0,164.516,0.3,178.87,1522.45,1685.33,1669.05
14448.0,1.0,355.0,364.0,273.0,0.05,1351.47,1754.65,1658.97,1668.54
17521.0,2.0,170.0,199.0,281.825,0.13,469.43,1658.95,1665.45,1664.8
16996.0,4.0,323.0,353.0,332.355,0.14,415.38,1603.78,1669.81,1663.21
15577.0,1.0,154.0,305.0,229.23,0.05,1135.52,1720.8,1655.81,1662.31
13397.0,4.0,267.0,339.0,311.0525,0.14,388.78,1555.38,1673.4,1661.59
16807.0,2.0,128.0,270.0,375.18,0.1,624.67,1714.46,1654.46,1660.46
18179.0,5.0,327.0,336.0,291.474,0.17,346.99,1704.27,1652.74,1657.9
17293.0,7.0,353.0,361.0,218.42428571428573,0.22,246.65,1544.76,1670.47,1657.9
12383.0,4.0,168.0,352.0,312.46,0.14,390.54,1511.61,1673.4,1657.22
17522.0,4.0,217.0,218.0,230.8175,0.21,288.57,1679.91,1651.78,1654.59
17410.0,4.0,199.0,215.0,228.07999999999998,0.21,285.15,1678.95,1651.78,1654.5
17080.0,1.0,247.0,269.0,211.3,0.06,1047.06,1767.02,1641.97,1654.48
13094.0,11.0,347.0,368.0,154.87636363636364,0.33,167.07,1571.35,1663.59,1654.37
16775.0,10.0,357.0,367.0,146.376,0.31,159.16,1371.0,1685.33,1653.9
13890.0,8.0,357.0,358.0,211.6825,0.25,235.24,1679.92,1650.53,1653.47
17337.0,3.0,159.0,310.0,333.71666666666664,0.12,454.93,1538.28,1665.99,1653.22
13313.0,4.0,317.0,339.0,312.005,0.14,389.97,1560.14,1652.15,1642.95
13012.0,7.0,285.0,294.0,183.51,0.27,207.25,1552.38,1651.67,1641.74
13005.0,1.0,73.0,246.0,192.05,0.06,952.09,1732.51,1628.0,1638.45
15281.0,8.0,275.0,333.0,193.96625,0.27,215.57,1640.45,1637.69,1637.97
14223.0,2.0,172.0,264.0,343.115,0.1,571.35,1598.28,1640.13,1635.95
16676.0,3.0,304.0,337.0,375.76666666666665,0.11,512.21,1610.43,1638.68,1635.86
13707.0,1.0,48.0,315.0,223.0,0.05,1104.79,1628.08,1634.02,1633.43
13627.0,4.0,298.0,357.0,331.82,0.14,414.72,1585.38,1638.7,1633.37
16637.0,3.0,193.0,225.0,283.6166666666666,0.16,386.7,1714.89,1617.27,1627.03
14522.0,3.0,174.0,198.0,231.97,0.17,316.36,1557.02,1631.62,1624.16
15344.0,2.0,74.0,74.0,127.625,0.25,213.01,1524.92,1634.44,1623.49
16271.0,4.0,356.0,358.0,324.005,0.14,404.96,1544.25,1631.0,1622.32
14973.0,2.0,118.0,225.0,329.925,0.11,549.42,1756.6,1605.66,1620.75
14276.0,2.0,191.0,289.0,389.27,0.09,648.1,1678.44,1614.2,1620.62
16455.0,5.0,308.0,371.0,291.976,0.16,347.59,1564.55,1623.01,1617.16
15865.0,2.0,173.0,213.0,290.6,0.12,484.02,1618.71,1612.17,1612.82
18016.0,4.0,332.0,364.0,331.72749999999996,0.13,414.6,1558.0,1617.77,1611.8
13376.0,2.0,135.0,234.0,321.88,0.11,536.04,1659.11,1605.66,1611.0
16249.0,4.0,187.0,239.0,246.31,0.19,307.92,1661.32,1604.65,1610.32
14195.0,1.0,51.0,252.0,183.6,0.06,910.4,1623.5,1607.57,1609.16
15436.0,2.0,222.0,234.0,316.74,0.11,527.49,1632.65,1605.66,1608.36
17634.0,8.0,301.0,337.0,197.04,0.27,218.98,1649.11,1602.36,1607.04
14931.0,4.0,236.0,240.0,241.17,0.19,301.5,1621.04,1604.65,1606.29
14533.0,6.0,328.0,352.0,252.70333333333335,0.2,291.61,1621.19,1604.47,1606.15
18147.0,1.0,63.0,108.0,80.46000000000001,0.12,401.55,1377.66,1626.02,1601.19
13752.0,5.0,122.0,246.0,181.73600000000002,0.23,216.43,1388.61,1620.04,1596.9
13817.0,1.0,322.0,351.0,254.28,0.05,1259.11,1688.03,1582.35,1592.92
13330.0,2.0,223.0,315.0,402.55499999999995,0.09,670.2,1611.29,1588.66,1590.92
13692.0,2.0,212.0,236.0,315.845,0.11,526.0,1616.57,1588.0,1590.86
16098.0,6.0,286.0,373.0,262.505,0.19,302.91,1600.0,1589.66,1590.69
14161.0,2.0,154.0,369.0,413.68500000000006,0.07,688.71,1441.29,1606.35,1589.84
17630.0,1.0,63.0,232.0,168.1,0.07,833.93,1593.4,1587.69,1588.27
17175.0,3.0,252.0,296.0,308.2033333333333,0.13,420.19,1478.64,1597.73,1585.82
14514.0,2.0,270.0,331.0,400.05,0.08,666.03,1533.65,1588.66,1583.15
13544.0,1.0,201.0,240.0,168.5,0.07,835.9,1552.79,1584.28,1581.13
17119.0,1.0,56.0,59.0,59.66,0.18,298.93,1495.87,1589.89,1580.49
14540.0,2.0,300.0,309.0,400.18,0.09,666.25,1628.72,1574.65,1580.06
18061.0,9.0,345.0,366.0,190.47222222222223,0.28,209.1,1634.95,1573.58,1579.72
17054.0,4.0,217.0,245.0,260.565,0.19,325.72,1721.38,1563.96,1579.7
17974.0,2.0,195.0,219.0,284.01,0.12,473.06,1546.49,1581.76,1578.23
17787.0,3.0,219.0,371.0,376.3033333333333,0.1,512.94,1481.82,1586.94,1576.43
15014.0,1.0,133.0,176.0,142.44,0.08,707.33,1689.61,1556.62,1569.92
17795.0,1.0,85.0,264.0,187.14,0.06,927.87,1590.97,1566.45,1568.9
14499.0,2.0,252.0,278.0,344.65,0.1,573.9,1536.45,1571.1,1567.63
15434.0,3.0,192.0,200.0,244.84,0.17,333.89,1630.03,1558.62,1565.76
17671.0,3.0,350.0,365.0,392.8433333333333,0.1,535.46,1569.38,1565.09,1565.52
17218.0,9.0,364.0,368.0,185.35333333333335,0.28,203.48,1583.39,1563.11,1565.14
12963.0,6.0,357.0,365.0,248.47166666666666,0.19,286.73,1543.86,1566.74,1564.45
16572.0,2.0,148.0,275.0,333.51,0.1,555.38,1500.67,1571.1,1564.06
14948.0,5.0,196.0,219.0,164.714,0.25,196.18,1386.04,1583.31,1563.58
14443.0,3.0,315.0,368.0,372.23333333333335,0.1,507.39,1476.38,1572.94,1563.28
17783.0,1.0,175.0,247.0,171.06,0.06,848.53,1538.83,1564.97,1562.35
13717.0,5.0,266.0,298.0,229.392,0.19,273.13,1488.9,1570.37,1562.22
12541.0,2.0,251.0,280.0,334.39,0.09,556.84,1481.68,1571.1,1562.16
16638.0,9.0,346.0,368.0,181.14666666666665,0.28,198.87,1547.47,1563.11,1561.54
14177.0,2.0,93.0,179.0,220.665,0.14,367.73,1414.09,1577.52,1561.17
14587.0,8.0,313.0,331.0,172.53625,0.27,191.76,1467.02,1571.45,1561.0
18221.0,4.0,189.0,211.0,201.785,0.21,252.31,1508.54,1566.49,1560.7
13719.0,4.0,219.0,234.0,227.195,0.2,284.05,1559.7,1558.17,1558.32
16805.0,1.0,187.0,360.0,245.82,0.05,1217.37,1596.05,1549.26,1553.94
17870.0,8.0,364.0,366.0,195.99374999999998,0.25,217.82,1525.41,1554.8,1551.86
14785.0,1.0,5.0,15.0,37.92,0.3,191.67,1630.55,1542.62,1551.41
13037.0,2.0,118.0,256.0,315.325,0.1,525.14,1507.69,1556.16,1551.31
17462.0,1.0,224.0,284.0,212.28,0.06,1051.9,1694.94,1534.78,1550.8
15199.0,3.0,249.0,308.0,305.2,0.12,416.1,1414.86,1564.24,1549.3
14916.0,3.0,254.0,324.0,324.6433333333334,0.12,442.58,1440.16,1561.08,1548.99
17720.0,3.0,341.0,367.0,364.6466666666667,0.1,497.06,1449.8,1559.9,1548.89
17874.0,2.0,70.0,255.0,309.15,0.1,514.87,1483.09,1556.16,1548.85
15847.0,1.0,250.0,288.0,208.59,0.06,1033.69,1645.77,1534.78,1545.88
13569.0,1.0,350.0,367.0,255.43,0.05,1264.79,1630.24,1535.08,1544.6
17463.0,4.0,297.0,313.0,296.725,0.15,370.88,1590.7,1539.16,1544.32
12775.0,4.0,294.0,311.0,292.89750000000004,0.15,366.1,1578.94,1539.16,1543.14
16298.0,2.0,164.0,186.0,241.95,0.13,403.12,1503.8,1547.3,1542.95
17096.0,3.0,246.0,261.0,296.2133333333333,0.14,403.86,1582.22,1537.37,1541.85
17674.0,1.0,294.0,368.0,250.38,0.05,1239.87,1594.28,1535.08,1541.0
15163.0,1.0,174.0,192.0,149.47,0.08,742.02,1654.22,1524.27,1537.26
16384.0,1.0,174.0,263.0,175.4,0.06,869.95,1496.46,1538.73,1534.5
13591.0,2.0,202.0,266.0,327.465,0.1,545.33,1515.76,1535.22,1533.28
16317.0,2.0,178.0,297.0,385.445,0.09,641.74,1623.41,1522.8,1532.86
16833.0,2.0,333.0,334.0,398.525,0.08,663.5,1515.8,1534.19,1532.35
15918.0,1.0,81.0,271.0,192.23000000000002,0.06,952.98,1598.16,1523.65,1531.1
13158.0,3.0,224.0,318.0,314.8833333333333,0.12,429.28,1419.81,1543.42,1531.06
14075.0,2.0,257.0,261.0,317.16999999999996,0.1,528.21,1491.94,1535.22,1530.89
16612.0,3.0,279.0,311.0,302.5366666666667,0.12,412.47,1390.8,1543.42,1528.16
13107.0,3.0,289.0,333.0,321.5933333333333,0.11,438.42,1392.93,1540.98,1526.18
15227.0,3.0,281.0,317.0,300.39000000000004,0.12,409.54,1358.24,1543.42,1524.9
16842.0,2.0,202.0,302.0,371.81,0.09,619.07,1543.67,1522.8,1524.88
12826.0,6.0,363.0,365.0,219.95333333333335,0.19,253.84,1366.78,1542.04,1524.52
16719.0,6.0,354.0,368.0,226.615,0.19,261.52,1397.99,1537.35,1523.42
15002.0,3.0,252.0,367.0,336.7033333333333,0.1,459.0,1338.79,1543.85,1523.34
17162.0,5.0,277.0,305.0,258.21,0.19,307.42,1642.55,1502.66,1516.65
16395.0,4.0,270.0,330.0,296.43999999999994,0.15,370.53,1517.67,1516.47,1516.59
16877.0,5.0,196.0,208.0,155.19400000000002,0.26,184.86,1362.17,1533.11,1516.02
12997.0,3.0,295.0,317.0,307.11333333333334,0.12,418.7,1388.61,1529.41,1515.33
15449.0,2.0,235.0,261.0,314.29999999999995,0.1,523.43,1478.46,1517.56,1513.65
15426.0,3.0,350.0,369.0,345.3233333333333,0.1,470.74,1366.45,1529.84,1513.5
14960.0,1.0,163.0,171.0,132.97,0.09,660.61,1614.05,1501.16,1512.45
15983.0,3.0,351.0,373.0,344.71000000000004,0.1,469.91,1351.06,1529.84,1511.96
15793.0,2.0,254.0,268.0,329.485,0.1,548.69,1515.44,1511.41,1511.82
15376.0,2.0,182.0,222.0,289.595,0.11,482.35,1559.32,1505.75,1511.11
13064.0,3.0,315.0,327.0,305.39666666666665,0.11,416.36,1344.01,1529.41,1510.87
14035.0,4.0,269.0,297.0,281.605,0.16,352.0,1579.75,1502.34,1510.08
16511.0,2.0,245.0,266.0,304.755,0.1,507.56,1410.79,1517.56,1506.89
17083.0,2.0,194.0,303.0,357.21,0.09,594.79,1478.9,1509.76,1506.68
15106.0,4.0,252.0,269.0,252.95499999999998,0.17,316.22,1544.57,1500.06,1504.51
13311.0,1.0,146.0,150.0,108.46,0.1,539.69,1458.56,1507.8,1502.88
13499.0,4.0,252.0,269.0,250.22,0.17,312.8,1527.88,1500.06,1502.84
18270.0,1.0,228.0,266.0,171.20000000000002,0.06,849.23,1446.85,1508.7,1502.51
14495.0,1.0,71.0,121.0,83.2,0.11,415.06,1314.4,1522.63,1501.81
13162.0,3.0,212.0,334.0,311.6766666666667,0.11,424.92,1346.48,1517.15,1500.08
14385.0,2.0,14.0,23.0,73.475,0.44,122.96,1513.85,1497.62,1499.24
16801.0,3.0,110.0,273.0,289.2766666666667,0.13,394.41,1487.41,1497.64,1496.62
12868.0,5.0,188.0,373.0,280.752,0.16,334.24,1497.3,1490.68,1491.34
15260.0,5.0,272.0,372.0,278.054,0.16,331.03,1486.45,1490.68,1490.26
12994.0,2.0,264.0,268.0,310.90999999999997,0.1,517.8,1430.13,1493.75,1487.39
17259.0,1.0,220.0,368.0,221.73000000000002,0.05,1098.52,1412.53,1494.88,1486.65
12872.0,1.0,39.0,365.0,221.44,0.05,1097.09,1420.94,1493.46,1486.21
13110.0,5.0,280.0,311.0,243.42400000000004,0.19,289.83,1522.67,1481.84,1485.92
12936.0,2.0,61.0,78.0,132.72,0.25,221.48,1535.19,1477.29,1483.08
17034.0,2.0,271.0,287.0,301.86,0.09,502.75,1309.77,1502.2,1482.96
15625.0,3.0,132.0,235.0,279.6433333333334,0.15,381.29,1631.11,1463.7,1480.44
16434.0,6.0,270.0,299.0,186.875,0.23,215.69,1382.36,1491.23,1480.34
16838.0,1.0,91.0,288.0,196.73000000000002,0.06,975.18,1552.61,1472.08,1480.13
17950.0,1.0,293.0,365.0,219.03,0.05,1085.2,1405.54,1487.41,1479.22
14447.0,3.0,262.0,280.0,299.41,0.13,408.21,1506.59,1475.81,1478.89
14631.0,2.0,248.0,298.0,348.74,0.09,580.71,1464.76,1479.7,1478.2
16205.0,3.0,149.0,179.0,216.34333333333333,0.19,295.08,1573.91,1463.22,1474.29
17734.0,2.0,180.0,233.0,293.82500000000005,0.11,489.39,1520.1,1467.76,1472.99
17557.0,2.0,67.0,81.0,126.55000000000001,0.24,211.22,1429.98,1477.29,1472.56
17388.0,3.0,210.0,287.0,292.65333333333336,0.13,399.01,1441.85,1475.81,1472.42
15745.0,3.0,217.0,236.0,263.91333333333336,0.15,359.86,1534.04,1463.7,1470.73
15660.0,5.0,340.0,365.0,278.312,0.16,331.33,1513.05,1465.07,1469.87
16690.0,1.0,129.0,201.0,139.07999999999998,0.08,690.76,1484.25,1468.19,1469.8
16059.0,5.0,302.0,367.0,268.322,0.16,319.45,1451.75,1469.44,1467.67
14541.0,6.0,261.0,319.0,216.43499999999997,0.22,249.78,1513.57,1462.11,1467.26
15987.0,5.0,356.0,368.0,267.56,0.16,318.54,1444.15,1469.44,1466.91
14404.0,5.0,336.0,369.0,268.168,0.16,319.26,1443.95,1469.44,1466.89
17058.0,2.0,158.0,239.0,298.58500000000004,0.11,497.3,1512.38,1456.39,1461.99
14496.0,1.0,62.0,373.0,234.47,0.05,1161.38,1475.61,1460.4,1461.92
15679.0,3.0,158.0,182.0,201.01999999999998,0.19,274.21,1443.5,1463.22,1461.24
14507.0,4.0,253.0,276.0,251.0825,0.17,313.88,1500.01,1454.84,1459.35
16188.0,3.0,198.0,242.0,276.7366666666667,0.15,377.33,1575.19,1443.66,1456.82
13479.0,1.0,34.0,234.0,156.6,0.07,777.19,1474.46,1453.13,1455.26
15012.0,1.0,320.0,373.0,231.98,0.05,1149.09,1460.0,1454.35,1454.91
16817.0,8.0,366.0,368.0,170.06875,0.25,189.02,1317.39,1469.45,1454.24
15549.0,2.0,239.0,316.0,375.58000000000004,0.09,625.34,1499.31,1446.33,1451.63
17779.0,2.0,122.0,143.0,167.74,0.16,279.71,1278.54,1457.82,1439.89
17468.0,1.0,4.0,14.0,30.0,0.31,152.59,1319.12,1452.6,1439.25
13819.0,2.0,18.0,319.0,366.025,0.08,609.45,1449.26,1437.72,1438.87
15267.0,4.0,160.0,182.0,170.4,0.24,213.11,1434.94,1439.09,1438.68
14231.0,2.0,105.0,288.0,308.38,0.09,513.59,1334.04,1448.53,1437.08
15953.0,7.0,354.0,369.0,207.07714285714286,0.22,233.85,1436.45,1436.01,1436.05
16212.0,1.0,264.0,283.0,192.19,0.06,952.78,1539.87,1424.42,1435.96
13956.0,4.0,266.0,271.0,226.675,0.17,283.4,1375.56,1442.21,1435.55
15561.0,2.0,204.0,215.0,267.41999999999996,0.12,445.48,1478.46,1428.19,1433.22
16365.0,7.0,350.0,367.0,200.07999999999998,0.22,225.95,1394.64,1436.01,1431.87
14758.0,3.0,115.0,259.0,276.43666666666667,0.14,376.92,1486.32,1422.39,1428.78
16949.0,5.0,313.0,316.0,242.36999999999998,0.18,288.57,1495.25,1421.11,1428.52
17368.0,7.0,314.0,337.0,192.78857142857143,0.24,217.72,1448.6,1424.46,1426.88
12348.0,3.0,283.0,358.0,301.48,0.11,411.03,1225.45,1448.92,1426.57
13538.0,6.0,272.0,315.0,185.67500000000004,0.22,214.31,1312.93,1438.91,1426.31
17673.0,5.0,319.0,320.0,245.34,0.18,292.11,1497.1,1416.66,1424.7
13675.0,1.0,133.0,284.0,178.38,0.06,884.65,1425.45,1424.42,1424.52
14512.0,1.0,45.0,232.0,148.96,0.07,739.5,1412.97,1422.44,1421.49
17526.0,3.0,361.0,365.0,323.03333333333336,0.1,440.38,1290.71,1434.06,1419.73
13310.0,2.0,296.0,324.0,360.92499999999995,0.08,600.97,1409.88,1419.29,1418.35
14620.0,1.0,78.0,283.0,177.43,0.06,879.96,1422.18,1416.46,1417.03
14913.0,3.0,324.0,359.0,308.8533333333333,0.11,421.07,1252.31,1434.91,1416.65
16861.0,1.0,99.0,158.0,102.96,0.09,512.55,1331.39,1422.42,1413.32
17262.0,3.0,314.0,366.0,328.1666666666667,0.1,447.38,1308.03,1424.93,1413.24
15433.0,1.0,54.0,267.0,160.66,0.06,797.22,1353.94,1419.24,1412.71
18236.0,5.0,211.0,240.0,151.808,0.23,180.83,1184.36,1436.67,1411.44
13309.0,4.0,301.0,308.0,266.52,0.15,333.16,1448.97,1406.41,1410.67
16503.0,3.0,254.0,360.0,314.6133333333333,0.11,428.92,1272.51,1421.65,1406.74
15198.0,1.0,32.0,124.0,86.0,0.11,428.88,1334.44,1412.02,1404.26
16882.0,2.0,251.0,317.0,347.61,0.08,578.83,1383.99,1403.23,1401.31
16357.0,2.0,180.0,213.0,260.49,0.12,433.95,1451.26,1395.7,1401.25
17064.0,2.0,269.0,327.0,355.75,0.08,592.36,1378.57,1403.23,1400.76
16139.0,2.0,188.0,206.0,247.805,0.12,412.86,1418.79,1395.7,1398.01
17800.0,8.0,297.0,334.0,132.87,0.27,147.71,1121.1,1428.44,1397.71
13575.0,4.0,153.0,176.0,160.88,0.25,201.22,1391.19,1396.33,1395.82
16728.0,3.0,218.0,264.0,276.7266666666667,0.14,377.32,1464.02,1383.79,1391.82
12399.0,3.0,142.0,261.0,273.53333333333336,0.14,372.97,1461.2,1383.79,1391.53
13026.0,4.0,274.0,275.0,222.75,0.17,278.49,1335.02,1396.99,1390.79
17048.0,2.0,214.0,331.0,333.47,0.08,555.31,1278.7,1403.23,1390.78
14738.0,6.0,274.0,316.0,184.9466666666667,0.22,213.47,1304.19,1399.42,1389.9
13760.0,1.0,202.0,256.0,151.7,0.06,753.02,1325.16,1396.25,1389.14
15584.0,3.0,139.0,162.0,190.15333333333334,0.2,259.41,1495.73,1377.02,1388.89
13258.0,2.0,194.0,205.0,236.98000000000002,0.12,394.86,1362.29,1390.91,1388.05
16062.0,3.0,355.0,364.0,302.02000000000004,0.1,411.76,1209.76,1407.64,1387.85
17255.0,1.0,259.0,299.0,185.95,0.05,922.0,1421.38,1383.88,1387.63
13718.0,1.0,49.0,295.0,192.5,0.06,954.31,1488.36,1375.93,1387.17
14331.0,1.0,11.0,135.0,79.0,0.1,394.34,1153.17,1411.91,1386.03
16869.0,3.0,153.0,175.0,197.29666666666665,0.19,269.13,1461.3,1377.02,1385.45
18282.0,1.0,119.0,126.0,77.84,0.11,388.62,1195.27,1404.63,1383.7
14748.0,3.0,339.0,368.0,315.10999999999996,0.1,429.59,1250.0,1398.51,1383.66
16539.0,3.0,371.0,373.0,315.4866666666667,0.1,430.11,1236.62,1398.51,1382.32
17019.0,3.0,357.0,368.0,304.59666666666664,0.1,415.27,1208.34,1398.51,1379.49
14312.0,5.0,291.0,337.0,260.408,0.17,310.03,1518.79,1360.26,1376.11
15133.0,2.0,174.0,301.0,324.61,0.09,540.58,1351.82,1374.79,1372.49
13725.0,7.0,259.0,308.0,147.55857142857144,0.26,166.68,1199.35,1388.98,1370.01
14915.0,1.0,186.0,277.0,165.2,0.06,819.62,1349.13,1370.41,1368.28
18095.0,1.0,20.0,332.0,205.3,0.05,1017.46,1432.29,1360.57,1367.74
17348.0,4.0,283.0,297.0,249.8425,0.16,312.33,1401.71,1363.43,1367.26
15850.0,1.0,149.0,168.0,119.97,0.09,596.47,1477.6,1352.4,1364.92
16208.0,1.0,245.0,289.0,166.67000000000002,0.06,826.88,1312.58,1370.41,1364.62
13453.0,1.0,124.0,289.0,171.98,0.06,853.07,1354.17,1362.45,1361.62
14414.0,6.0,267.0,358.0,213.29666666666665,0.19,246.16,1348.3,1356.64,1355.8
12947.0,5.0,230.0,373.0,259.99,0.16,309.53,1386.64,1351.77,1355.26
15407.0,3.0,272.0,305.0,297.1466666666667,0.12,405.13,1389.28,1350.92,1354.75
15644.0,2.0,95.0,261.0,287.19,0.1,478.35,1351.13,1350.43,1350.5
16009.0,3.0,137.0,159.0,176.84,0.21,241.27,1411.36,1337.9,1345.24
14878.0,8.0,346.0,358.0,145.44125,0.25,161.67,1154.52,1366.16,1344.99
14901.0,8.0,361.0,372.0,152.14249999999998,0.25,169.11,1167.4,1364.52,1344.81
15602.0,8.0,360.0,368.0,150.665,0.25,167.47,1167.19,1364.52,1344.79
13656.0,1.0,173.0,337.0,216.95,0.05,1074.94,1493.54,1328.05,1344.6
16418.0,2.0,182.0,226.0,264.68,0.11,440.92,1404.56,1334.58,1341.58
13389.0,2.0,221.0,232.0,270.03499999999997,0.11,449.82,1402.21,1334.58,1341.34
17711.0,1.0,279.0,289.0,164.57,0.06,816.51,1296.14,1343.68,1338.92
13549.0,6.0,217.0,242.0,122.44999999999999,0.27,141.39,1084.39,1366.09,1337.92
17115.0,2.0,225.0,233.0,263.74,0.11,439.36,1364.7,1334.58,1337.59
17288.0,6.0,349.0,358.0,214.36166666666668,0.19,247.39,1355.03,1335.39,1337.35
15737.0,6.0,228.0,242.0,121.54,0.27,140.34,1076.34,1366.09,1337.12
14737.0,2.0,350.0,353.0,365.275,0.08,608.2,1323.62,1337.53,1336.14
13220.0,3.0,158.0,236.0,245.29666666666665,0.15,334.51,1425.95,1324.79,1334.91
12464.0,6.0,299.0,309.0,166.35833333333332,0.22,192.03,1196.23,1349.25,1333.95
13610.0,6.0,273.0,285.0,148.785,0.24,171.76,1147.14,1353.77,1333.11
13546.0,2.0,188.0,200.0,219.41500000000002,0.13,365.65,1286.96,1337.85,1332.76
14573.0,7.0,193.0,372.0,177.1885714285714,0.22,200.11,1220.47,1344.82,1332.38
13811.0,2.0,56.0,239.0,277.875,0.11,462.86,1407.64,1323.21,1331.66
17646.0,2.0,146.0,365.0,378.69500000000005,0.08,630.52,1332.31,1330.98,1331.11
15079.0,2.0,153.0,365.0,376.83,0.08,627.42,1325.75,1330.98,1330.46
16441.0,1.0,224.0,291.0,170.2,0.06,844.29,1332.32,1329.87,1330.12
16175.0,3.0,146.0,240.0,254.91,0.15,347.6,1461.18,1313.43,1328.2
15421.0,2.0,252.0,310.0,327.65,0.09,545.63,1330.14,1327.46,1327.73
14006.0,2.0,197.0,312.0,328.875,0.09,547.67,1327.69,1327.46,1327.48
14741.0,5.0,361.0,372.0,243.16799999999998,0.16,289.52,1300.08,1330.53,1327.48
15916.0,6.0,350.0,366.0,215.93999999999997,0.19,249.21,1338.61,1324.33,1325.76
12924.0,3.0,239.0,327.0,291.83666666666664,0.11,397.89,1284.4,1330.1,1325.53
17033.0,2.0,273.0,359.0,361.16999999999996,0.08,601.38,1289.47,1328.76,1324.83
17126.0,2.0,210.0,362.0,396.07500000000005,0.08,659.42,1403.58,1315.79,1324.57
18116.0,7.0,297.0,364.0,182.62142857142857,0.22,206.25,1282.3,1328.26,1323.66
17041.0,2.0,334.0,360.0,388.53499999999997,0.08,646.88,1383.64,1316.97,1323.64
15027.0,3.0,208.0,238.0,241.58333333333334,0.15,329.45,1394.57,1313.43,1321.54
14898.0,5.0,348.0,371.0,241.004,0.16,286.95,1291.59,1324.17,1320.91
14517.0,1.0,108.0,141.0,78.0,0.1,389.41,1102.57,1344.9,1320.67
17320.0,2.0,268.0,368.0,374.85,0.07,624.13,1309.28,1321.85,1320.59
14475.0,2.0,233.0,304.0,309.65,0.09,515.7,1278.61,1323.63,1319.13
15289.0,2.0,220.0,249.0,282.16499999999996,0.1,470.0,1381.19,1311.46,1318.44
15192.0,2.0,246.0,365.0,364.65999999999997,0.08,607.18,1282.99,1317.95,1314.45
13652.0,2.0,323.0,368.0,393.14,0.07,654.54,1373.09,1307.84,1314.37
16520.0,2.0,179.0,365.0,360.405,0.08,600.1,1268.04,1317.95,1312.96
14446.0,3.0,246.0,246.0,245.51333333333332,0.15,334.8,1378.64,1304.76,1312.15
15059.0,6.0,294.0,334.0,192.49,0.21,222.17,1293.36,1313.99,1311.93
12724.0,3.0,327.0,332.0,292.17,0.11,398.35,1268.94,1316.09,1311.37
15164.0,2.0,271.0,339.0,334.83,0.08,557.57,1257.36,1317.05,1311.08
14818.0,2.0,180.0,253.0,269.775,0.1,449.39,1303.08,1311.46,1310.62
14794.0,6.0,332.0,334.0,190.135,0.21,219.45,1277.55,1313.99,1310.35
15840.0,1.0,114.0,172.0,113.82000000000001,0.09,566.13,1376.92,1298.16,1306.04
15910.0,7.0,316.0,316.0,154.67000000000002,0.25,174.7,1229.46,1314.41,1305.92
12576.0,4.0,269.0,304.0,262.245,0.16,327.82,1441.96,1288.75,1304.07
14501.0,1.0,136.0,319.0,184.28,0.05,913.76,1331.88,1299.94,1303.13
15036.0,2.0,107.0,179.0,206.2,0.14,343.67,1321.59,1300.3,1302.43
13617.0,2.0,140.0,180.0,206.535,0.14,344.23,1317.92,1300.3,1302.06
18078.0,1.0,42.0,259.0,138.19,0.06,686.37,1196.05,1313.82,1302.05
17827.0,2.0,359.0,364.0,361.83,0.08,602.47,1276.14,1303.94,1301.16
13741.0,2.0,146.0,217.0,252.735,0.12,421.06,1386.86,1289.28,1299.04
15145.0,3.0,244.0,248.0,257.5,0.15,351.13,1436.09,1283.48,1298.74
12877.0,11.0,355.0,358.0,125.97363636363637,0.34,135.91,1309.76,1295.78,1297.18
16899.0,5.0,353.0,360.0,222.202,0.16,264.58,1223.02,1304.16,1296.04
14768.0,1.0,110.0,127.0,59.4,0.11,297.64,910.22,1338.53,1295.7
14114.0,1.0,57.0,330.0,191.4,0.05,948.88,1342.82,1289.68,1294.99
13473.0,1.0,272.0,332.0,181.38,0.05,899.45,1266.16,1297.63,1294.48
13068.0,1.0,309.0,319.0,179.0,0.05,887.71,1293.91,1293.88,1293.89
15101.0,1.0,351.0,359.0,215.25,0.05,1066.55,1401.75,1278.53,1290.85
17928.0,1.0,201.0,246.0,134.28,0.06,667.07,1213.86,1298.82,1290.32
14470.0,1.0,276.0,287.0,163.55,0.06,811.48,1295.84,1288.9,1289.59
15456.0,1.0,76.0,359.0,204.0,0.05,1011.05,1328.81,1284.58,1289.01
15121.0,1.0,238.0,288.0,162.57,0.06,806.65,1284.28,1288.9,1288.44
17951.0,2.0,334.0,373.0,356.52,0.07,593.64,1230.54,1294.81,1288.38
14880.0,2.0,211.0,288.0,288.495,0.09,480.52,1248.14,1288.88,1284.8
13787.0,1.0,289.0,364.0,202.64,0.05,1004.34,1303.96,1280.95,1283.25
18239.0,4.0,154.0,372.0,280.8775,0.13,351.09,1294.2,1281.45,1282.73
14491.0,1.0,197.0,372.0,213.73,0.05,1059.05,1348.8,1274.42,1281.86
14896.0,1.0,161.0,365.0,211.55,0.05,1048.3,1357.74,1273.0,1281.47
17085.0,4.0,239.0,362.0,278.41499999999996,0.13,348.02,1314.17,1277.09,1280.8
15777.0,2.0,120.0,361.0,340.78,0.08,567.47,1210.81,1287.88,1280.18
14656.0,1.0,114.0,283.0,157.94,0.06,783.8,1266.77,1280.95,1279.53
17299.0,3.0,162.0,173.0,172.49333333333334,0.19,235.35,1289.46,1273.05,1274.69
15508.0,3.0,46.0,235.0,229.61666666666665,0.15,313.15,1339.64,1266.94,1274.21
15841.0,3.0,266.0,338.0,297.4866666666667,0.11,405.59,1271.92,1273.7,1273.52
16774.0,3.0,111.0,178.0,172.70666666666668,0.19,235.64,1262.47,1273.05,1271.99
17302.0,4.0,291.0,305.0,238.195,0.16,297.78,1306.13,1267.5,1271.36
13529.0,1.0,126.0,204.0,126.66000000000001,0.08,629.48,1336.47,1263.97,1271.22
16023.0,2.0,220.0,266.0,270.985,0.1,451.4,1254.7,1272.87,1271.05
18059.0,2.0,44.0,67.0,91.19,0.27,152.42,1157.66,1281.82,1269.41
13208.0,5.0,251.0,309.0,211.09,0.19,251.36,1327.97,1262.75,1269.27
17076.0,2.0,328.0,364.0,344.78999999999996,0.08,574.14,1216.12,1273.88,1268.1
17964.0,1.0,341.0,372.0,209.94,0.05,1040.35,1324.99,1260.41,1266.87
12829.0,1.0,24.0,360.0,207.25,0.05,1027.08,1346.57,1257.07,1266.02
17235.0,1.0,347.0,372.0,208.16,0.05,1031.57,1313.8,1260.41,1265.75
17372.0,7.0,322.0,362.0,167.13857142857142,0.22,188.77,1179.39,1273.64,1264.21
14708.0,2.0,366.0,368.0,353.655,0.07,588.88,1235.34,1264.74,1261.8
16221.0,2.0,331.0,367.0,349.06,0.07,581.24,1222.25,1264.74,1260.49
14053.0,1.0,35.0,159.0,106.0,0.09,527.55,1363.73,1247.95,1259.52
15965.0,2.0,350.0,367.0,344.725,0.07,574.03,1207.09,1264.74,1258.98
14487.0,4.0,342.0,368.0,267.8075,0.13,334.77,1245.9,1260.21,1258.78
17155.0,1.0,160.0,177.0,108.39999999999999,0.08,539.39,1282.72,1255.9,1258.58
15858.0,4.0,352.0,367.0,263.73,0.13,329.68,1229.9,1260.21,1257.18
14129.0,3.0,259.0,260.0,254.98666666666668,0.14,347.71,1366.66,1244.89,1257.06
14684.0,4.0,337.0,362.0,266.98,0.13,333.73,1260.24,1255.84,1256.28
13203.0,3.0,233.0,242.0,234.58333333333334,0.15,319.92,1335.52,1246.91,1255.77
12494.0,6.0,350.0,365.0,198.08333333333334,0.19,228.62,1230.97,1257.52,1254.86
17035.0,1.0,66.0,311.0,174.02,0.05,863.14,1286.15,1251.32,1254.8
14104.0,1.0,11.0,165.0,104.95,0.09,522.37,1312.27,1247.95,1254.38
17604.0,1.0,95.0,312.0,173.12,0.05,858.7,1275.97,1251.32,1253.78
16484.0,1.0,17.0,190.0,118.6,0.08,589.71,1325.74,1243.98,1252.16
16531.0,6.0,338.0,360.0,191.96166666666667,0.19,221.56,1207.59,1255.12,1250.37
13420.0,1.0,21.0,170.0,104.05,0.09,517.93,1271.25,1247.95,1250.28
16716.0,1.0,45.0,311.0,166.8,0.05,827.52,1233.07,1251.32,1249.49
15024.0,6.0,358.0,367.0,195.01833333333335,0.19,225.08,1206.1,1252.83,1248.16
14410.0,6.0,213.0,305.0,161.23666666666665,0.22,186.12,1172.58,1254.55,1246.36
14784.0,1.0,297.0,323.0,175.31,0.05,869.5,1253.71,1245.26,1246.11
16551.0,2.0,241.0,336.0,305.525,0.08,508.84,1156.43,1253.4,1243.71
15661.0,1.0,21.0,338.0,193.8,0.05,960.73,1331.39,1233.28,1243.09
17391.0,1.0,1.0,164.0,101.76,0.09,506.63,1278.74,1238.4,1242.43
16016.0,6.0,363.0,366.0,187.74833333333333,0.19,216.7,1163.98,1250.43,1241.79
14157.0,1.0,266.0,285.0,155.71,0.06,772.8,1241.49,1235.84,1236.41
13515.0,3.0,175.0,247.0,229.24,0.15,312.64,1283.01,1229.09,1234.48
17324.0,3.0,349.0,366.0,287.72666666666663,0.1,392.3,1147.0,1244.11,1234.4
14403.0,3.0,117.0,247.0,228.37,0.15,311.46,1278.15,1229.09,1234.0
14024.0,1.0,3.0,124.0,65.25,0.11,326.5,1015.91,1257.86,1233.67
16657.0,3.0,245.0,254.0,230.35666666666665,0.14,314.16,1259.36,1225.64,1229.01
17527.0,3.0,165.0,218.0,215.75333333333333,0.16,294.27,1339.36,1214.18,1226.7
14775.0,2.0,314.0,372.0,302.66999999999996,0.07,504.09,1047.41,1246.01,1226.15
13643.0,2.0,154.0,185.0,215.77,0.13,359.58,1347.16,1212.24,1225.73
17412.0,6.0,370.0,372.0,176.79333333333332,0.19,204.07,1080.45,1239.96,1224.01
17618.0,2.0,357.0,362.0,325.65,0.08,542.31,1154.3,1227.89,1220.53
14997.0,2.0,132.0,178.0,195.45999999999998,0.14,325.81,1258.46,1214.1,1218.54
14428.0,4.0,318.0,325.0,260.32,0.15,325.42,1350.77,1202.74,1217.55
13497.0,1.0,86.0,368.0,194.55,0.05,964.43,1240.1,1211.72,1214.55
12422.0,2.0,229.0,324.0,282.53,0.08,470.6,1104.04,1226.16,1213.95
16136.0,2.0,218.0,277.0,275.04,0.1,458.15,1230.32,1211.31,1213.21
16778.0,1.0,200.0,274.0,152.76,0.06,758.25,1259.74,1205.15,1210.61
17042.0,4.0,245.0,247.0,192.7925,0.19,241.08,1265.41,1203.77,1209.93
18171.0,4.0,275.0,333.0,247.71499999999997,0.14,309.67,1258.42,1203.89,1209.35
17025.0,1.0,313.0,373.0,196.8,0.05,975.53,1239.47,1205.66,1209.04
12599.0,6.0,275.0,304.0,138.45333333333335,0.22,159.85,1009.91,1231.07,1208.96
17913.0,1.0,297.0,355.0,193.55,0.05,959.49,1273.57,1200.79,1208.07
14473.0,1.0,208.0,282.0,149.33999999999997,0.06,741.38,1201.83,1205.15,1204.82
12710.0,2.0,105.0,201.0,215.02999999999997,0.12,358.35,1256.23,1191.48,1197.96
15179.0,4.0,301.0,319.0,230.33249999999998,0.15,287.96,1214.85,1195.77,1197.67
14984.0,1.0,161.0,180.0,103.09,0.08,513.19,1204.35,1193.73,1194.8
17345.0,2.0,181.0,196.0,204.705,0.13,341.18,1220.56,1191.48,1194.39
17339.0,1.0,271.0,365.0,183.35999999999999,0.05,909.22,1177.61,1194.13,1192.48
18071.0,1.0,108.0,365.0,194.05,0.05,961.96,1245.91,1186.18,1192.15
14463.0,2.0,107.0,205.0,206.85,0.12,344.75,1189.43,1191.48,1191.28
16748.0,4.0,317.0,334.0,259.225,0.14,324.05,1313.39,1176.48,1190.17
15713.0,1.0,223.0,366.0,185.55,0.05,920.02,1188.72,1187.6,1187.71
15349.0,1.0,29.0,187.0,107.7,0.08,535.94,1220.24,1180.27,1184.27
17552.0,2.0,312.0,372.0,315.945,0.07,526.17,1093.28,1192.34,1182.43
14891.0,1.0,39.0,187.0,105.0,0.08,522.62,1189.91,1180.27,1181.24
14224.0,3.0,210.0,320.0,268.6066666666666,0.12,366.26,1204.77,1176.52,1179.35
18135.0,4.0,161.0,190.0,143.0225,0.23,178.92,1164.19,1181.02,1179.34
17786.0,1.0,232.0,317.0,163.89,0.05,813.16,1191.75,1177.76,1179.16
17999.0,1.0,329.0,366.0,191.72,0.05,950.46,1228.05,1173.6,1179.04
13925.0,2.0,42.0,134.0,149.065,0.17,248.66,1192.84,1176.2,1177.87
14623.0,4.0,203.0,235.0,174.1425,0.19,217.79,1191.64,1176.29,1177.83
17979.0,2.0,224.0,259.0,258.02,0.1,429.84,1222.03,1172.56,1177.5
16092.0,2.0,140.0,254.0,253.495,0.1,422.32,1220.52,1172.56,1177.35
13173.0,1.0,363.0,367.0,187.71,0.05,930.68,1199.59,1173.6,1176.19
13531.0,1.0,161.0,366.0,178.35,0.05,884.5,1142.82,1179.65,1175.97
13491.0,9.0,321.0,372.0,124.10222222222222,0.27,136.28,1050.33,1188.13,1174.35
17362.0,1.0,70.0,309.0,162.23000000000002,0.05,804.97,1206.19,1169.81,1173.45
16266.0,5.0,133.0,206.0,120.72,0.26,143.84,1068.29,1183.5,1171.98
16405.0,1.0,8.0,310.0,160.4,0.05,795.94,1189.33,1169.81,1171.76
15110.0,3.0,295.0,318.0,275.48333333333335,0.12,375.62,1242.33,1162.52,1170.5
13837.0,1.0,106.0,317.0,157.54,0.05,781.83,1145.83,1169.81,1167.41
14823.0,1.0,14.0,194.0,110.78,0.08,551.13,1218.51,1159.52,1165.42
15912.0,1.0,55.0,233.0,123.13,0.07,612.06,1165.32,1162.14,1162.46
14681.0,1.0,140.0,211.0,105.0,0.07,522.62,1079.58,1167.47,1158.68
13812.0,2.0,63.0,105.0,130.13,0.2,217.17,1239.44,1149.27,1158.29
16644.0,1.0,35.0,212.0,111.37,0.07,554.04,1140.1,1159.52,1157.58
13885.0,1.0,11.0,200.0,107.65,0.08,535.69,1155.7,1149.97,1150.55
17894.0,7.0,295.0,366.0,144.72,0.22,163.47,1011.45,1164.03,1148.77
16589.0,2.0,90.0,161.0,170.78,0.15,284.77,1189.46,1143.57,1148.16
14985.0,1.0,160.0,358.0,172.24,0.05,854.36,1125.63,1149.14,1146.79
16706.0,2.0,77.0,114.0,119.91,0.19,200.18,1078.91,1149.27,1142.23
13827.0,2.0,86.0,143.0,149.655,0.16,249.64,1141.07,1142.36,1142.23
15596.0,4.0,265.0,365.0,251.0675,0.13,313.86,1176.58,1138.18,1142.02
14910.0,3.0,52.0,54.0,73.31333333333333,0.42,100.27,1191.22,1132.3,1138.19
13509.0,6.0,276.0,284.0,128.4,0.24,148.26,993.11,1153.55,1137.51
14761.0,1.0,276.0,334.0,158.4,0.05,786.07,1100.76,1141.24,1137.19
17848.0,8.0,277.0,358.0,100.4875,0.25,111.74,797.96,1174.42,1136.77
17411.0,2.0,249.0,261.0,246.68,0.1,410.99,1160.85,1133.96,1136.65
12763.0,1.0,231.0,369.0,174.0,0.05,863.04,1107.07,1138.98,1135.79
13085.0,1.0,138.0,295.0,137.98,0.06,685.33,1068.85,1140.82,1133.62
12504.0,1.0,12.0,30.0,32.65,0.24,165.67,1137.83,1131.71,1132.32
15092.0,1.0,68.0,283.0,134.65,0.06,668.9,1081.07,1136.34,1130.81
13928.0,3.0,123.0,133.0,120.12333333333333,0.24,164.03,1097.43,1133.39,1129.79
17946.0,1.0,26.0,259.0,132.03,0.06,655.97,1143.1,1128.0,1129.51
16225.0,3.0,233.0,277.0,226.57000000000002,0.13,309.0,1150.98,1125.49,1128.04
14047.0,4.0,364.0,372.0,255.4225,0.13,319.3,1177.01,1121.3,1126.87
15898.0,4.0,367.0,368.0,251.5475,0.13,314.46,1170.32,1121.3,1126.2
16214.0,2.0,99.0,269.0,259.89,0.1,432.95,1192.02,1117.63,1125.07
15605.0,4.0,337.0,373.0,250.845,0.13,313.58,1153.19,1121.3,1124.49
17573.0,2.0,64.0,93.0,102.945,0.22,171.96,1065.04,1130.69,1124.13
13255.0,1.0,364.0,373.0,173.81,0.05,862.1,1095.36,1124.97,1122.01
15579.0,1.0,245.0,313.0,149.0,0.05,739.7,1096.1,1124.71,1121.85
17708.0,1.0,137.0,324.0,156.48000000000002,0.05,776.6,1116.74,1116.75,1116.75
13636.0,4.0,249.0,285.0,198.655,0.17,248.4,1154.99,1112.46,1116.72
16809.0,4.0,239.0,262.0,175.10250000000002,0.18,218.98,1093.79,1115.79,1113.59
18040.0,1.0,226.0,245.0,118.2,0.06,587.74,1073.16,1117.26,1112.85
15712.0,4.0,278.0,287.0,193.14,0.16,241.51,1116.25,1112.46,1112.84
17384.0,1.0,200.0,219.0,108.75,0.07,541.12,1084.29,1115.86,1112.7
14111.0,3.0,227.0,241.0,199.55000000000004,0.15,272.2,1140.27,1109.21,1112.32
13728.0,5.0,274.0,310.0,171.512,0.19,204.27,1076.19,1115.33,1111.42
17268.0,3.0,138.0,245.0,208.46666666666667,0.15,284.35,1174.87,1100.54,1107.97
15132.0,4.0,244.0,262.0,166.04000000000002,0.18,207.67,1037.26,1115.79,1107.94
17470.0,4.0,323.0,367.0,236.6675,0.13,295.88,1103.81,1107.96,1107.54
16086.0,4.0,308.0,367.0,236.0325,0.13,295.08,1100.85,1107.96,1107.25
17135.0,4.0,355.0,371.0,231.0375,0.13,288.84,1067.29,1107.96,1103.89
14723.0,4.0,361.0,371.0,226.84,0.13,283.6,1047.92,1107.96,1101.96
17323.0,6.0,277.0,292.0,129.89666666666668,0.23,149.98,981.03,1113.02,1099.82
13715.0,3.0,91.0,372.0,268.8966666666667,0.1,366.65,1056.69,1104.55,1099.76
16506.0,1.0,21.0,40.0,35.1,0.22,177.76,1081.89,1098.81,1097.12
17676.0,5.0,362.0,366.0,217.39600000000002,0.16,258.86,1179.25,1086.44,1095.72
16696.0,3.0,113.0,248.0,207.5,0.15,283.03,1157.58,1079.27,1087.1
16045.0,3.0,171.0,290.0,225.41666666666666,0.13,307.43,1101.07,1084.95,1086.56
15935.0,1.0,2.0,241.0,108.03999999999999,0.07,537.62,995.22,1096.54,1086.41
17284.0,5.0,276.0,336.0,187.294,0.17,223.05,1095.51,1083.93,1085.09
13533.0,1.0,85.0,267.0,124.15,0.06,617.1,1048.03,1086.88,1083.0
14242.0,1.0,91.0,325.0,142.2,0.05,706.15,1012.71,1089.4,1081.74
17550.0,1.0,46.0,243.0,110.94,0.07,551.92,1014.68,1087.87,1080.55
15483.0,1.0,105.0,266.0,118.96,0.06,591.49,1007.74,1086.88,1078.97
16730.0,2.0,267.0,319.0,278.045,0.08,463.14,1101.35,1072.58,1075.46
15952.0,3.0,192.0,225.0,191.30666666666664,0.16,260.98,1157.35,1065.82,1074.98
17180.0,2.0,260.0,316.0,274.245,0.09,456.83,1095.28,1072.58,1074.85
12455.0,5.0,223.0,296.0,156.592,0.19,186.52,1022.68,1080.58,1074.79
12933.0,2.0,259.0,283.0,248.39,0.09,413.83,1091.16,1072.41,1074.28
15806.0,2.0,230.0,276.0,242.10999999999999,0.1,403.39,1086.61,1072.41,1073.83
13410.0,4.0,267.0,291.0,188.20499999999998,0.16,235.35,1074.93,1071.93,1072.23
13247.0,3.0,65.0,82.0,65.35,0.33,89.43,833.3,1097.96,1071.49
17931.0,1.0,121.0,255.0,111.16,0.06,553.01,976.4,1081.72,1071.19
15053.0,2.0,277.0,281.0,237.57,0.09,395.84,1050.06,1072.41,1070.17
16488.0,2.0,115.0,148.0,139.87,0.16,233.37,1039.46,1071.5,1068.3
13821.0,1.0,117.0,261.0,115.49000000000001,0.06,574.37,994.41,1065.44,1058.34
12356.0,2.0,303.0,325.0,269.905,0.08,449.61,1051.96,1058.58,1057.91
16806.0,3.0,136.0,239.0,186.73333333333335,0.15,254.75,1074.59,1054.46,1056.47
12915.0,1.0,224.0,372.0,164.0,0.05,813.7,1036.32,1057.48,1055.36
16005.0,2.0,258.0,270.0,218.9,0.1,364.79,1001.19,1059.78,1053.92
14987.0,1.0,350.0,365.0,163.2,0.05,809.76,1048.78,1050.0,1049.88
12951.0,5.0,322.0,330.0,175.07599999999996,0.18,208.51,1040.38,1050.69,1049.66
13892.0,3.0,220.0,246.0,192.8166666666667,0.15,263.03,1083.11,1045.79,1049.52
15799.0,2.0,259.0,334.0,281.96,0.08,469.65,1072.96,1046.32,1048.98
16671.0,2.0,136.0,164.0,154.695,0.15,258.02,1062.48,1046.53,1048.12
16250.0,1.0,112.0,373.0,163.3,0.05,810.25,1029.47,1049.52,1047.52
13950.0,3.0,235.0,246.0,188.58333333333334,0.15,257.27,1059.36,1045.79,1047.15
13104.0,5.0,351.0,354.0,199.344,0.17,237.38,1113.7,1033.71,1041.71
13038.0,2.0,210.0,290.0,256.68,0.09,427.62,1104.15,1031.87,1039.1
12820.0,3.0,323.0,326.0,257.29333333333335,0.12,350.85,1135.56,1023.61,1034.8
17560.0,3.0,216.0,310.0,230.95000000000002,0.12,314.97,1065.02,1030.64,1034.07
15969.0,2.0,183.0,185.0,178.7,0.13,297.94,1116.21,1024.75,1033.9
12693.0,3.0,192.0,319.0,231.28666666666666,0.12,315.43,1040.4,1030.64,1031.61
13168.0,3.0,282.0,318.0,229.00333333333333,0.12,312.32,1032.96,1030.64,1030.87
14790.0,3.0,237.0,253.0,197.63333333333333,0.14,269.59,1084.29,1024.52,1030.49
14078.0,5.0,272.0,373.0,182.626,0.16,217.49,974.32,1036.19,1030.0
18168.0,5.0,196.0,372.0,181.328,0.16,215.95,969.71,1036.19,1029.54
14662.0,3.0,288.0,316.0,223.37333333333333,0.12,304.65,1013.14,1030.64,1028.89
17609.0,3.0,287.0,327.0,227.39333333333335,0.11,310.12,1001.08,1030.64,1027.68
14715.0,3.0,307.0,331.0,243.14333333333335,0.11,331.58,1059.02,1023.61,1027.15
17287.0,6.0,346.0,372.0,158.365,0.19,182.81,967.93,1033.2,1026.67
17189.0,1.0,253.0,359.0,157.18,0.05,780.06,1025.22,1022.54,1022.8
17214.0,5.0,299.0,359.0,179.61399999999998,0.16,213.91,991.24,1026.0,1022.53
12450.0,1.0,17.0,173.0,96.0,0.09,478.21,1157.83,1005.88,1021.08
14419.0,5.0,354.0,364.0,186.792,0.16,222.45,1018.3,1019.63,1019.5
18062.0,2.0,164.0,337.0,275.36,0.08,458.68,1039.72,1016.19,1018.54
16037.0,2.0,89.0,358.0,277.28,0.08,461.87,992.78,1011.97,1010.05
16350.0,3.0,312.0,333.0,246.59,0.11,336.27,1068.38,1003.51,1010.0
17883.0,3.0,243.0,246.0,184.14000000000001,0.15,251.22,1034.45,1006.67,1009.44
15689.0,1.0,242.0,361.0,150.6,0.05,747.59,977.74,1010.95,1007.63
13496.0,1.0,349.0,359.0,152.32,0.05,756.08,993.7,1008.53,1007.05
15855.0,4.0,127.0,263.0,154.11,0.18,192.77,959.74,1010.87,1005.75
16099.0,2.0,175.0,225.0,206.8,0.11,344.67,1101.98,991.46,1002.51
12676.0,5.0,287.0,311.0,164.378,0.19,195.78,1028.6,997.54,1000.64
15889.0,1.0,213.0,369.0,148.95,0.05,739.45,948.54,1004.42,998.83
13506.0,1.0,53.0,369.0,157.4,0.05,781.14,1002.01,996.47,997.02
16808.0,1.0,175.0,274.0,121.92,0.06,606.09,1006.95,995.53,996.67
17430.0,1.0,333.0,365.0,153.16,0.05,760.22,984.63,996.94,995.71
15732.0,1.0,160.0,372.0,156.02,0.05,774.33,986.18,996.47,995.44
16427.0,1.0,21.0,284.0,131.26,0.06,652.17,1050.86,987.58,993.9
17392.0,1.0,52.0,358.0,145.5,0.05,722.43,951.82,997.49,992.93
17817.0,1.0,273.0,277.0,117.98,0.06,586.66,965.66,995.53,992.54
13649.0,1.0,110.0,366.0,148.8,0.05,738.71,954.46,996.47,992.26
13720.0,3.0,138.0,254.0,177.9,0.14,242.72,972.96,994.24,992.12
13792.0,1.0,221.0,287.0,120.95,0.06,601.31,960.22,995.53,992.0
16621.0,3.0,226.0,277.0,216.87666666666667,0.13,295.8,1101.81,979.12,991.39
15545.0,1.0,317.0,371.0,157.39,0.05,781.09,997.17,990.41,991.09
13884.0,3.0,276.0,283.0,216.48333333333335,0.13,295.27,1079.87,979.12,989.19
16217.0,1.0,47.0,282.0,121.25,0.06,602.79,977.17,987.58,986.54
15743.0,3.0,168.0,184.0,153.97,0.19,210.12,1096.62,972.79,985.17
17585.0,3.0,229.0,338.0,238.42,0.11,325.14,1019.64,981.22,985.06
17921.0,3.0,202.0,266.0,181.98333333333335,0.14,248.28,957.2,985.92,983.05
16883.0,1.0,184.0,371.0,148.7,0.05,738.22,942.43,987.33,982.84
16499.0,1.0,4.0,364.0,147.35,0.05,731.56,949.8,985.91,982.3
16444.0,3.0,218.0,264.0,178.53,0.14,243.57,945.09,985.92,981.84
15882.0,1.0,170.0,368.0,145.04,0.05,720.16,926.01,987.33,981.2
13835.0,3.0,190.0,215.0,168.70666666666668,0.16,230.2,1059.68,972.08,980.84
14479.0,1.0,112.0,365.0,141.85,0.05,704.42,912.36,985.91,978.55
16419.0,4.0,199.0,311.0,179.89249999999998,0.15,224.97,970.24,978.3,977.49
12691.0,5.0,329.0,357.0,171.16000000000003,0.17,203.85,949.3,979.09,976.11
17691.0,1.0,10.0,368.0,147.9,0.05,734.27,944.16,979.38,975.85
14021.0,2.0,101.0,256.0,216.5,0.1,360.8,1035.86,968.34,975.09
13951.0,2.0,118.0,294.0,230.945,0.09,384.82,982.02,974.03,974.83
15062.0,3.0,288.0,359.0,259.5933333333333,0.11,353.98,1052.77,966.0,974.68
16085.0,4.0,297.0,320.0,200.04000000000002,0.15,250.13,1052.37,965.99,974.63
14532.0,3.0,116.0,352.0,236.75,0.11,322.87,977.05,974.24,974.52
16325.0,2.0,199.0,245.0,201.70999999999998,0.11,336.2,1001.51,971.42,974.43
12386.0,1.0,29.0,366.0,143.0,0.05,710.1,917.48,979.38,973.19
13470.0,1.0,16.0,115.0,49.5,0.12,248.8,816.91,990.45,973.1
17472.0,2.0,108.0,299.0,228.89,0.09,381.4,959.27,974.03,972.55
17361.0,2.0,242.0,291.0,221.6,0.09,369.28,950.7,974.03,971.69
17321.0,1.0,59.0,67.0,41.25,0.17,208.1,968.82,970.22,970.08
14995.0,1.0,242.0,280.0,113.92,0.06,566.63,924.15,974.09,969.1
13748.0,3.0,278.0,373.0,248.08333333333334,0.1,338.3,972.68,965.64,966.34
18232.0,3.0,116.0,197.0,161.70666666666668,0.18,220.66,1090.47,952.03,965.88
14198.0,3.0,221.0,239.0,172.70000000000002,0.15,235.63,993.96,960.71,964.04
15393.0,1.0,265.0,281.0,107.76,0.06,536.23,871.93,974.09,963.87
13904.0,1.0,257.0,294.0,131.52,0.06,653.46,1022.13,955.0,961.71
15724.0,1.0,83.0,284.0,114.6,0.06,569.98,918.42,966.14,961.36
18081.0,2.0,97.0,133.0,115.10000000000001,0.17,192.18,926.99,963.47,959.82
14744.0,5.0,350.0,366.0,174.996,0.16,208.42,949.45,960.32,959.23
16989.0,5.0,143.0,150.0,55.11,0.34,65.79,626.87,994.61,957.84
14553.0,3.0,320.0,339.0,219.11,0.11,298.84,934.74,960.23,957.68
15124.0,1.0,169.0,191.0,93.44,0.08,465.58,1042.3,946.17,955.78
14555.0,1.0,245.0,302.0,126.2,0.05,627.21,958.64,955.0,955.36
16478.0,2.0,40.0,65.0,64.05,0.27,107.28,829.31,968.33,954.43
15860.0,7.0,328.0,368.0,124.9357142857143,0.22,141.15,869.1,963.81,954.34
16918.0,4.0,268.0,317.0,198.26,0.15,247.91,1051.6,936.94,948.4
17888.0,7.0,336.0,357.0,99.51714285714286,0.22,112.46,711.28,973.14,946.96
13637.0,2.0,174.0,226.0,193.95,0.11,323.3,1029.88,936.71,946.02
15582.0,2.0,196.0,220.0,189.64999999999998,0.12,316.15,1029.66,936.71,946.0
13117.0,7.0,351.0,372.0,111.82714285714285,0.22,126.35,770.6,963.81,944.49
13427.0,2.0,196.0,215.0,184.05,0.12,306.84,1018.34,930.37,939.17
18136.0,2.0,256.0,319.0,247.67000000000002,0.08,412.63,981.23,933.68,938.43
14083.0,7.0,367.0,371.0,101.27,0.22,114.44,699.6,963.81,937.39
15831.0,2.0,266.0,324.0,245.90999999999997,0.08,409.71,961.17,933.68,936.43
18150.0,2.0,169.0,201.0,169.5,0.12,282.64,990.81,930.33,936.37
16900.0,2.0,47.0,63.0,67.21499999999999,0.28,112.55,885.69,941.68,936.08
14449.0,3.0,354.0,372.0,232.28666666666666,0.1,316.79,912.99,938.29,935.76
13249.0,2.0,169.0,261.0,209.785,0.1,349.63,987.55,929.75,935.53
16008.0,2.0,181.0,204.0,169.815,0.12,283.16,980.82,930.33,935.38
14293.0,3.0,365.0,368.0,227.21333333333334,0.1,309.88,901.67,938.29,934.63
17223.0,1.0,58.0,368.0,133.95,0.05,665.45,855.66,942.86,934.14
16892.0,3.0,182.0,183.0,140.85333333333332,0.19,192.26,1007.73,923.92,932.3
16682.0,4.0,183.0,187.0,125.625,0.23,157.19,1035.87,920.11,931.68
12695.0,3.0,203.0,210.0,164.28333333333333,0.17,224.17,1051.96,918.24,931.61
13955.0,1.0,151.0,305.0,117.86,0.05,586.06,888.13,936.17,931.37
13079.0,4.0,136.0,140.0,49.075,0.29,61.58,507.36,976.7,929.77
13539.0,2.0,224.0,309.0,233.62,0.09,389.27,951.61,926.7,929.19
14520.0,1.0,289.0,290.0,105.6,0.06,525.58,831.83,933.55,923.38
17771.0,1.0,267.0,323.0,130.01,0.05,646.01,931.46,922.34,923.25
13754.0,1.0,166.0,317.0,126.6,0.05,629.18,922.12,922.34,922.32
17770.0,3.0,84.0,282.0,180.03333333333333,0.13,245.62,901.03,924.37,922.03
12778.0,5.0,293.0,312.0,137.55,0.19,163.87,858.52,929.08,922.02
14504.0,3.0,231.0,278.0,175.34333333333333,0.13,239.23,888.37,924.37,920.77
14162.0,1.0,119.0,292.0,111.68,0.06,555.57,874.13,925.6,920.45
16469.0,2.0,223.0,246.0,186.775,0.11,311.37,924.37,916.67,917.44
14427.0,1.0,13.0,63.0,41.6,0.17,209.82,1012.11,906.85,917.37
16235.0,4.0,292.0,332.0,189.65999999999997,0.14,237.17,966.31,911.24,916.75
15208.0,4.0,352.0,353.0,201.18,0.14,251.55,971.24,909.6,915.76
13782.0,5.0,315.0,327.0,144.012,0.18,171.55,862.83,918.57,912.99
15754.0,2.0,195.0,246.0,183.385,0.11,305.73,907.63,910.34,910.07
15060.0,1.0,1.0,9.0,16.61,0.33,86.53,813.83,918.15,907.72
13978.0,1.0,31.0,45.0,37.8,0.2,191.08,1100.34,880.55,902.53
17929.0,3.0,297.0,308.0,215.6,0.12,294.06,999.91,891.08,901.96
14320.0,1.0,126.0,332.0,125.28,0.05,622.67,876.54,904.13,901.37
13672.0,1.0,31.0,332.0,124.26,0.05,617.64,869.45,904.13,900.66
14289.0,5.0,281.0,289.0,117.804,0.2,140.37,785.65,912.92,900.2
13623.0,4.0,267.0,297.0,147.945,0.16,185.07,830.56,906.75,899.13
16915.0,5.0,274.0,283.0,113.476,0.2,135.23,770.56,912.92,898.69
17256.0,1.0,205.0,312.0,112.1,0.05,557.65,828.63,900.9,893.67
15100.0,2.0,40.0,373.0,262.79999999999995,0.07,437.79,907.49,889.15,890.98
15835.0,3.0,286.0,330.0,217.66,0.11,296.87,950.68,884.27,890.91
16907.0,4.0,336.0,365.0,199.9075,0.13,249.96,937.05,885.25,890.43
14287.0,1.0,190.0,198.0,93.35,0.08,465.14,1011.66,876.14,889.69
17027.0,4.0,239.0,317.0,174.685,0.15,218.46,926.7,884.19,888.44
13280.0,2.0,215.0,337.0,253.755,0.08,422.75,958.28,877.28,885.38
17429.0,2.0,90.0,218.0,169.03,0.12,281.86,924.89,879.24,883.81
14173.0,2.0,209.0,219.0,168.4,0.12,280.81,918.0,879.24,883.12
16146.0,2.0,75.0,232.0,174.22,0.11,290.49,905.53,879.24,881.87
12421.0,3.0,304.0,319.0,216.53,0.12,295.33,974.11,870.26,880.65
17075.0,3.0,300.0,317.0,215.08666666666667,0.12,293.36,972.93,870.26,880.53
12787.0,2.0,183.0,192.0,152.78,0.13,254.84,926.86,874.05,879.33
12427.0,2.0,350.0,371.0,261.15,0.07,435.05,906.1,875.14,878.24
17980.0,2.0,194.0,359.0,258.125,0.08,430.02,922.04,873.06,877.96
17436.0,1.0,225.0,226.0,93.9,0.07,467.85,913.52,873.8,877.77
13900.0,2.0,79.0,262.0,191.685,0.1,319.53,899.62,874.99,877.46
17889.0,1.0,110.0,322.0,102.02,0.05,507.91,734.33,892.95,877.08
15525.0,2.0,371.0,373.0,255.995,0.07,426.48,884.03,875.14,876.03
14513.0,2.0,188.0,288.0,218.42000000000002,0.09,363.99,945.46,868.19,875.92
15237.0,3.0,226.0,227.0,157.79999999999998,0.16,215.34,948.02,867.15,875.24
13565.0,1.0,315.0,334.0,130.04,0.05,646.16,904.83,871.8,875.11
18190.0,1.0,138.0,330.0,113.0,0.05,562.09,795.44,882.68,873.96
17179.0,2.0,183.0,361.0,234.395,0.08,390.56,833.33,877.8,873.36
16647.0,1.0,35.0,204.0,86.31,0.08,430.41,913.81,868.18,872.75
17990.0,2.0,125.0,361.0,231.42000000000002,0.08,385.61,822.78,877.8,872.3
13261.0,1.0,17.0,285.0,99.0,0.06,493.02,792.02,879.7,870.94
15031.0,3.0,278.0,282.0,172.43666666666664,0.13,235.28,863.08,869.74,869.08
13946.0,2.0,188.0,267.0,175.86,0.1,293.22,812.42,874.99,868.74
15197.0,2.0,348.0,358.0,261.555,0.08,435.72,936.57,859.05,866.8
15656.0,3.0,239.0,284.0,168.51666666666668,0.13,229.94,838.41,869.74,866.61
13524.0,4.0,179.0,219.0,130.245,0.21,162.96,945.12,856.85,865.68
15996.0,5.0,278.0,366.0,159.48600000000002,0.16,189.96,865.39,863.77,863.93
15181.0,2.0,203.0,269.0,194.74,0.1,324.61,893.74,858.66,862.17
17398.0,2.0,141.0,255.0,173.85,0.1,289.87,834.98,864.98,861.98
17146.0,2.0,253.0,358.0,225.765,0.08,376.21,808.65,866.08,860.34
16442.0,2.0,359.0,360.0,232.565,0.08,387.51,828.87,863.8,860.3
13846.0,2.0,336.0,360.0,226.82999999999998,0.08,377.98,808.47,863.8,858.26
17109.0,3.0,203.0,232.0,140.15,0.15,191.3,827.14,861.52,858.08
16354.0,1.0,10.0,73.0,29.7,0.16,151.11,668.6,878.08,857.13
17114.0,7.0,329.0,334.0,95.19714285714285,0.24,107.58,721.43,872.09,857.03
17420.0,2.0,323.0,373.0,233.99,0.07,389.88,808.18,861.8,856.44
17991.0,1.0,1.0,226.0,87.45,0.07,436.03,851.39,856.3,855.81
13838.0,2.0,364.0,369.0,226.81,0.07,377.94,790.94,861.8,854.72
16261.0,3.0,229.0,246.0,163.95666666666668,0.15,223.73,921.25,847.12,854.53
15028.0,2.0,360.0,368.0,220.57999999999998,0.07,367.58,771.11,861.8,852.73
17236.0,5.0,350.0,362.0,157.97,0.16,188.16,865.54,847.21,849.04
15658.0,4.0,182.0,372.0,179.475,0.13,224.45,827.36,849.75,847.51
14273.0,3.0,191.0,242.0,149.05666666666667,0.15,203.43,849.25,845.09,845.5
17227.0,5.0,350.0,368.0,159.414,0.16,189.88,860.84,842.53,844.36
13651.0,1.0,4.0,39.0,15.0,0.22,78.59,483.83,882.95,843.04
13138.0,5.0,350.0,372.0,153.832,0.16,183.24,822.81,842.53,840.55
17351.0,2.0,237.0,273.0,194.27499999999998,0.1,323.84,880.49,835.26,839.79
18149.0,2.0,223.0,273.0,192.14999999999998,0.1,320.31,870.88,835.26,838.83
16600.0,5.0,334.0,338.0,137.53199999999998,0.17,163.84,800.56,842.52,838.32
16906.0,3.0,167.0,248.0,155.04333333333332,0.15,211.59,865.37,834.7,837.76
18125.0,3.0,287.0,316.0,195.51,0.12,266.7,886.93,829.52,835.26
13984.0,4.0,340.0,366.0,191.4275,0.13,239.37,895.18,828.5,835.17
17097.0,6.0,363.0,365.0,129.95000000000002,0.19,150.04,807.9,837.67,834.69
16750.0,4.0,188.0,232.0,126.30749999999999,0.2,158.04,874.02,828.54,833.09
12728.0,3.0,261.0,332.0,194.59666666666666,0.11,265.46,845.61,829.52,831.13
16014.0,2.0,254.0,291.0,199.725,0.09,332.9,857.05,827.66,830.6
15669.0,3.0,223.0,263.0,161.84666666666666,0.14,220.85,859.68,826.37,829.7
14959.0,3.0,232.0,296.0,172.25333333333333,0.13,235.03,827.06,829.21,828.99
17134.0,1.0,158.0,264.0,94.5,0.06,470.81,807.28,831.33,828.93
18018.0,1.0,91.0,199.0,84.69,0.08,422.41,915.01,816.72,826.55
17579.0,2.0,175.0,179.0,142.245,0.14,237.32,912.61,813.88,823.75
14201.0,6.0,299.0,359.0,113.36666666666666,0.19,130.92,715.32,834.61,822.68
15756.0,3.0,188.0,249.0,136.45666666666668,0.14,186.27,759.27,829.06,822.08
17864.0,2.0,263.0,275.0,194.54500000000002,0.1,324.29,876.25,813.44,819.72
15624.0,3.0,140.0,256.0,134.74333333333334,0.14,183.94,732.49,829.06,819.4
16872.0,2.0,107.0,184.0,145.82999999999998,0.13,243.28,915.36,808.37,819.07
17358.0,1.0,52.0,355.0,119.15,0.05,592.43,786.35,821.29,817.8
15312.0,3.0,279.0,354.0,211.70333333333335,0.11,288.76,869.47,810.89,816.75
18146.0,1.0,80.0,220.0,83.69999999999999,0.07,417.53,833.52,814.38,816.3
14883.0,4.0,193.0,211.0,112.75750000000001,0.21,141.12,843.74,811.81,815.01
13277.0,3.0,118.0,133.0,60.833333333333336,0.24,83.28,557.16,841.97,813.49
15026.0,2.0,197.0,277.0,180.01,0.1,300.12,805.95,813.44,812.69
14013.0,2.0,165.0,275.0,177.26,0.1,295.55,798.58,813.44,811.95
17890.0,1.0,39.0,361.0,125.13,0.05,621.93,813.4,800.63,801.91
16960.0,2.0,214.0,252.0,152.76,0.1,254.8,741.3,808.17,801.48
17026.0,1.0,184.0,369.0,121.68,0.05,604.91,775.95,802.05,799.44
14820.0,3.0,152.0,173.0,122.50666666666666,0.19,167.27,916.46,785.86,798.92
12739.0,1.0,21.0,99.0,37.5,0.13,189.6,690.35,810.07,798.1
13238.0,3.0,343.0,360.0,203.19333333333336,0.11,277.17,822.3,793.92,796.76
13856.0,2.0,35.0,203.0,147.05,0.12,245.31,853.08,787.62,794.16
17007.0,4.0,307.0,357.0,170.7025,0.14,213.49,816.13,790.19,792.78
16596.0,1.0,351.0,366.0,129.5,0.05,643.49,831.43,788.04,792.38
14594.0,1.0,366.0,373.0,124.83,0.05,620.45,788.32,788.04,788.07
12414.0,2.0,93.0,310.0,204.325,0.09,340.55,830.2,780.33,785.32
13405.0,2.0,243.0,317.0,206.20049999999998,0.08,343.67,821.72,780.33,784.47
14460.0,2.0,200.0,310.0,202.17000000000002,0.09,336.97,821.46,780.33,784.44
15304.0,7.0,308.0,368.0,81.60714285714286,0.22,92.25,568.01,806.5,782.65
17370.0,3.0,97.0,169.0,111.82666666666667,0.2,152.73,852.2,771.55,779.62
14976.0,4.0,269.0,326.0,158.72750000000002,0.15,198.53,821.88,774.81,779.52
17781.0,1.0,94.0,253.0,86.02000000000001,0.06,428.98,762.44,780.25,778.47
17969.0,1.0,195.0,361.0,103.0,0.05,512.75,670.6,787.14,775.49
17373.0,3.0,272.0,312.0,167.22333333333333,0.12,228.18,767.25,774.89,774.13
16620.0,1.0,257.0,260.0,83.2,0.06,415.06,720.94,779.88,773.98
12888.0,1.0,41.0,255.0,81.36,0.06,405.99,716.81,780.25,773.9
16519.0,1.0,340.0,365.0,111.38,0.05,554.09,717.65,773.13,767.59
16027.0,5.0,211.0,302.0,122.82000000000001,0.19,146.34,788.62,765.2,767.54
15894.0,1.0,116.0,369.0,106.81,0.05,531.55,681.85,772.66,763.57
17760.0,1.0,352.0,373.0,115.05,0.05,572.2,727.02,766.6,762.64
15587.0,3.0,301.0,351.0,189.60000000000002,0.11,258.65,784.68,759.11,761.67
13207.0,1.0,135.0,150.0,52.74,0.1,264.78,715.61,765.59,760.59
13248.0,1.0,65.0,189.0,78.21000000000001,0.08,390.44,881.47,747.05,760.49
17516.0,3.0,270.0,285.0,146.75,0.13,200.29,728.12,759.18,756.08
15206.0,3.0,265.0,275.0,134.20000000000002,0.13,183.2,686.61,759.18,751.93
15716.0,3.0,224.0,369.0,190.57000000000002,0.1,259.97,754.64,751.18,751.52
13283.0,1.0,126.0,185.0,68.16,0.08,340.86,782.75,741.23,745.38
17166.0,1.0,165.0,203.0,78.75,0.08,393.11,837.95,734.25,744.62
15901.0,2.0,138.0,154.0,126.695,0.15,211.46,913.88,725.58,744.41
16470.0,3.0,307.0,358.0,182.01666666666665,0.11,248.32,740.36,743.9,743.54
13155.0,3.0,335.0,368.0,197.35333333333332,0.1,269.21,783.33,737.17,741.79
17905.0,3.0,302.0,373.0,199.49666666666667,0.1,272.13,782.42,737.17,741.7
17266.0,2.0,145.0,147.0,98.79,0.16,165.05,738.95,741.7,741.42
17955.0,2.0,21.0,219.0,143.475,0.12,239.36,782.5,736.0,740.65
17796.0,3.0,329.0,369.0,194.41666666666666,0.1,265.21,769.84,737.17,740.44
16122.0,3.0,293.0,366.0,192.9,0.1,263.15,769.38,737.17,740.39
15467.0,2.0,143.0,152.0,118.22999999999999,0.16,197.38,861.58,725.58,739.18
13058.0,2.0,127.0,151.0,111.925,0.16,186.9,819.91,725.58,735.01
14344.0,7.0,241.0,368.0,81.01857142857143,0.22,91.58,563.92,752.66,733.78
15768.0,2.0,110.0,225.0,133.74,0.11,223.17,713.53,736.0,733.75
13899.0,1.0,258.0,274.0,90.02,0.06,448.71,745.48,732.03,733.37
14127.0,2.0,188.0,310.0,197.54000000000002,0.09,329.27,802.69,725.58,733.29
12942.0,2.0,234.0,365.0,212.575,0.08,354.27,748.59,731.44,733.15
17884.0,3.0,368.0,371.0,176.64666666666668,0.1,241.01,696.25,737.17,733.08
13939.0,2.0,288.0,311.0,192.025,0.09,320.1,778.16,725.58,730.84
16080.0,1.0,193.0,274.0,86.9,0.06,433.32,719.91,732.03,730.81
14176.0,2.0,70.0,367.0,208.67499999999998,0.07,347.79,731.34,729.44,729.63
14867.0,2.0,151.0,336.0,204.76999999999998,0.08,341.29,775.64,723.93,729.1
15885.0,2.0,217.0,309.0,182.175,0.09,303.72,742.48,725.58,727.27
17045.0,2.0,134.0,247.0,149.745,0.11,249.79,739.04,725.19,726.58
18017.0,2.0,229.0,310.0,179.0,0.09,298.44,727.53,725.58,725.77
17897.0,2.0,201.0,373.0,200.35500000000002,0.07,333.95,692.23,729.44,725.72
16943.0,2.0,107.0,318.0,182.85,0.08,304.84,726.89,725.58,725.71
16948.0,2.0,187.0,325.0,182.70999999999998,0.08,304.61,712.7,725.58,724.29
14609.0,3.0,224.0,296.0,152.52,0.13,208.15,732.48,722.25,723.27
13301.0,3.0,189.0,292.0,148.06,0.13,202.08,719.47,718.65,718.73
18211.0,4.0,253.0,278.0,115.5425,0.17,144.6,686.78,721.57,718.09
18036.0,2.0,213.0,245.0,147.41000000000003,0.11,245.91,732.52,715.97,717.62
13077.0,2.0,365.0,366.0,207.77500000000003,0.07,346.29,729.95,715.43,716.88
17198.0,2.0,348.0,371.0,210.10500000000002,0.07,350.16,729.31,715.43,716.82
12654.0,3.0,285.0,295.0,145.12666666666667,0.13,198.08,699.08,718.65,716.69
14958.0,2.0,98.0,245.0,144.515,0.11,241.09,718.18,715.97,716.19
16385.0,2.0,306.0,366.0,203.83,0.07,339.73,716.12,715.43,715.5
17935.0,1.0,3.0,141.0,11.22,0.1,59.94,169.71,773.31,712.95
15452.0,2.0,235.0,264.0,145.74,0.1,243.13,680.12,713.41,710.08
15550.0,3.0,297.0,301.0,145.91,0.12,199.15,690.75,704.64,703.25
16566.0,4.0,277.0,292.0,129.94,0.16,162.58,740.37,694.26,698.87
13171.0,2.0,278.0,299.0,164.03,0.09,273.54,687.99,699.79,698.61
13963.0,3.0,59.0,367.0,171.08,0.1,233.43,680.85,696.56,694.99
16768.0,2.0,224.0,271.0,147.42000000000002,0.1,245.92,672.84,697.08,694.66
16835.0,1.0,245.0,373.0,99.1,0.05,493.51,627.03,694.18,687.46
12604.0,1.0,182.0,261.0,75.67999999999999,0.06,377.96,654.37,689.45,685.94
14577.0,3.0,350.0,362.0,170.93666666666664,0.1,233.23,688.58,684.55,684.95
14044.0,3.0,283.0,309.0,159.69333333333333,0.12,217.92,738.92,676.96,683.15
17812.0,3.0,356.0,368.0,171.53666666666666,0.1,234.05,681.02,682.55,682.4
12897.0,1.0,97.0,301.0,87.7,0.05,437.27,670.24,683.54,682.21
15881.0,2.0,52.0,364.0,193.47,0.08,322.5,683.11,676.68,677.33
13959.0,2.0,283.0,362.0,191.73,0.08,319.61,680.28,676.68,677.04
16770.0,4.0,315.0,372.0,159.825,0.13,199.9,736.89,668.95,675.75
14624.0,1.0,2.0,59.0,15.6,0.18,81.55,408.08,704.81,675.14
14342.0,3.0,189.0,210.0,119.65333333333332,0.17,163.39,766.72,663.64,673.95
16043.0,3.0,280.0,317.0,155.38,0.12,212.04,703.24,669.97,673.3
16891.0,4.0,370.0,371.0,144.36,0.13,180.59,667.28,668.95,668.79
17515.0,3.0,287.0,318.0,135.84666666666666,0.12,185.44,613.33,671.84,665.99
17376.0,1.0,241.0,311.0,97.35,0.05,484.87,722.5,658.84,665.2
16898.0,2.0,342.0,368.0,196.365,0.07,327.32,686.64,660.68,663.28
16233.0,2.0,295.0,366.0,194.64,0.07,324.45,683.91,660.68,663.0
13705.0,2.0,366.0,373.0,196.86,0.07,328.14,680.19,660.68,662.63
15018.0,2.0,329.0,367.0,192.48000000000002,0.07,320.86,674.71,660.68,662.08
16239.0,1.0,133.0,189.0,66.3,0.08,331.68,748.81,652.18,661.84
14467.0,3.0,295.0,312.0,155.68666666666667,0.12,212.46,714.41,655.96,661.81
13487.0,2.0,296.0,353.0,191.125,0.08,318.6,693.37,655.17,658.99
14805.0,3.0,298.0,313.0,148.46666666666667,0.12,202.63,679.46,655.96,658.31
12808.0,2.0,332.0,368.0,177.125,0.07,295.32,619.52,660.68,656.56
14657.0,3.0,309.0,326.0,144.04666666666665,0.12,196.61,636.35,657.84,655.69
14167.0,3.0,292.0,331.0,142.16333333333333,0.11,194.04,619.76,657.84,654.03
13000.0,2.0,258.0,364.0,166.54999999999998,0.08,277.74,588.29,658.35,651.34
14450.0,2.0,140.0,320.0,161.11,0.08,268.69,637.2,652.46,650.94
12990.0,2.0,279.0,310.0,156.0,0.09,260.19,634.29,652.46,650.65
15675.0,2.0,199.0,280.0,139.345,0.09,232.49,618.64,651.86,648.54
16997.0,2.0,37.0,325.0,156.0,0.08,260.19,608.77,652.46,648.09
12811.0,2.0,24.0,284.0,137.3,0.09,229.09,602.24,651.86,646.9
15334.0,2.0,17.0,173.0,118.58500000000001,0.14,197.97,781.99,626.55,642.09
14618.0,2.0,328.0,337.0,170.82,0.08,284.84,645.66,636.84,637.72
17483.0,2.0,118.0,183.0,129.47,0.13,216.07,816.52,615.84,635.91
16725.0,5.0,69.0,371.0,131.774,0.16,156.99,706.66,616.34,625.37
16454.0,1.0,20.0,64.0,1.0,0.17,9.52,45.5,686.42,622.33
17460.0,5.0,279.0,373.0,120.506,0.16,143.59,643.24,616.34,619.03
13223.0,1.0,32.0,232.0,62.4,0.07,312.44,596.99,621.13,618.72
16306.0,5.0,154.0,367.0,112.83399999999999,0.16,134.46,611.07,616.34,615.81
14803.0,2.0,130.0,292.0,151.7,0.09,253.04,649.53,611.33,615.15
12891.0,2.0,107.0,292.0,144.5,0.09,241.07,618.8,611.33,612.07
15230.0,1.0,1.0,240.0,59.4,0.07,297.64,552.9,615.92,609.62
16927.0,2.0,246.0,361.0,162.475,0.08,270.96,578.15,603.57,601.03
13240.0,3.0,269.0,365.0,146.52666666666667,0.1,199.99,586.14,601.39,599.86
15574.0,2.0,195.0,372.0,163.3,0.07,272.33,565.85,601.57,598.0
15038.0,5.0,311.0,369.0,115.81199999999998,0.16,138.0,624.16,595.09,598.0
16414.0,1.0,259.0,280.0,75.45,0.06,376.83,614.6,590.14,592.59
14836.0,2.0,20.0,30.0,13.2,0.4,22.72,254.62,629.76,592.25
15516.0,1.0,2.0,46.0,8.67,0.2,47.36,269.82,623.96,588.54
15862.0,3.0,365.0,373.0,159.54999999999998,0.1,217.72,625.99,582.69,587.02
14829.0,3.0,343.0,372.0,153.52666666666667,0.1,209.52,603.84,582.69,584.81
16828.0,1.0,19.0,112.0,15.0,0.12,78.59,262.88,619.19,583.56
16969.0,2.0,152.0,191.0,126.52499999999999,0.13,211.18,771.28,558.88,580.12
16203.0,3.0,314.0,372.0,140.73333333333332,0.1,192.1,553.62,582.69,579.78
16321.0,2.0,251.0,323.0,142.95,0.08,238.49,561.01,566.03,565.53
13865.0,3.0,231.0,289.0,126.08666666666666,0.13,172.15,618.38,558.96,564.9
13873.0,2.0,190.0,309.0,134.075,0.09,223.73,546.94,566.03,564.12
16034.0,2.0,136.0,332.0,142.05,0.08,236.99,544.28,566.03,563.86
15440.0,2.0,154.0,208.0,128.94,0.12,215.19,733.73,538.12,557.68
14731.0,2.0,165.0,212.0,126.18,0.12,210.6,707.02,538.12,555.01
12601.0,4.0,143.0,332.0,108.19999999999999,0.14,135.43,551.78,547.89,548.28
14077.0,4.0,234.0,274.0,95.5775,0.17,119.66,575.41,542.46,545.75
12679.0,3.0,225.0,283.0,106.32,0.13,145.23,531.13,546.7,545.14
16402.0,1.0,105.0,369.0,87.80000000000001,0.05,437.76,561.54,541.68,543.67
15400.0,4.0,186.0,278.0,92.525,0.17,115.85,550.24,542.46,543.23
14214.0,4.0,247.0,277.0,91.4325,0.17,114.48,545.43,542.46,542.75
17631.0,2.0,231.0,232.0,112.89,0.11,188.5,587.6,535.78,540.96
17765.0,2.0,98.0,256.0,125.315,0.1,209.16,600.51,521.52,529.42
17994.0,3.0,169.0,290.0,123.74666666666667,0.13,168.96,605.13,518.43,527.1
13489.0,3.0,189.0,294.0,124.08,0.13,169.42,599.66,518.43,526.55
16010.0,2.0,117.0,362.0,148.7,0.08,248.05,527.98,517.14,518.22
17375.0,2.0,162.0,361.0,145.195,0.08,242.22,516.83,517.14,517.11
16897.0,1.0,14.0,313.0,76.75,0.05,383.24,567.9,509.0,514.89
12559.0,1.0,9.0,319.0,75.6,0.05,377.57,550.34,509.0,513.13
12413.0,2.0,271.0,337.0,139.425,0.08,232.63,527.31,509.63,511.4
15780.0,2.0,174.0,357.0,149.065,0.08,248.66,535.81,503.65,506.87
12993.0,3.0,275.0,298.0,103.95333333333333,0.12,142.0,496.82,506.17,505.23
15863.0,1.0,167.0,192.0,59.64,0.08,298.83,666.19,484.61,502.77
14551.0,1.0,186.0,204.0,60.8,0.08,304.55,646.6,484.61,500.81
17181.0,1.0,316.0,373.0,84.4,0.05,420.98,534.89,489.24,493.8
16411.0,1.0,350.0,369.0,83.15,0.05,414.82,532.11,489.24,493.53
16885.0,2.0,342.0,357.0,140.43,0.08,234.3,504.86,489.64,491.17
16206.0,3.0,273.0,327.0,125.25333333333333,0.11,171.01,552.03,471.63,479.67
14765.0,2.0,147.0,176.0,86.805,0.14,145.12,565.56,453.0,464.26
17849.0,3.0,115.0,333.0,129.35,0.11,176.59,561.06,451.53,462.48
15852.0,1.0,11.0,197.0,57.5,0.08,288.27,629.53,443.41,462.02
14692.0,3.0,185.0,322.0,110.64999999999999,0.12,151.12,494.42,457.31,461.03
17440.0,1.0,91.0,247.0,61.8,0.06,309.48,561.25,443.64,455.4
17830.0,2.0,287.0,288.0,105.1,0.09,175.55,455.98,448.04,448.83
16668.0,5.0,269.0,284.0,51.192,0.2,61.12,347.26,460.07,448.79
13962.0,1.0,224.0,245.0,51.95,0.06,260.89,476.35,440.67,444.23
15781.0,2.0,280.0,305.0,131.055,0.09,218.71,540.72,431.1,442.06
17898.0,1.0,122.0,207.0,52.22,0.07,262.22,550.17,428.61,440.77
17707.0,1.0,151.0,336.0,68.7,0.05,343.53,478.54,434.04,438.49
16593.0,2.0,277.0,327.0,130.215,0.08,217.31,505.74,417.27,426.12
18155.0,2.0,216.0,291.0,128.845,0.09,215.03,553.6,411.11,425.36
17692.0,3.0,232.0,359.0,132.56,0.11,180.96,538.21,405.08,418.39
15332.0,1.0,3.0,369.0,63.0,0.05,315.4,404.59,418.64,417.23
17454.0,3.0,167.0,359.0,117.22666666666667,0.11,160.08,476.1,405.08,412.18
16816.0,3.0,255.0,358.0,113.75999999999999,0.11,155.36,463.19,405.08,410.89
16654.0,3.0,227.0,368.0,124.62333333333333,0.1,170.16,495.11,396.48,406.34
16955.0,3.0,189.0,373.0,120.85666666666667,0.1,165.03,474.47,396.48,404.28
17062.0,3.0,56.0,369.0,119.57666666666667,0.1,163.28,473.97,396.48,404.23
16777.0,1.0,177.0,257.0,49.099999999999994,0.06,246.83,432.94,400.55,403.79
17736.0,2.0,104.0,113.0,34.975,0.19,58.93,319.62,410.6,401.5
14871.0,3.0,357.0,360.0,127.32666666666667,0.11,173.84,515.74,387.16,400.02
15938.0,4.0,211.0,323.0,82.42,0.15,103.23,430.8,392.26,396.12
13145.0,3.0,333.0,372.0,107.83999999999999,0.1,147.3,424.51,391.51,394.81
15809.0,4.0,266.0,302.0,79.2425,0.16,99.26,439.1,385.64,390.99
12593.0,2.0,110.0,218.0,91.05,0.12,152.18,499.37,376.55,388.83
16951.0,2.0,170.0,304.0,111.97999999999999,0.09,186.99,463.61,379.64,388.04
17615.0,2.0,92.0,222.0,87.925,0.11,146.99,475.17,376.55,386.41
16998.0,2.0,155.0,304.0,102.5,0.09,171.22,424.53,376.04,380.89
15535.0,2.0,154.0,327.0,121.93,0.08,203.53,473.67,365.81,376.6
13140.0,2.0,258.0,366.0,132.10500000000002,0.07,220.46,464.7,366.38,376.21
16378.0,2.0,63.0,310.0,109.375,0.09,182.66,445.28,367.69,375.45
13606.0,2.0,282.0,311.0,105.26,0.09,175.81,427.4,367.69,373.66
12527.0,2.0,244.0,325.0,108.095,0.08,180.53,422.38,367.69,373.16
12547.0,1.0,83.0,280.0,48.4,0.06,243.37,396.93,361.26,364.83
13133.0,1.0,31.0,304.0,57.449999999999996,0.05,288.02,437.71,338.53,348.45
17446.0,1.0,134.0,310.0,52.8,0.05,265.08,396.1,332.31,338.69
12845.0,3.0,23.0,290.0,96.33333333333333,0.13,131.63,471.41,321.46,336.45
15081.0,4.0,345.0,367.0,98.4125,0.13,123.2,459.63,321.23,335.07
17742.0,1.0,219.0,332.0,52.54,0.05,263.8,371.35,330.01,334.14
16852.0,1.0,166.0,176.0,31.85,0.08,161.72,386.3,326.69,332.65
17616.0,2.0,194.0,367.0,122.39999999999999,0.07,204.32,429.65,319.99,330.95
15646.0,2.0,215.0,372.0,128.92000000000002,0.07,215.16,447.06,314.92,328.13
18121.0,1.0,5.0,154.0,23.25,0.09,119.29,316.01,328.39,327.15
18043.0,2.0,342.0,366.0,121.525,0.07,202.86,427.62,305.98,318.14
17917.0,2.0,317.0,362.0,115.185,0.08,192.32,409.35,307.98,318.11
16475.0,3.0,185.0,273.0,78.10000000000001,0.13,106.79,402.74,301.09,311.26
17892.0,2.0,99.0,155.0,51.0,0.15,85.58,368.05,294.18,301.57
13972.0,1.0,131.0,201.0,44.349999999999994,0.08,223.39,480.01,274.99,295.49
12875.0,1.0,219.0,362.0,49.47,0.05,248.65,324.41,286.6,290.38
16832.0,2.0,33.0,217.0,70.125,0.12,117.39,386.64,279.54,290.25
15139.0,1.0,97.0,336.0,56.86,0.05,285.11,397.17,277.29,289.28
16038.0,2.0,194.0,201.0,77.41499999999999,0.12,129.51,454.0,263.27,282.34
16634.0,1.0,150.0,372.0,53.1,0.05,266.56,339.49,273.96,280.51
18273.0,2.0,255.0,257.0,76.5,0.1,127.99,366.25,265.81,275.85
13092.0,4.0,289.0,359.0,73.095,0.14,91.58,348.38,266.56,274.74
13404.0,1.0,211.0,212.0,34.68,0.07,175.68,361.52,238.26,250.59
15048.0,3.0,303.0,368.0,95.11666666666667,0.1,129.97,378.17,233.18,247.67
14682.0,1.0,14.0,201.0,31.2,0.08,158.51,340.6,219.13,231.27
15462.0,2.0,93.0,187.0,64.8,0.13,108.53,403.14,206.8,226.43
13502.0,2.0,307.0,323.0,88.7,0.08,148.28,348.79,198.05,213.12
14616.0,2.0,75.0,317.0,84.24000000000001,0.08,140.86,336.8,197.75,211.65
12999.0,2.0,49.0,245.0,67.8,0.11,113.52,338.16,194.01,208.43
17912.0,3.0,54.0,364.0,68.62,0.1,93.88,275.82,192.35,200.7
16342.0,3.0,104.0,179.0,61.81999999999999,0.19,84.62,451.35,169.54,197.72
17869.0,3.0,261.0,368.0,71.28666666666668,0.1,97.51,283.73,187.66,197.27
17580.0,2.0,106.0,358.0,84.435,0.08,141.18,303.47,167.6,181.18
14037.0,1.0,188.0,364.0,35.4,0.05,179.24,232.71,173.91,179.79
17024.0,2.0,112.0,157.0,32.3,0.15,54.49,232.03,169.87,176.09
16473.0,2.0,172.0,336.0,83.35,0.08,139.38,316.76,155.12,171.28
15107.0,5.0,61.0,372.0,40.7,0.16,48.64,218.43,139.36,147.26
16866.0,2.0,21.0,161.0,49.394999999999996,0.15,82.91,346.32,116.47,139.46
15759.0,2.0,140.0,358.0,77.9,0.08,130.32,280.11,100.72,118.66
16500.0,4.0,326.0,330.0,58.964999999999996,0.15,73.93,302.83,94.65,115.47
13592.0,3.0,229.0,264.0,57.080000000000005,0.14,78.16,303.28,85.16,106.97
13122.0,1.0,146.0,240.0,18.72,0.07,96.94,180.08,91.66,100.5
13666.0,1.0,227.0,287.0,20.6,0.06,106.22,169.62,91.76,99.55
16498.0,1.0,1.0,162.0,9.75,0.09,52.69,134.25,92.37,96.55
16226.0,2.0,32.0,235.0,62.16,0.11,104.14,321.19,71.32,96.31
16356.0,2.0,80.0,277.0,54.885,0.1,92.04,247.17,65.31,83.49
16462.0,2.0,210.0,283.0,51.0,0.09,85.58,225.66,65.31,81.34
17252.0,1.0,70.0,186.0,11.9,0.08,63.29,144.73,63.62,71.73
15700.0,1.0,1.0,173.0,3.9,0.09,23.83,57.68,63.08,62.54
18165.0,0.0,0.0,177.0,0.0,0.03,479.5,-1.02,63.08,56.67
17536.0,0.0,0.0,177.0,0.0,0.03,479.5,-1.02,63.08,56.67
12837.0,0.0,0.0,173.0,0.0,0.03,479.5,-1.04,63.08,56.67
15909.0,0.0,0.0,173.0,0.0,0.03,479.5,-1.04,63.08,56.67
16257.0,0.0,0.0,176.0,0.0,0.03,479.5,-1.03,63.08,56.67
13343.0,0.0,0.0,177.0,0.0,0.03,479.5,-1.02,63.08,56.67
15076.0,0.0,0.0,172.0,0.0,0.03,479.5,-1.04,63.08,56.67
15921.0,0.0,0.0,172.0,0.0,0.03,479.5,-1.04,63.08,56.67
15825.0,0.0,0.0,172.0,0.0,0.03,479.5,-1.04,63.08,56.67
16276.0,0.0,0.0,176.0,0.0,0.03,479.5,-1.03,63.08,56.67
15016.0,0.0,0.0,172.0,0.0,0.03,479.5,-1.04,63.08,56.67
15585.0,0.0,0.0,176.0,0.0,0.03,479.5,-1.03,63.08,56.67
15389.0,0.0,0.0,172.0,0.0,0.03,479.5,-1.04,63.08,56.67
15219.0,0.0,0.0,176.0,0.0,0.03,479.5,-1.03,63.08,56.67
14222.0,0.0,0.0,177.0,0.0,0.03,479.5,-1.02,63.08,56.67
16526.0,0.0,0.0,171.0,0.0,0.03,479.5,-1.05,63.08,56.67
16739.0,0.0,0.0,176.0,0.0,0.03,479.5,-1.03,63.08,56.67
13826.0,0.0,0.0,176.0,0.0,0.03,479.5,-1.03,63.08,56.67
12809.0,0.0,0.0,177.0,0.0,0.03,479.5,-1.02,63.08,56.67
15412.0,0.0,0.0,171.0,0.0,0.03,479.5,-1.05,63.08,56.67
17879.0,0.0,0.0,173.0,0.0,0.03,479.5,-1.04,63.08,56.67
13618.0,0.0,0.0,173.0,0.0,0.03,479.5,-1.04,63.08,56.67
15507.0,0.0,0.0,171.0,0.0,0.03,479.5,-1.05,63.08,56.67
16050.0,0.0,0.0,173.0,0.0,0.03,479.5,-1.04,63.08,56.67
13568.0,0.0,0.0,173.0,0.0,0.03,479.5,-1.04,63.08,56.67
15280.0,0.0,0.0,172.0,0.0,0.03,479.5,-1.04,63.08,56.67
16461.0,0.0,0.0,177.0,0.0,0.03,479.5,-1.02,63.08,56.67
17960.0,0.0,0.0,171.0,0.0,0.03,479.5,-1.05,63.08,56.67
13300.0,0.0,0.0,169.0,0.0,0.03,479.5,-1.06,63.08,56.66
16114.0,0.0,0.0,170.0,0.0,0.03,479.5,-1.05,63.08,56.66
14351.0,0.0,0.0,164.0,0.0,0.03,479.5,-1.08,63.08,56.66
16545.0,0.0,0.0,164.0,0.0,0.03,479.5,-1.08,63.08,56.66
17877.0,0.0,0.0,170.0,0.0,0.03,479.5,-1.05,63.08,56.66
18193.0,0.0,0.0,165.0,0.0,0.03,479.5,-1.08,63.08,56.66
15537.0,0.0,0.0,163.0,0.0,0.03,479.5,-1.09,63.08,56.66
14327.0,0.0,0.0,163.0,0.0,0.03,479.5,-1.09,63.08,56.66
14795.0,0.0,0.0,166.0,0.0,0.03,479.5,-1.07,63.08,56.66
15130.0,0.0,0.0,169.0,0.0,0.03,479.5,-1.06,63.08,56.66
17709.0,0.0,0.0,169.0,0.0,0.03,479.5,-1.06,63.08,56.66
13937.0,0.0,0.0,169.0,0.0,0.03,479.5,-1.06,63.08,56.66
12548.0,0.0,0.0,166.0,0.0,0.03,479.5,-1.07,63.08,56.66
16287.0,0.0,0.0,169.0,0.0,0.03,479.5,-1.06,63.08,56.66
15041.0,0.0,0.0,170.0,0.0,0.03,479.5,-1.05,63.08,56.66
17408.0,0.0,0.0,163.0,0.0,0.03,479.5,-1.09,63.08,56.66
17110.0,0.0,0.0,165.0,0.0,0.03,479.5,-1.08,63.08,56.66
16247.0,0.0,0.0,170.0,0.0,0.03,479.5,-1.05,63.08,56.66
14338.0,1.0,35.0,196.0,8.25,0.08,45.29,99.3,42.86,48.51
17508.0,0.0,0.0,280.0,0.0,0.02,479.5,-0.7,46.28,41.58
18280.0,0.0,0.0,277.0,0.0,0.02,479.5,-0.71,46.28,41.58
16078.0,0.0,0.0,283.0,0.0,0.02,479.5,-0.69,46.28,41.58
17789.0,0.0,0.0,281.0,0.0,0.02,479.5,-0.7,46.28,41.58
13751.0,0.0,0.0,288.0,0.0,0.02,479.5,-0.68,46.28,41.58
16072.0,0.0,0.0,288.0,0.0,0.02,479.5,-0.68,46.28,41.58
14670.0,0.0,0.0,280.0,0.0,0.02,479.5,-0.7,46.28,41.58
12623.0,0.0,0.0,276.0,0.0,0.02,479.5,-0.71,46.28,41.58
15257.0,0.0,0.0,283.0,0.0,0.02,479.5,-0.69,46.28,41.58
13973.0,0.0,0.0,287.0,0.0,0.02,479.5,-0.69,46.28,41.58
14046.0,0.0,0.0,284.0,0.0,0.02,479.5,-0.69,46.28,41.58
15397.0,0.0,0.0,289.0,0.0,0.02,479.5,-0.68,46.28,41.58
14247.0,0.0,0.0,278.0,0.0,0.02,479.5,-0.7,46.28,41.58
16625.0,0.0,0.0,274.0,0.0,0.02,479.5,-0.71,46.28,41.58
14036.0,0.0,0.0,284.0,0.0,0.02,479.5,-0.69,46.28,41.58
18056.0,0.0,0.0,288.0,0.0,0.02,479.5,-0.68,46.28,41.58
12834.0,0.0,0.0,282.0,0.0,0.02,479.5,-0.7,46.28,41.58
14570.0,0.0,0.0,280.0,0.0,0.02,479.5,-0.7,46.28,41.58
16159.0,0.0,0.0,281.0,0.0,0.02,479.5,-0.7,46.28,41.58
15543.0,0.0,0.0,288.0,0.0,0.02,479.5,-0.68,46.28,41.58
15308.0,0.0,0.0,274.0,0.0,0.02,479.5,-0.71,46.28,41.58
15234.0,0.0,0.0,276.0,0.0,0.02,479.5,-0.71,46.28,41.58
16598.0,0.0,0.0,285.0,0.0,0.02,479.5,-0.69,46.28,41.58
15554.0,0.0,0.0,277.0,0.0,0.02,479.5,-0.71,46.28,41.58
14165.0,0.0,0.0,275.0,0.0,0.02,479.5,-0.71,46.28,41.58
14012.0,0.0,0.0,277.0,0.0,0.02,479.5,-0.71,46.28,41.58
12817.0,0.0,0.0,281.0,0.0,0.02,479.5,-0.7,46.28,41.58
12614.0,0.0,0.0,277.0,0.0,0.02,479.5,-0.71,46.28,41.58
15319.0,0.0,0.0,283.0,0.0,0.02,479.5,-0.69,46.28,41.58
17639.0,0.0,0.0,276.0,0.0,0.02,479.5,-0.71,46.28,41.58
17325.0,0.0,0.0,280.0,0.0,0.02,479.5,-0.7,46.28,41.58
13753.0,0.0,0.0,287.0,0.0,0.02,479.5,-0.69,46.28,41.58
17923.0,0.0,0.0,282.0,0.0,0.02,479.5,-0.7,46.28,41.58
12945.0,0.0,0.0,288.0,0.0,0.02,479.5,-0.68,46.28,41.58
15869.0,0.0,0.0,277.0,0.0,0.02,479.5,-0.71,46.28,41.58
18068.0,0.0,0.0,289.0,0.0,0.02,479.5,-0.68,46.28,41.58
13684.0,0.0,0.0,285.0,0.0,0.02,479.5,-0.69,46.28,41.58
15709.0,0.0,0.0,283.0,0.0,0.02,479.5,-0.69,46.28,41.58
15944.0,0.0,0.0,276.0,0.0,0.02,479.5,-0.71,46.28,41.58
17499.0,0.0,0.0,289.0,0.0,0.02,479.5,-0.68,46.28,41.58
14727.0,0.0,0.0,274.0,0.0,0.02,479.5,-0.71,46.28,41.58
16339.0,0.0,0.0,284.0,0.0,0.02,479.5,-0.69,46.28,41.58
17117.0,0.0,0.0,288.0,0.0,0.02,479.5,-0.68,46.28,41.58
14586.0,0.0,0.0,276.0,0.0,0.02,479.5,-0.71,46.28,41.58
12881.0,0.0,0.0,275.0,0.0,0.02,479.5,-0.71,46.28,41.58
12565.0,0.0,0.0,288.0,0.0,0.02,479.5,-0.68,46.28,41.58
16917.0,0.0,0.0,276.0,0.0,0.02,479.5,-0.71,46.28,41.58
17535.0,0.0,0.0,280.0,0.0,0.02,479.5,-0.7,46.28,41.58
15733.0,0.0,0.0,282.0,0.0,0.02,479.5,-0.7,46.28,41.58
15087.0,0.0,0.0,281.0,0.0,0.02,479.5,-0.7,46.28,41.58
18086.0,0.0,0.0,274.0,0.0,0.02,479.5,-0.71,46.28,41.58
13382.0,0.0,0.0,280.0,0.0,0.02,479.5,-0.7,46.28,41.58
12509.0,0.0,0.0,284.0,0.0,0.02,479.5,-0.69,46.28,41.58
13501.0,0.0,0.0,288.0,0.0,0.02,479.5,-0.68,46.28,41.58
17138.0,0.0,0.0,275.0,0.0,0.02,479.5,-0.71,46.28,41.58
12361.0,0.0,0.0,287.0,0.0,0.02,479.5,-0.69,46.28,41.58
14603.0,0.0,0.0,274.0,0.0,0.02,479.5,-0.71,46.28,41.58
17995.0,0.0,0.0,281.0,0.0,0.02,479.5,-0.7,46.28,41.58
16792.0,0.0,0.0,282.0,0.0,0.02,479.5,-0.7,46.28,41.58
16471.0,0.0,0.0,274.0,0.0,0.02,479.5,-0.71,46.28,41.58
13345.0,0.0,0.0,287.0,0.0,0.02,479.5,-0.69,46.28,41.58
14350.0,0.0,0.0,274.0,0.0,0.02,479.5,-0.71,46.28,41.58
17171.0,0.0,0.0,289.0,0.0,0.02,479.5,-0.68,46.28,41.58
12873.0,0.0,0.0,282.0,0.0,0.02,479.5,-0.7,46.28,41.58
16517.0,0.0,0.0,277.0,0.0,0.02,479.5,-0.71,46.28,41.58
17165.0,0.0,0.0,284.0,0.0,0.02,479.5,-0.69,46.28,41.58
13166.0,0.0,0.0,283.0,0.0,0.02,479.5,-0.69,46.28,41.58
14483.0,0.0,0.0,281.0,0.0,0.02,479.5,-0.7,46.28,41.58
17654.0,0.0,0.0,277.0,0.0,0.02,479.5,-0.71,46.28,41.58
12866.0,0.0,0.0,283.0,0.0,0.02,479.5,-0.69,46.28,41.58
18037.0,5.0,208.0,362.0,7.744,0.16,9.43,43.4,37.83,38.39
17988.0,4.0,315.0,326.0,34.0325,0.15,42.79,177.16,21.2,36.8
16714.0,1.0,99.0,317.0,15.0,0.05,78.59,115.18,27.72,36.47
13226.0,0.0,0.0,273.0,0.0,0.02,479.5,-0.72,40.23,36.13
13043.0,0.0,0.0,273.0,0.0,0.02,479.5,-0.72,40.23,36.13
15049.0,0.0,0.0,273.0,0.0,0.02,479.5,-0.72,40.23,36.13
16766.0,0.0,0.0,273.0,0.0,0.02,479.5,-0.72,40.23,36.13
17906.0,0.0,0.0,247.0,0.0,0.02,479.5,-0.78,39.88,35.82
15917.0,0.0,0.0,247.0,0.0,0.02,479.5,-0.78,39.88,35.82
13863.0,0.0,0.0,247.0,0.0,0.02,479.5,-0.78,39.88,35.82
14964.0,0.0,0.0,247.0,0.0,0.02,479.5,-0.78,39.88,35.82
17140.0,0.0,0.0,247.0,0.0,0.02,479.5,-0.78,39.88,35.82
13341.0,0.0,0.0,260.0,0.0,0.02,479.5,-0.75,38.82,34.87
14632.0,0.0,0.0,262.0,0.0,0.02,479.5,-0.74,38.82,34.87
13216.0,0.0,0.0,267.0,0.0,0.02,479.5,-0.73,38.82,34.87
15437.0,0.0,0.0,262.0,0.0,0.02,479.5,-0.74,38.82,34.87
12818.0,0.0,0.0,261.0,0.0,0.02,479.5,-0.74,38.82,34.87
16377.0,0.0,0.0,267.0,0.0,0.02,479.5,-0.73,38.82,34.87
15445.0,0.0,0.0,264.0,0.0,0.02,479.5,-0.74,38.82,34.87
13072.0,0.0,0.0,266.0,0.0,0.02,479.5,-0.73,38.82,34.87
12514.0,0.0,0.0,267.0,0.0,0.02,479.5,-0.73,38.82,34.87
13239.0,0.0,0.0,261.0,0.0,0.02,479.5,-0.74,38.82,34.87
14059.0,0.0,0.0,266.0,0.0,0.02,479.5,-0.73,38.82,34.87
14633.0,0.0,0.0,266.0,0.0,0.02,479.5,-0.73,38.82,34.87
14066.0,0.0,0.0,266.0,0.0,0.02,479.5,-0.73,38.82,34.87
16216.0,0.0,0.0,267.0,0.0,0.02,479.5,-0.73,38.82,34.87
16256.0,0.0,0.0,266.0,0.0,0.02,479.5,-0.73,38.82,34.87
14840.0,0.0,0.0,267.0,0.0,0.02,479.5,-0.73,38.82,34.87
15457.0,0.0,0.0,262.0,0.0,0.02,479.5,-0.74,38.82,34.87
13512.0,0.0,0.0,260.0,0.0,0.02,479.5,-0.75,38.82,34.87
15408.0,0.0,0.0,264.0,0.0,0.02,479.5,-0.74,38.82,34.87
18224.0,0.0,0.0,263.0,0.0,0.02,479.5,-0.74,38.82,34.87
12564.0,0.0,0.0,261.0,0.0,0.02,479.5,-0.74,38.82,34.87
13185.0,0.0,0.0,267.0,0.0,0.02,479.5,-0.73,38.82,34.87
16619.0,0.0,0.0,263.0,0.0,0.02,479.5,-0.74,38.82,34.87
13262.0,0.0,0.0,263.0,0.0,0.02,479.5,-0.74,38.82,34.87
15178.0,0.0,0.0,260.0,0.0,0.02,479.5,-0.75,38.82,34.87
13934.0,0.0,0.0,263.0,0.0,0.02,479.5,-0.74,38.82,34.87
15695.0,0.0,0.0,266.0,0.0,0.02,479.5,-0.73,38.82,34.87
14348.0,0.0,0.0,260.0,0.0,0.02,479.5,-0.75,38.82,34.87
15703.0,0.0,0.0,264.0,0.0,0.02,479.5,-0.74,38.82,34.87
14762.0,0.0,0.0,263.0,0.0,0.02,479.5,-0.74,38.82,34.87
16063.0,0.0,0.0,260.0,0.0,0.02,479.5,-0.75,38.82,34.87
17102.0,0.0,0.0,261.0,0.0,0.02,479.5,-0.74,38.82,34.87
14870.0,0.0,0.0,261.0,0.0,0.02,479.5,-0.74,38.82,34.87
13132.0,0.0,0.0,261.0,0.0,0.02,479.5,-0.74,38.82,34.87
16976.0,0.0,0.0,267.0,0.0,0.02,479.5,-0.73,38.82,34.87
17678.0,0.0,0.0,263.0,0.0,0.02,479.5,-0.74,38.82,34.87
17060.0,0.0,0.0,266.0,0.0,0.02,479.5,-0.73,38.82,34.87
18191.0,0.0,0.0,261.0,0.0,0.02,479.5,-0.74,38.82,34.87
17698.0,0.0,0.0,260.0,0.0,0.02,479.5,-0.75,38.82,34.87
16022.0,0.0,0.0,260.0,0.0,0.02,479.5,-0.75,38.82,34.87
17763.0,0.0,0.0,263.0,0.0,0.02,479.5,-0.74,38.82,34.87
16769.0,0.0,0.0,260.0,0.0,0.02,479.5,-0.75,38.82,34.87
16096.0,0.0,0.0,264.0,0.0,0.02,479.5,-0.74,38.82,34.87
14041.0,0.0,0.0,266.0,0.0,0.02,479.5,-0.73,38.82,34.87
14693.0,0.0,0.0,264.0,0.0,0.02,479.5,-0.74,38.82,34.87
16135.0,0.0,0.0,262.0,0.0,0.02,479.5,-0.74,38.82,34.87
15019.0,0.0,0.0,266.0,0.0,0.02,479.5,-0.73,38.82,34.87
16721.0,0.0,0.0,262.0,0.0,0.02,479.5,-0.74,38.82,34.87
12902.0,0.0,0.0,264.0,0.0,0.02,479.5,-0.74,38.82,34.87
17486.0,0.0,0.0,261.0,0.0,0.02,479.5,-0.74,38.82,34.87
14155.0,0.0,0.0,266.0,0.0,0.02,479.5,-0.73,38.82,34.87
12831.0,0.0,0.0,262.0,0.0,0.02,479.5,-0.74,38.82,34.87
15775.0,0.0,0.0,245.0,0.0,0.02,479.5,-0.78,37.51,33.68
18129.0,0.0,0.0,243.0,0.0,0.02,479.5,-0.79,37.51,33.68
15109.0,0.0,0.0,245.0,0.0,0.02,479.5,-0.78,37.51,33.68
16623.0,0.0,0.0,245.0,0.0,0.02,479.5,-0.78,37.51,33.68
15119.0,0.0,0.0,245.0,0.0,0.02,479.5,-0.78,37.51,33.68
13508.0,0.0,0.0,243.0,0.0,0.02,479.5,-0.79,37.51,33.68
14326.0,0.0,0.0,242.0,0.0,0.02,479.5,-0.79,37.51,33.68
16643.0,0.0,0.0,245.0,0.0,0.02,479.5,-0.78,37.51,33.68
14981.0,0.0,0.0,246.0,0.0,0.02,479.5,-0.78,37.51,33.68
12580.0,0.0,0.0,246.0,0.0,0.02,479.5,-0.78,37.51,33.68
12982.0,0.0,0.0,242.0,0.0,0.02,479.5,-0.79,37.51,33.68
13570.0,0.0,0.0,243.0,0.0,0.02,479.5,-0.79,37.51,33.68
17574.0,0.0,0.0,242.0,0.0,0.02,479.5,-0.79,37.51,33.68
12447.0,0.0,0.0,243.0,0.0,0.02,479.5,-0.79,37.51,33.68
16144.0,0.0,0.0,246.0,0.0,0.02,479.5,-0.78,37.51,33.68
13712.0,0.0,0.0,246.0,0.0,0.02,479.5,-0.78,37.51,33.68
15655.0,0.0,0.0,243.0,0.0,0.02,479.5,-0.79,37.51,33.68
14339.0,0.0,0.0,242.0,0.0,0.02,479.5,-0.79,37.51,33.68
14619.0,0.0,0.0,245.0,0.0,0.02,479.5,-0.78,37.51,33.68
14311.0,0.0,0.0,242.0,0.0,0.02,479.5,-0.79,37.51,33.68
14924.0,0.0,0.0,245.0,0.0,0.02,479.5,-0.78,37.51,33.68
13626.0,0.0,0.0,252.0,0.0,0.02,479.5,-0.77,36.43,32.71
17492.0,0.0,0.0,248.0,0.0,0.02,479.5,-0.78,36.43,32.71
17438.0,0.0,0.0,253.0,0.0,0.02,479.5,-0.76,36.43,32.71
13841.0,0.0,0.0,252.0,0.0,0.02,479.5,-0.77,36.43,32.71
15424.0,0.0,0.0,254.0,0.0,0.02,479.5,-0.76,36.43,32.71
13803.0,0.0,0.0,255.0,0.0,0.02,479.5,-0.76,36.43,32.71
15442.0,0.0,0.0,248.0,0.0,0.02,479.5,-0.78,36.43,32.71
17701.0,0.0,0.0,252.0,0.0,0.02,479.5,-0.77,36.43,32.71
15083.0,0.0,0.0,256.0,0.0,0.02,479.5,-0.76,36.43,32.71
13060.0,0.0,0.0,253.0,0.0,0.02,479.5,-0.76,36.43,32.71
13059.0,0.0,0.0,249.0,0.0,0.02,479.5,-0.77,36.43,32.71
17775.0,0.0,0.0,254.0,0.0,0.02,479.5,-0.76,36.43,32.71
18108.0,0.0,0.0,254.0,0.0,0.02,479.5,-0.76,36.43,32.71
16105.0,0.0,0.0,248.0,0.0,0.02,479.5,-0.78,36.43,32.71
14886.0,0.0,0.0,252.0,0.0,0.02,479.5,-0.77,36.43,32.71
14890.0,0.0,0.0,253.0,0.0,0.02,479.5,-0.76,36.43,32.71
16142.0,0.0,0.0,249.0,0.0,0.02,479.5,-0.77,36.43,32.71
13462.0,0.0,0.0,252.0,0.0,0.02,479.5,-0.77,36.43,32.71
13439.0,0.0,0.0,255.0,0.0,0.02,479.5,-0.76,36.43,32.71
16162.0,0.0,0.0,252.0,0.0,0.02,479.5,-0.77,36.43,32.71
14957.0,0.0,0.0,253.0,0.0,0.02,479.5,-0.76,36.43,32.71
16586.0,0.0,0.0,248.0,0.0,0.02,479.5,-0.78,36.43,32.71
13357.0,0.0,0.0,257.0,0.0,0.02,479.5,-0.75,36.43,32.71
15832.0,0.0,0.0,254.0,0.0,0.02,479.5,-0.76,36.43,32.71
18185.0,0.0,0.0,249.0,0.0,0.02,479.5,-0.77,36.43,32.71
17956.0,0.0,0.0,249.0,0.0,0.02,479.5,-0.77,36.43,32.71
15691.0,0.0,0.0,252.0,0.0,0.02,479.5,-0.77,36.43,32.71
18010.0,0.0,0.0,256.0,0.0,0.02,479.5,-0.76,36.43,32.71
15528.0,0.0,0.0,254.0,0.0,0.02,479.5,-0.76,36.43,32.71
14536.0,0.0,0.0,259.0,0.0,0.02,479.5,-0.75,36.43,32.71
12792.0,0.0,0.0,256.0,0.0,0.02,479.5,-0.76,36.43,32.71
17212.0,0.0,0.0,253.0,0.0,0.02,479.5,-0.76,36.43,32.71
14747.0,0.0,0.0,249.0,0.0,0.02,479.5,-0.77,36.43,32.71
14476.0,0.0,0.0,257.0,0.0,0.02,479.5,-0.75,36.43,32.71
13781.0,0.0,0.0,250.0,0.0,0.02,479.5,-0.77,36.43,32.71
13561.0,0.0,0.0,215.0,0.0,0.03,479.5,-0.87,36.03,32.34
15143.0,0.0,0.0,225.0,0.0,0.03,479.5,-0.84,36.03,32.34
17548.0,0.0,0.0,233.0,0.0,0.02,479.5,-0.82,36.03,32.34
17893.0,0.0,0.0,225.0,0.0,0.03,479.5,-0.84,36.03,32.34
17578.0,0.0,0.0,218.0,0.0,0.03,479.5,-0.86,36.03,32.34
17582.0,0.0,0.0,236.0,0.0,0.02,479.5,-0.81,36.03,32.34
17697.0,0.0,0.0,236.0,0.0,0.02,479.5,-0.81,36.03,32.34
15225.0,0.0,0.0,234.0,0.0,0.02,479.5,-0.81,36.03,32.34
13485.0,0.0,0.0,233.0,0.0,0.02,479.5,-0.82,36.03,32.34
14697.0,0.0,0.0,218.0,0.0,0.03,479.5,-0.86,36.03,32.34
18009.0,0.0,0.0,235.0,0.0,0.02,479.5,-0.81,36.03,32.34
15210.0,0.0,0.0,225.0,0.0,0.03,479.5,-0.84,36.03,32.34
17670.0,0.0,0.0,227.0,0.0,0.03,479.5,-0.84,36.03,32.34
17718.0,0.0,0.0,232.0,0.0,0.03,479.5,-0.82,36.03,32.34
13482.0,0.0,0.0,232.0,0.0,0.03,479.5,-0.82,36.03,32.34
13474.0,0.0,0.0,236.0,0.0,0.02,479.5,-0.81,36.03,32.34
17187.0,0.0,0.0,226.0,0.0,0.03,479.5,-0.84,36.03,32.34
17501.0,0.0,0.0,220.0,0.0,0.03,479.5,-0.86,36.03,32.34
15552.0,0.0,0.0,217.0,0.0,0.03,479.5,-0.87,36.03,32.34
15668.0,0.0,0.0,217.0,0.0,0.03,479.5,-0.87,36.03,32.34
16055.0,0.0,0.0,220.0,0.0,0.03,479.5,-0.86,36.03,32.34
17217.0,0.0,0.0,234.0,0.0,0.02,479.5,-0.81,36.03,32.34
14304.0,0.0,0.0,222.0,0.0,0.03,479.5,-0.85,36.03,32.34
18213.0,0.0,0.0,236.0,0.0,0.02,479.5,-0.81,36.03,32.34
12622.0,0.0,0.0,232.0,0.0,0.03,479.5,-0.82,36.03,32.34
13723.0,0.0,0.0,217.0,0.0,0.03,479.5,-0.87,36.03,32.34
16610.0,0.0,0.0,219.0,0.0,0.03,479.5,-0.86,36.03,32.34
18220.0,0.0,0.0,226.0,0.0,0.03,479.5,-0.84,36.03,32.34
15517.0,0.0,0.0,233.0,0.0,0.02,479.5,-0.82,36.03,32.34
12354.0,0.0,0.0,232.0,0.0,0.03,479.5,-0.82,36.03,32.34
14022.0,0.0,0.0,225.0,0.0,0.03,479.5,-0.84,36.03,32.34
13711.0,0.0,0.0,218.0,0.0,0.03,479.5,-0.86,36.03,32.34
14271.0,0.0,0.0,225.0,0.0,0.03,479.5,-0.84,36.03,32.34
14340.0,0.0,0.0,218.0,0.0,0.03,479.5,-0.86,36.03,32.34
17174.0,0.0,0.0,217.0,0.0,0.03,479.5,-0.87,36.03,32.34
16823.0,0.0,0.0,227.0,0.0,0.03,479.5,-0.84,36.03,32.34
13762.0,0.0,0.0,218.0,0.0,0.03,479.5,-0.86,36.03,32.34
16834.0,0.0,0.0,227.0,0.0,0.03,479.5,-0.84,36.03,32.34
14353.0,0.0,0.0,215.0,0.0,0.03,479.5,-0.87,36.03,32.34
17120.0,0.0,0.0,233.0,0.0,0.02,479.5,-0.82,36.03,32.34
15717.0,0.0,0.0,234.0,0.0,0.02,479.5,-0.81,36.03,32.34
13642.0,0.0,0.0,215.0,0.0,0.03,479.5,-0.87,36.03,32.34
14393.0,0.0,0.0,218.0,0.0,0.03,479.5,-0.86,36.03,32.34
16947.0,0.0,0.0,235.0,0.0,0.02,479.5,-0.81,36.03,32.34
15891.0,0.0,0.0,226.0,0.0,0.03,479.5,-0.84,36.03,32.34
16965.0,0.0,0.0,226.0,0.0,0.03,479.5,-0.84,36.03,32.34
12573.0,0.0,0.0,227.0,0.0,0.03,479.5,-0.84,36.03,32.34
13229.0,0.0,0.0,225.0,0.0,0.03,479.5,-0.84,36.03,32.34
12733.0,0.0,0.0,234.0,0.0,0.02,479.5,-0.81,36.03,32.34
14423.0,0.0,0.0,218.0,0.0,0.03,479.5,-0.86,36.03,32.34
16617.0,0.0,0.0,235.0,0.0,0.02,479.5,-0.81,36.03,32.34
16990.0,0.0,0.0,218.0,0.0,0.03,479.5,-0.86,36.03,32.34
16193.0,0.0,0.0,236.0,0.0,0.02,479.5,-0.81,36.03,32.34
16227.0,0.0,0.0,225.0,0.0,0.03,479.5,-0.84,36.03,32.34
12506.0,0.0,0.0,232.0,0.0,0.03,479.5,-0.82,36.03,32.34
14199.0,0.0,0.0,218.0,0.0,0.03,479.5,-0.86,36.03,32.34
17443.0,0.0,0.0,219.0,0.0,0.03,479.5,-0.86,36.03,32.34
16319.0,0.0,0.0,217.0,0.0,0.03,479.5,-0.87,36.03,32.34
14148.0,0.0,0.0,233.0,0.0,0.02,479.5,-0.82,36.03,32.34
17394.0,0.0,0.0,219.0,0.0,0.03,479.5,-0.86,36.03,32.34
14149.0,0.0,0.0,220.0,0.0,0.03,479.5,-0.86,36.03,32.34
18227.0,0.0,0.0,217.0,0.0,0.03,479.5,-0.87,36.03,32.34
16457.0,0.0,0.0,218.0,0.0,0.03,479.5,-0.86,36.03,32.34
13101.0,0.0,0.0,234.0,0.0,0.02,479.5,-0.81,36.03,32.34
16587.0,0.0,0.0,232.0,0.0,0.03,479.5,-0.82,36.03,32.34
16697.0,0.0,0.0,241.0,0.0,0.02,479.5,-0.8,34.21,30.71
12639.0,0.0,0.0,238.0,0.0,0.02,479.5,-0.8,34.21,30.71
15212.0,0.0,0.0,241.0,0.0,0.02,479.5,-0.8,34.21,30.71
15147.0,0.0,0.0,240.0,0.0,0.02,479.5,-0.8,34.21,30.71
17367.0,0.0,0.0,238.0,0.0,0.02,479.5,-0.8,34.21,30.71
16097.0,0.0,0.0,240.0,0.0,0.02,479.5,-0.8,34.21,30.71
17972.0,0.0,0.0,241.0,0.0,0.02,479.5,-0.8,34.21,30.71
13740.0,0.0,0.0,240.0,0.0,0.02,479.5,-0.8,34.21,30.71
15135.0,0.0,0.0,239.0,0.0,0.02,479.5,-0.8,34.21,30.71
17601.0,0.0,0.0,239.0,0.0,0.02,479.5,-0.8,34.21,30.71
17746.0,0.0,0.0,240.0,0.0,0.02,479.5,-0.8,34.21,30.71
17142.0,0.0,0.0,239.0,0.0,0.02,479.5,-0.8,34.21,30.71
12769.0,0.0,0.0,238.0,0.0,0.02,479.5,-0.8,34.21,30.71
13484.0,0.0,0.0,241.0,0.0,0.02,479.5,-0.8,34.21,30.71
17278.0,0.0,0.0,241.0,0.0,0.02,479.5,-0.8,34.21,30.71
14154.0,0.0,0.0,239.0,0.0,0.02,479.5,-0.8,34.21,30.71
13120.0,0.0,0.0,238.0,0.0,0.02,479.5,-0.8,34.21,30.71
14105.0,0.0,0.0,239.0,0.0,0.02,479.5,-0.8,34.21,30.71
14206.0,0.0,0.0,239.0,0.0,0.02,479.5,-0.8,34.21,30.71
15213.0,1.0,11.0,329.0,15.15,0.05,79.33,112.56,16.54,26.14
13003.0,2.0,109.0,214.0,45.0,0.12,75.6,251.88,0.0,25.19
14779.0,2.0,43.0,323.0,61.8,0.08,103.54,243.57,0.24,24.58
15388.0,0.0,0.0,270.0,0.0,0.02,479.5,-0.72,25.43,22.82
15047.0,0.0,0.0,269.0,0.0,0.02,479.5,-0.72,25.43,22.82
14962.0,0.0,0.0,270.0,0.0,0.02,479.5,-0.72,25.43,22.82
13121.0,0.0,0.0,269.0,0.0,0.02,479.5,-0.72,25.43,22.82
16297.0,0.0,0.0,268.0,0.0,0.02,479.5,-0.73,25.43,22.82
13708.0,0.0,0.0,271.0,0.0,0.02,479.5,-0.72,25.43,22.82
13358.0,0.0,0.0,268.0,0.0,0.02,479.5,-0.73,25.43,22.82
13299.0,0.0,0.0,268.0,0.0,0.02,479.5,-0.73,25.43,22.82
16392.0,0.0,0.0,269.0,0.0,0.02,479.5,-0.72,25.43,22.82
17542.0,0.0,0.0,269.0,0.0,0.02,479.5,-0.72,25.43,22.82
16152.0,0.0,0.0,268.0,0.0,0.02,479.5,-0.73,25.43,22.82
13716.0,0.0,0.0,269.0,0.0,0.02,479.5,-0.72,25.43,22.82
14500.0,2.0,101.0,189.0,36.0,0.13,60.64,223.34,0.0,22.33
17572.0,3.0,302.0,373.0,51.98333333333333,0.1,71.22,204.77,0.0,20.48
14798.0,2.0,258.0,310.0,49.03,0.09,82.31,200.65,0.24,20.28
17334.0,1.0,6.0,308.0,10.5,0.05,56.39,84.73,12.18,19.43
16112.0,3.0,195.0,338.0,41.24666666666667,0.11,56.6,177.49,0.0,17.75
15512.0,1.0,204.0,359.0,19.8,0.05,102.27,134.41,0.0,13.44
12755.0,1.0,85.0,365.0,17.549999999999997,0.05,91.17,118.08,0.0,11.81
17517.0,0.0,0.0,308.0,0.0,0.02,479.5,-0.65,12.18,10.89
15090.0,0.0,0.0,308.0,0.0,0.02,479.5,-0.65,12.18,10.89
17226.0,0.0,0.0,308.0,0.0,0.02,479.5,-0.65,12.18,10.89
17291.0,0.0,0.0,308.0,0.0,0.02,479.5,-0.65,12.18,10.89
12410.0,0.0,0.0,308.0,0.0,0.02,479.5,-0.65,12.18,10.89
14865.0,1.0,365.0,372.0,15.0,0.05,78.59,100.09,0.0,10.01
13932.0,0.0,0.0,294.0,0.0,0.02,479.5,-0.67,10.23,9.14
17829.0,0.0,0.0,298.0,0.0,0.02,479.5,-0.66,10.23,9.14
18138.0,0.0,0.0,295.0,0.0,0.02,479.5,-0.67,10.23,9.14
13044.0,0.0,0.0,291.0,0.0,0.02,479.5,-0.68,10.23,9.14
16148.0,0.0,0.0,296.0,0.0,0.02,479.5,-0.67,10.23,9.14
12365.0,0.0,0.0,291.0,0.0,0.02,479.5,-0.68,10.23,9.14
18114.0,0.0,0.0,290.0,0.0,0.02,479.5,-0.68,10.23,9.14
14935.0,0.0,0.0,297.0,0.0,0.02,479.5,-0.67,10.23,9.14
17843.0,0.0,0.0,303.0,0.0,0.02,479.5,-0.65,10.23,9.14
16349.0,0.0,0.0,290.0,0.0,0.02,479.5,-0.68,10.23,9.14
16913.0,0.0,0.0,290.0,0.0,0.02,479.5,-0.68,10.23,9.14
15843.0,0.0,0.0,303.0,0.0,0.02,479.5,-0.65,10.23,9.14
14760.0,0.0,0.0,297.0,0.0,0.02,479.5,-0.67,10.23,9.14
16765.0,0.0,0.0,294.0,0.0,0.02,479.5,-0.67,10.23,9.14
18159.0,0.0,0.0,301.0,0.0,0.02,479.5,-0.66,10.23,9.14
14386.0,0.0,0.0,296.0,0.0,0.02,479.5,-0.67,10.23,9.14
14371.0,0.0,0.0,295.0,0.0,0.02,479.5,-0.67,10.23,9.14
16509.0,0.0,0.0,296.0,0.0,0.02,479.5,-0.67,10.23,9.14
16425.0,0.0,0.0,302.0,0.0,0.02,479.5,-0.66,10.23,9.14
15970.0,0.0,0.0,303.0,0.0,0.02,479.5,-0.65,10.23,9.14
16084.0,0.0,0.0,299.0,0.0,0.02,479.5,-0.66,10.23,9.14
16738.0,0.0,0.0,297.0,0.0,0.02,479.5,-0.67,10.23,9.14
12707.0,0.0,0.0,291.0,0.0,0.02,479.5,-0.68,10.23,9.14
16494.0,0.0,0.0,296.0,0.0,0.02,479.5,-0.67,10.23,9.14
16073.0,0.0,0.0,297.0,0.0,0.02,479.5,-0.67,10.23,9.14
12401.0,0.0,0.0,303.0,0.0,0.02,479.5,-0.65,10.23,9.14
13893.0,0.0,0.0,297.0,0.0,0.02,479.5,-0.67,10.23,9.14
13151.0,0.0,0.0,295.0,0.0,0.02,479.5,-0.67,10.23,9.14
15670.0,0.0,0.0,296.0,0.0,0.02,479.5,-0.67,10.23,9.14
14431.0,0.0,0.0,302.0,0.0,0.02,479.5,-0.66,10.23,9.14
13706.0,0.0,0.0,302.0,0.0,0.02,479.5,-0.66,10.23,9.14
12561.0,0.0,0.0,302.0,0.0,0.02,479.5,-0.66,10.23,9.14
12988.0,0.0,0.0,292.0,0.0,0.02,479.5,-0.68,10.23,9.14
15303.0,0.0,0.0,290.0,0.0,0.02,479.5,-0.68,10.23,9.14
12852.0,0.0,0.0,294.0,0.0,0.02,479.5,-0.67,10.23,9.14
15236.0,0.0,0.0,298.0,0.0,0.02,479.5,-0.66,10.23,9.14
17194.0,1.0,87.0,360.0,10.0,0.05,53.92,70.69,0.0,7.07
12956.0,0.0,0.0,306.0,0.0,0.02,479.5,-0.65,6.7,5.96
14600.0,0.0,0.0,305.0,0.0,0.02,479.5,-0.65,6.7,5.96
15753.0,0.0,0.0,304.0,0.0,0.02,479.5,-0.65,6.7,5.96
13584.0,0.0,0.0,306.0,0.0,0.02,479.5,-0.65,6.7,5.96
17881.0,0.0,0.0,304.0,0.0,0.02,479.5,-0.65,6.7,5.96
14438.0,0.0,0.0,306.0,0.0,0.02,479.5,-0.65,6.7,5.96
14048.0,0.0,0.0,305.0,0.0,0.02,479.5,-0.65,6.7,5.96
13809.0,0.0,0.0,305.0,0.0,0.02,479.5,-0.65,6.7,5.96
17859.0,0.0,0.0,304.0,0.0,0.02,479.5,-0.65,6.7,5.96
14988.0,0.0,0.0,211.0,0.0,0.03,479.5,-0.89,3.94,3.46
12976.0,0.0,0.0,211.0,0.0,0.03,479.5,-0.89,3.94,3.46
14489.0,0.0,0.0,207.0,0.0,0.03,479.5,-0.9,3.94,3.46
18120.0,0.0,0.0,214.0,0.0,0.03,479.5,-0.88,3.94,3.46
14888.0,0.0,0.0,207.0,0.0,0.03,479.5,-0.9,3.94,3.46
13235.0,0.0,0.0,212.0,0.0,0.03,479.5,-0.88,3.94,3.46
16756.0,0.0,0.0,214.0,0.0,0.03,479.5,-0.88,3.94,3.46
14920.0,0.0,0.0,212.0,0.0,0.03,479.5,-0.88,3.94,3.46
12821.0,0.0,0.0,214.0,0.0,0.03,479.5,-0.88,3.94,3.46
14699.0,0.0,0.0,214.0,0.0,0.03,479.5,-0.88,3.94,3.46
16116.0,0.0,0.0,211.0,0.0,0.03,479.5,-0.89,3.94,3.46
17597.0,0.0,0.0,213.0,0.0,0.03,479.5,-0.88,3.94,3.46
13990.0,0.0,0.0,213.0,0.0,0.03,479.5,-0.88,3.94,3.46
14689.0,0.0,0.0,208.0,0.0,0.03,479.5,-0.9,3.94,3.46
16006.0,0.0,0.0,211.0,0.0,0.03,479.5,-0.89,3.94,3.46
12355.0,0.0,0.0,214.0,0.0,0.03,479.5,-0.88,3.94,3.46
14000.0,0.0,0.0,211.0,0.0,0.03,479.5,-0.89,3.94,3.46
17263.0,0.0,0.0,208.0,0.0,0.03,479.5,-0.9,3.94,3.46
14288.0,0.0,0.0,213.0,0.0,0.03,479.5,-0.88,3.94,3.46
13052.0,0.0,0.0,212.0,0.0,0.03,479.5,-0.88,3.94,3.46
18133.0,0.0,0.0,212.0,0.0,0.03,479.5,-0.88,3.94,3.46
15729.0,0.0,0.0,212.0,0.0,0.03,479.5,-0.88,3.94,3.46
17970.0,0.0,0.0,211.0,0.0,0.03,479.5,-0.89,3.94,3.46
14873.0,0.0,0.0,210.0,0.0,0.03,479.5,-0.89,3.94,3.46
12770.0,0.0,0.0,210.0,0.0,0.03,479.5,-0.89,3.94,3.46
15333.0,0.0,0.0,208.0,0.0,0.03,479.5,-0.9,3.94,3.46
12590.0,0.0,0.0,211.0,0.0,0.03,479.5,-0.89,3.94,3.46
15063.0,0.0,0.0,213.0,0.0,0.03,479.5,-0.88,3.94,3.46
17871.0,0.0,0.0,204.0,0.0,0.03,479.5,-0.91,3.94,3.45
13737.0,0.0,0.0,200.0,0.0,0.03,479.5,-0.93,3.94,3.45
13135.0,0.0,0.0,196.0,0.0,0.03,479.5,-0.94,3.94,3.45
16448.0,0.0,0.0,198.0,0.0,0.03,479.5,-0.93,3.94,3.45
12974.0,0.0,0.0,197.0,0.0,0.03,479.5,-0.94,3.94,3.45
12426.0,0.0,0.0,194.0,0.0,0.03,479.5,-0.95,3.94,3.45
13243.0,0.0,0.0,203.0,0.0,0.03,479.5,-0.92,3.94,3.45
13070.0,0.0,0.0,192.0,0.0,0.03,479.5,-0.96,3.94,3.45
14280.0,0.0,0.0,196.0,0.0,0.03,479.5,-0.94,3.94,3.45
13976.0,0.0,0.0,206.0,0.0,0.03,479.5,-0.9,3.94,3.45
13887.0,0.0,0.0,204.0,0.0,0.03,479.5,-0.91,3.94,3.45
17051.0,0.0,0.0,194.0,0.0,0.03,479.5,-0.95,3.94,3.45
17715.0,0.0,0.0,200.0,0.0,0.03,479.5,-0.93,3.94,3.45
13227.0,0.0,0.0,201.0,0.0,0.03,479.5,-0.92,3.94,3.45
17556.0,0.0,0.0,205.0,0.0,0.03,479.5,-0.91,3.94,3.45
14647.0,0.0,0.0,201.0,0.0,0.03,479.5,-0.92,3.94,3.45
12353.0,0.0,0.0,204.0,0.0,0.03,479.5,-0.91,3.94,3.45
15897.0,0.0,0.0,194.0,0.0,0.03,479.5,-0.95,3.94,3.45
18048.0,0.0,0.0,203.0,0.0,0.03,479.5,-0.92,3.94,3.45
13339.0,0.0,0.0,200.0,0.0,0.03,479.5,-0.93,3.94,3.45
17245.0,0.0,0.0,204.0,0.0,0.03,479.5,-0.91,3.94,3.45
12690.0,0.0,0.0,205.0,0.0,0.03,479.5,-0.91,3.94,3.45
17455.0,0.0,0.0,203.0,0.0,0.03,479.5,-0.92,3.94,3.45
12790.0,0.0,0.0,192.0,0.0,0.03,479.5,-0.96,3.94,3.45
16323.0,0.0,0.0,196.0,0.0,0.03,479.5,-0.94,3.94,3.45
15705.0,0.0,0.0,201.0,0.0,0.03,479.5,-0.92,3.94,3.45
17176.0,0.0,0.0,201.0,0.0,0.03,479.5,-0.92,3.94,3.45
16810.0,0.0,0.0,192.0,0.0,0.03,479.5,-0.96,3.94,3.45
13398.0,0.0,0.0,192.0,0.0,0.03,479.5,-0.96,3.94,3.45
15292.0,0.0,0.0,201.0,0.0,0.03,479.5,-0.92,3.94,3.45
15314.0,0.0,0.0,199.0,0.0,0.03,479.5,-0.93,3.94,3.45
16483.0,0.0,0.0,192.0,0.0,0.03,479.5,-0.96,3.94,3.45
13572.0,0.0,0.0,205.0,0.0,0.03,479.5,-0.91,3.94,3.45
16763.0,0.0,0.0,198.0,0.0,0.03,479.5,-0.93,3.94,3.45
13391.0,0.0,0.0,203.0,0.0,0.03,479.5,-0.92,3.94,3.45
15042.0,0.0,0.0,199.0,0.0,0.03,479.5,-0.93,3.94,3.45
15925.0,0.0,0.0,194.0,0.0,0.03,479.5,-0.95,3.94,3.45
14816.0,0.0,0.0,197.0,0.0,0.03,479.5,-0.94,3.94,3.45
14705.0,0.0,0.0,198.0,0.0,0.03,479.5,-0.93,3.94,3.45
16275.0,0.0,0.0,196.0,0.0,0.03,479.5,-0.94,3.94,3.45
17816.0,3.0,329.0,365.0,6.783333333333334,0.1,9.66,28.31,0.0,2.83
13663.0,0.0,0.0,179.0,0.0,0.03,479.5,-1.01,0.91,0.72
17234.0,0.0,0.0,182.0,0.0,0.03,479.5,-1.0,0.91,0.72
16614.0,0.0,0.0,182.0,0.0,0.03,479.5,-1.0,0.91,0.72
15098.0,0.0,0.0,182.0,0.0,0.03,479.5,-1.0,0.91,0.72
15069.0,0.0,0.0,179.0,0.0,0.03,479.5,-1.01,0.91,0.72
13936.0,0.0,0.0,179.0,0.0,0.03,479.5,-1.01,0.91,0.72
17349.0,0.0,0.0,179.0,0.0,0.03,479.5,-1.01,0.91,0.72
12732.0,0.0,0.0,179.0,0.0,0.03,479.5,-1.01,0.91,0.72
16581.0,0.0,0.0,182.0,0.0,0.03,479.5,-1.0,0.91,0.72
18281.0,0.0,0.0,180.0,0.0,0.03,479.5,-1.01,0.91,0.72
13080.0,0.0,0.0,179.0,0.0,0.03,479.5,-1.01,0.91,0.72
14241.0,0.0,0.0,183.0,0.0,0.03,479.5,-0.99,0.91,0.72
13686.0,0.0,0.0,182.0,0.0,0.03,479.5,-1.0,0.91,0.72
16113.0,0.0,0.0,183.0,0.0,0.03,479.5,-0.99,0.91,0.72
15350.0,0.0,0.0,373.0,0.0,0.02,479.5,-0.55,0.0,-0.05
14237.0,0.0,0.0,373.0,0.0,0.02,479.5,-0.55,0.0,-0.05
13065.0,0.0,0.0,373.0,0.0,0.02,479.5,-0.55,0.0,-0.05
17968.0,0.0,0.0,373.0,0.0,0.02,479.5,-0.55,0.0,-0.05
16510.0,0.0,0.0,372.0,0.0,0.02,479.5,-0.55,0.0,-0.05
17908.0,0.0,0.0,373.0,0.0,0.02,479.5,-0.55,0.0,-0.05
17967.0,0.0,0.0,371.0,0.0,0.02,479.5,-0.55,0.0,-0.05
15363.0,0.0,0.0,372.0,0.0,0.02,479.5,-0.55,0.0,-0.05
16274.0,0.0,0.0,373.0,0.0,0.02,479.5,-0.55,0.0,-0.05
14589.0,0.0,0.0,371.0,0.0,0.02,479.5,-0.55,0.0,-0.05
14142.0,0.0,0.0,373.0,0.0,0.02,479.5,-0.55,0.0,-0.05
17925.0,0.0,0.0,372.0,0.0,0.02,479.5,-0.55,0.0,-0.05
12738.0,0.0,0.0,372.0,0.0,0.02,479.5,-0.55,0.0,-0.05
16583.0,0.0,0.0,373.0,0.0,0.02,479.5,-0.55,0.0,-0.05
17643.0,0.0,0.0,373.0,0.0,0.02,479.5,-0.55,0.0,-0.05
16781.0,0.0,0.0,372.0,0.0,0.02,479.5,-0.55,0.0,-0.05
16048.0,0.0,0.0,373.0,0.0,0.02,479.5,-0.55,0.0,-0.05
12686.0,0.0,0.0,371.0,0.0,0.02,479.5,-0.55,0.0,-0.05
15165.0,0.0,0.0,373.0,0.0,0.02,479.5,-0.55,0.0,-0.05
13370.0,0.0,0.0,371.0,0.0,0.02,479.5,-0.55,0.0,-0.05
12725.0,0.0,0.0,371.0,0.0,0.02,479.5,-0.55,0.0,-0.05
14729.0,0.0,0.0,373.0,0.0,0.02,479.5,-0.55,0.0,-0.05
17732.0,0.0,0.0,372.0,0.0,0.02,479.5,-0.55,0.0,-0.05
15923.0,0.0,0.0,372.0,0.0,0.02,479.5,-0.55,0.0,-0.05
15922.0,0.0,0.0,373.0,0.0,0.02,479.5,-0.55,0.0,-0.05
15070.0,0.0,0.0,372.0,0.0,0.02,479.5,-0.55,0.0,-0.05
18074.0,0.0,0.0,373.0,0.0,0.02,479.5,-0.55,0.0,-0.05
16926.0,0.0,0.0,371.0,0.0,0.02,479.5,-0.55,0.0,-0.05
13011.0,0.0,0.0,372.0,0.0,0.02,479.5,-0.55,0.0,-0.05
15823.0,0.0,0.0,372.0,0.0,0.02,479.5,-0.55,0.0,-0.05
12855.0,0.0,0.0,372.0,0.0,0.02,479.5,-0.55,0.0,-0.05
17976.0,0.0,0.0,372.0,0.0,0.02,479.5,-0.55,0.0,-0.05
13108.0,0.0,0.0,372.0,0.0,0.02,479.5,-0.55,0.0,-0.05
12791.0,0.0,0.0,373.0,0.0,0.02,479.5,-0.55,0.0,-0.05
16754.0,0.0,0.0,372.0,0.0,0.02,479.5,-0.55,0.0,-0.05
16752.0,0.0,0.0,372.0,0.0,0.02,479.5,-0.55,0.0,-0.05
13747.0,0.0,0.0,373.0,0.0,0.02,479.5,-0.55,0.0,-0.05
17855.0,0.0,0.0,372.0,0.0,0.02,479.5,-0.55,0.0,-0.05
18011.0,0.0,0.0,373.0,0.0,0.02,479.5,-0.55,0.0,-0.05
14576.0,0.0,0.0,372.0,0.0,0.02,479.5,-0.55,0.0,-0.05
18250.0,0.0,0.0,310.0,0.0,0.02,479.5,-0.64,0.0,-0.06
18050.0,0.0,0.0,359.0,0.0,0.02,479.5,-0.56,0.0,-0.06
18004.0,0.0,0.0,362.0,0.0,0.02,479.5,-0.56,0.0,-0.06
13270.0,0.0,0.0,366.0,0.0,0.02,479.5,-0.55,0.0,-0.06
13385.0,0.0,0.0,329.0,0.0,0.02,479.5,-0.61,0.0,-0.06
13304.0,0.0,0.0,351.0,0.0,0.02,479.5,-0.58,0.0,-0.06
18119.0,0.0,0.0,367.0,0.0,0.02,479.5,-0.55,0.0,-0.06
12350.0,0.0,0.0,310.0,0.0,0.02,479.5,-0.64,0.0,-0.06
13284.0,0.0,0.0,330.0,0.0,0.02,479.5,-0.61,0.0,-0.06
17978.0,0.0,0.0,365.0,0.0,0.02,479.5,-0.56,0.0,-0.06
13295.0,0.0,0.0,359.0,0.0,0.02,479.5,-0.56,0.0,-0.06
18106.0,0.0,0.0,329.0,0.0,0.02,479.5,-0.61,0.0,-0.06
18176.0,0.0,0.0,358.0,0.0,0.02,479.5,-0.57,0.0,-0.06
18113.0,0.0,0.0,368.0,0.0,0.02,479.5,-0.55,0.0,-0.06
13328.0,0.0,0.0,316.0,0.0,0.02,479.5,-0.63,0.0,-0.06
12373.0,0.0,0.0,311.0,0.0,0.02,479.5,-0.64,0.0,-0.06
18233.0,0.0,0.0,325.0,0.0,0.02,479.5,-0.62,0.0,-0.06
18212.0,0.0,0.0,326.0,0.0,0.02,479.5,-0.61,0.0,-0.06
13369.0,0.0,0.0,365.0,0.0,0.02,479.5,-0.56,0.0,-0.06
18269.0,0.0,0.0,366.0,0.0,0.02,479.5,-0.55,0.0,-0.06
18032.0,0.0,0.0,334.0,0.0,0.02,479.5,-0.6,0.0,-0.06
14850.0,0.0,0.0,311.0,0.0,0.02,479.5,-0.64,0.0,-0.06
16315.0,0.0,0.0,330.0,0.0,0.02,479.5,-0.61,0.0,-0.06
12652.0,0.0,0.0,331.0,0.0,0.02,479.5,-0.61,0.0,-0.06
15945.0,0.0,0.0,365.0,0.0,0.02,479.5,-0.56,0.0,-0.06
15940.0,0.0,0.0,311.0,0.0,0.02,479.5,-0.64,0.0,-0.06
15899.0,0.0,0.0,368.0,0.0,0.02,479.5,-0.55,0.0,-0.06
15880.0,0.0,0.0,369.0,0.0,0.02,479.5,-0.55,0.0,-0.06
12734.0,0.0,0.0,352.0,0.0,0.02,479.5,-0.57,0.0,-0.06
14411.0,0.0,0.0,310.0,0.0,0.02,479.5,-0.64,0.0,-0.06
14413.0,0.0,0.0,362.0,0.0,0.02,479.5,-0.56,0.0,-0.06
12736.0,0.0,0.0,332.0,0.0,0.02,479.5,-0.6,0.0,-0.06
15820.0,0.0,0.0,319.0,0.0,0.02,479.5,-0.63,0.0,-0.06
14437.0,0.0,0.0,365.0,0.0,0.02,479.5,-0.56,0.0,-0.06
14439.0,0.0,0.0,319.0,0.0,0.02,479.5,-0.63,0.0,-0.06
13008.0,0.0,0.0,323.0,0.0,0.02,479.5,-0.62,0.0,-0.06
15789.0,0.0,0.0,358.0,0.0,0.02,479.5,-0.57,0.0,-0.06
12764.0,0.0,0.0,316.0,0.0,0.02,479.5,-0.63,0.0,-0.06
14457.0,0.0,0.0,310.0,0.0,0.02,479.5,-0.64,0.0,-0.06
15723.0,0.0,0.0,364.0,0.0,0.02,479.5,-0.56,0.0,-0.06
12785.0,0.0,0.0,364.0,0.0,0.02,479.5,-0.56,0.0,-0.06
14373.0,0.0,0.0,358.0,0.0,0.02,479.5,-0.57,0.0,-0.06
14368.0,0.0,0.0,319.0,0.0,0.02,479.5,-0.63,0.0,-0.06
15973.0,0.0,0.0,366.0,0.0,0.02,479.5,-0.55,0.0,-0.06
14238.0,0.0,0.0,326.0,0.0,0.02,479.5,-0.61,0.0,-0.06
16351.0,0.0,0.0,332.0,0.0,0.02,479.5,-0.6,0.0,-0.06
14185.0,0.0,0.0,331.0,0.0,0.02,479.5,-0.61,0.0,-0.06
17880.0,0.0,0.0,364.0,0.0,0.02,479.5,-0.56,0.0,-0.06
12672.0,0.0,0.0,329.0,0.0,0.02,479.5,-0.61,0.0,-0.06
16282.0,0.0,0.0,339.0,0.0,0.02,479.5,-0.59,0.0,-0.06
16270.0,0.0,0.0,353.0,0.0,0.02,479.5,-0.57,0.0,-0.06
16222.0,0.0,0.0,318.0,0.0,0.02,479.5,-0.63,0.0,-0.06
16202.0,0.0,0.0,360.0,0.0,0.02,479.5,-0.56,0.0,-0.06
14355.0,0.0,0.0,365.0,0.0,0.02,479.5,-0.56,0.0,-0.06
14248.0,0.0,0.0,318.0,0.0,0.02,479.5,-0.63,0.0,-0.06
14270.0,0.0,0.0,331.0,0.0,0.02,479.5,-0.61,0.0,-0.06
16125.0,0.0,0.0,367.0,0.0,0.02,479.5,-0.55,0.0,-0.06
16124.0,0.0,0.0,317.0,0.0,0.02,479.5,-0.63,0.0,-0.06
16065.0,0.0,0.0,365.0,0.0,0.02,479.5,-0.56,0.0,-0.06
16030.0,0.0,0.0,309.0,0.0,0.02,479.5,-0.64,0.0,-0.06
13033.0,0.0,0.0,357.0,0.0,0.02,479.5,-0.57,0.0,-0.06
14497.0,0.0,0.0,309.0,0.0,0.02,479.5,-0.64,0.0,-0.06
12797.0,0.0,0.0,365.0,0.0,0.02,479.5,-0.56,0.0,-0.06
15607.0,0.0,0.0,336.0,0.0,0.02,479.5,-0.6,0.0,-0.06
15167.0,0.0,0.0,320.0,0.0,0.02,479.5,-0.62,0.0,-0.06
15226.0,0.0,0.0,310.0,0.0,0.02,479.5,-0.64,0.0,-0.06
15222.0,0.0,0.0,318.0,0.0,0.02,479.5,-0.63,0.0,-0.06
15221.0,0.0,0.0,366.0,0.0,0.02,479.5,-0.55,0.0,-0.06
15204.0,0.0,0.0,357.0,0.0,0.02,479.5,-0.57,0.0,-0.06
15180.0,0.0,0.0,367.0,0.0,0.02,479.5,-0.55,0.0,-0.06
15174.0,0.0,0.0,322.0,0.0,0.02,479.5,-0.62,0.0,-0.06
15171.0,0.0,0.0,331.0,0.0,0.02,479.5,-0.61,0.0,-0.06
15160.0,0.0,0.0,357.0,0.0,0.02,479.5,-0.57,0.0,-0.06
15266.0,0.0,0.0,338.0,0.0,0.02,479.5,-0.6,0.0,-0.06
15052.0,0.0,0.0,319.0,0.0,0.02,479.5,-0.63,0.0,-0.06
14782.0,0.0,0.0,319.0,0.0,0.02,479.5,-0.63,0.0,-0.06
14813.0,0.0,0.0,369.0,0.0,0.02,479.5,-0.55,0.0,-0.06
14932.0,0.0,0.0,365.0,0.0,0.02,479.5,-0.56,0.0,-0.06
12929.0,0.0,0.0,311.0,0.0,0.02,479.5,-0.64,0.0,-0.06
14821.0,0.0,0.0,366.0,0.0,0.02,479.5,-0.55,0.0,-0.06
14889.0,0.0,0.0,336.0,0.0,0.02,479.5,-0.6,0.0,-0.06
15262.0,0.0,0.0,323.0,0.0,0.02,479.5,-0.62,0.0,-0.06
15279.0,0.0,0.0,354.0,0.0,0.02,479.5,-0.57,0.0,-0.06
13002.0,0.0,0.0,318.0,0.0,0.02,479.5,-0.63,0.0,-0.06
15448.0,0.0,0.0,312.0,0.0,0.02,479.5,-0.64,0.0,-0.06
15562.0,0.0,0.0,351.0,0.0,0.02,479.5,-0.58,0.0,-0.06
14549.0,0.0,0.0,311.0,0.0,0.02,479.5,-0.64,0.0,-0.06
15510.0,0.0,0.0,330.0,0.0,0.02,479.5,-0.61,0.0,-0.06
15503.0,0.0,0.0,362.0,0.0,0.02,479.5,-0.56,0.0,-0.06
15464.0,0.0,0.0,338.0,0.0,0.02,479.5,-0.6,0.0,-0.06
15460.0,0.0,0.0,354.0,0.0,0.02,479.5,-0.57,0.0,-0.06
15454.0,0.0,0.0,362.0,0.0,0.02,479.5,-0.56,0.0,-0.06
15447.0,0.0,0.0,330.0,0.0,0.02,479.5,-0.61,0.0,-0.06
15316.0,0.0,0.0,326.0,0.0,0.02,479.5,-0.61,0.0,-0.06
15422.0,0.0,0.0,323.0,0.0,0.02,479.5,-0.62,0.0,-0.06
15415.0,0.0,0.0,313.0,0.0,0.02,479.5,-0.64,0.0,-0.06
15395.0,0.0,0.0,325.0,0.0,0.02,479.5,-0.62,0.0,-0.06
15361.0,0.0,0.0,361.0,0.0,0.02,479.5,-0.56,0.0,-0.06
15347.0,0.0,0.0,366.0,0.0,0.02,479.5,-0.55,0.0,-0.06
15346.0,0.0,0.0,332.0,0.0,0.02,479.5,-0.6,0.0,-0.06
15326.0,0.0,0.0,333.0,0.0,0.02,479.5,-0.6,0.0,-0.06
12665.0,0.0,0.0,324.0,0.0,0.02,479.5,-0.62,0.0,-0.06
12346.0,0.0,0.0,325.0,0.0,0.02,479.5,-0.62,0.0,-0.06
13187.0,0.0,0.0,337.0,0.0,0.02,479.5,-0.6,0.0,-0.06
17569.0,0.0,0.0,332.0,0.0,0.02,479.5,-0.6,0.0,-0.06
13807.0,0.0,0.0,367.0,0.0,0.02,479.5,-0.55,0.0,-0.06
13144.0,0.0,0.0,332.0,0.0,0.02,479.5,-0.6,0.0,-0.06
12441.0,0.0,0.0,366.0,0.0,0.02,479.5,-0.55,0.0,-0.06
13800.0,0.0,0.0,309.0,0.0,0.02,479.5,-0.64,0.0,-0.06
13786.0,0.0,0.0,367.0,0.0,0.02,479.5,-0.55,0.0,-0.06
17094.0,0.0,0.0,322.0,0.0,0.02,479.5,-0.62,0.0,-0.06
13551.0,0.0,0.0,319.0,0.0,0.02,479.5,-0.63,0.0,-0.06
17118.0,0.0,0.0,317.0,0.0,0.02,479.5,-0.63,0.0,-0.06
16387.0,0.0,0.0,322.0,0.0,0.02,479.5,-0.62,0.0,-0.06
17619.0,0.0,0.0,312.0,0.0,0.02,479.5,-0.64,0.0,-0.06
13581.0,0.0,0.0,309.0,0.0,0.02,479.5,-0.64,0.0,-0.06
17128.0,0.0,0.0,334.0,0.0,0.02,479.5,-0.6,0.0,-0.06
12551.0,0.0,0.0,357.0,0.0,0.02,479.5,-0.57,0.0,-0.06
13600.0,0.0,0.0,312.0,0.0,0.02,479.5,-0.64,0.0,-0.06
17239.0,0.0,0.0,312.0,0.0,0.02,479.5,-0.64,0.0,-0.06
17524.0,0.0,0.0,361.0,0.0,0.02,479.5,-0.56,0.0,-0.06
17251.0,0.0,0.0,362.0,0.0,0.02,479.5,-0.56,0.0,-0.06
13161.0,0.0,0.0,313.0,0.0,0.02,479.5,-0.64,0.0,-0.06
17303.0,0.0,0.0,361.0,0.0,0.02,479.5,-0.56,0.0,-0.06
17343.0,0.0,0.0,355.0,0.0,0.02,479.5,-0.57,0.0,-0.06
17356.0,0.0,0.0,311.0,0.0,0.02,479.5,-0.64,0.0,-0.06
13703.0,0.0,0.0,318.0,0.0,0.02,479.5,-0.63,0.0,-0.06
12515.0,0.0,0.0,353.0,0.0,0.02,479.5,-0.57,0.0,-0.06
17551.0,0.0,0.0,359.0,0.0,0.02,479.5,-0.56,0.0,-0.06
13615.0,0.0,0.0,318.0,0.0,0.02,479.5,-0.63,0.0,-0.06
17431.0,0.0,0.0,313.0,0.0,0.02,479.5,-0.64,0.0,-0.06
12501.0,0.0,0.0,336.0,0.0,0.02,479.5,-0.6,0.0,-0.06
17525.0,0.0,0.0,359.0,0.0,0.02,479.5,-0.56,0.0,-0.06
17456.0,0.0,0.0,365.0,0.0,0.02,479.5,-0.56,0.0,-0.06
17496.0,0.0,0.0,358.0,0.0,0.02,479.5,-0.57,0.0,-0.06
12574.0,0.0,0.0,315.0,0.0,0.02,479.5,-0.63,0.0,-0.06
12489.0,0.0,0.0,336.0,0.0,0.02,479.5,-0.6,0.0,-0.06
17714.0,0.0,0.0,320.0,0.0,0.02,479.5,-0.62,0.0,-0.06
16718.0,0.0,0.0,369.0,0.0,0.02,479.5,-0.55,0.0,-0.06
16403.0,0.0,0.0,312.0,0.0,0.02,479.5,-0.64,0.0,-0.06
12651.0,0.0,0.0,334.0,0.0,0.02,479.5,-0.6,0.0,-0.06
14130.0,0.0,0.0,319.0,0.0,0.02,479.5,-0.63,0.0,-0.06
17862.0,0.0,0.0,323.0,0.0,0.02,479.5,-0.62,0.0,-0.06
14090.0,0.0,0.0,324.0,0.0,0.02,479.5,-0.62,0.0,-0.06
14082.0,0.0,0.0,364.0,0.0,0.02,479.5,-0.56,0.0,-0.06
14068.0,0.0,0.0,320.0,0.0,0.02,479.5,-0.62,0.0,-0.06
16565.0,0.0,0.0,364.0,0.0,0.02,479.5,-0.56,0.0,-0.06
17860.0,0.0,0.0,368.0,0.0,0.02,479.5,-0.55,0.0,-0.06
16658.0,0.0,0.0,368.0,0.0,0.02,479.5,-0.55,0.0,-0.06
16665.0,0.0,0.0,362.0,0.0,0.02,479.5,-0.56,0.0,-0.06
12402.0,0.0,0.0,323.0,0.0,0.02,479.5,-0.62,0.0,-0.06
13859.0,0.0,0.0,326.0,0.0,0.02,479.5,-0.61,0.0,-0.06
16679.0,0.0,0.0,366.0,0.0,0.02,479.5,-0.55,0.0,-0.06
16727.0,0.0,0.0,364.0,0.0,0.02,479.5,-0.56,0.0,-0.06
13494.0,0.0,0.0,311.0,0.0,0.02,479.5,-0.64,0.0,-0.06
13874.0,0.0,0.0,358.0,0.0,0.02,479.5,-0.57,0.0,-0.06
16893.0,0.0,0.0,366.0,0.0,0.02,479.5,-0.55,0.0,-0.06
13898.0,0.0,0.0,325.0,0.0,0.02,479.5,-0.62,0.0,-0.06
12591.0,0.0,0.0,317.0,0.0,0.02,479.5,-0.63,0.0,-0.06
16858.0,0.0,0.0,368.0,0.0,0.02,479.5,-0.55,0.0,-0.06
16757.0,0.0,0.0,318.0,0.0,0.02,479.5,-0.63,0.0,-0.06
16850.0,0.0,0.0,333.0,0.0,0.02,479.5,-0.6,0.0,-0.06
13922.0,0.0,0.0,351.0,0.0,0.02,479.5,-0.58,0.0,-0.06
17752.0,0.0,0.0,359.0,0.0,0.02,479.5,-0.56,0.0,-0.06
16812.0,0.0,0.0,360.0,0.0,0.02,479.5,-0.56,0.0,-0.06
16795.0,0.0,0.0,365.0,0.0,0.02,479.5,-0.56,0.0,-0.06
13948.0,0.0,0.0,360.0,0.0,0.02,479.5,-0.56,0.0,-0.06
17531.0,0.0,0.0,190.0,0.0,0.03,479.5,-0.97,0.0,-0.1
13466.0,0.0,0.0,184.0,0.0,0.03,479.5,-0.99,0.0,-0.1
17987.0,0.0,0.0,185.0,0.0,0.03,479.5,-0.99,0.0,-0.1
13062.0,0.0,0.0,191.0,0.0,0.03,479.5,-0.96,0.0,-0.1
15609.0,0.0,0.0,184.0,0.0,0.03,479.5,-0.99,0.0,-0.1
14622.0,0.0,0.0,184.0,0.0,0.03,479.5,-0.99,0.0,-0.1
15386.0,0.0,0.0,186.0,0.0,0.03,479.5,-0.98,0.0,-0.1
16424.0,0.0,0.0,191.0,0.0,0.03,479.5,-0.96,0.0,-0.1
16529.0,0.0,0.0,190.0,0.0,0.03,479.5,-0.97,0.0,-0.1
16611.0,0.0,0.0,186.0,0.0,0.03,479.5,-0.98,0.0,-0.1
16659.0,0.0,0.0,189.0,0.0,0.03,479.5,-0.97,0.0,-0.1
16117.0,0.0,0.0,189.0,0.0,0.03,479.5,-0.97,0.0,-0.1
14375.0,0.0,0.0,185.0,0.0,0.03,479.5,-0.99,0.0,-0.1
16849.0,0.0,0.0,186.0,0.0,0.03,479.5,-0.98,0.0,-0.1
16963.0,0.0,0.0,187.0,0.0,0.03,479.5,-0.98,0.0,-0.1
16967.0,0.0,0.0,189.0,0.0,0.03,479.5,-0.97,0.0,-0.1
14453.0,0.0,0.0,190.0,0.0,0.03,479.5,-0.97,0.0,-0.1
18072.0,0.0,0.0,185.0,0.0,0.03,479.5,-0.99,0.0,-0.1
17124.0,0.0,0.0,185.0,0.0,0.03,479.5,-0.99,0.0,-0.1
12802.0,0.0,0.0,186.0,0.0,0.03,479.5,-0.98,0.0,-0.1
14542.0,0.0,0.0,185.0,0.0,0.03,479.5,-0.99,0.0,-0.1
13395.0,0.0,0.0,185.0,0.0,0.03,479.5,-0.99,0.0,-0.1
13682.0,0.0,0.0,187.0,0.0,0.03,479.5,-0.98,0.0,-0.1
15405.0,0.0,0.0,189.0,0.0,0.03,479.5,-0.97,0.0,-0.1
17900.0,0.0,0.0,190.0,0.0,0.03,479.5,-0.97,0.0,-0.1
12349.0,0.0,0.0,18.0,0.0,0.11,479.5,,,
12357.0,0.0,0.0,33.0,0.0,0.09,479.5,,,
12367.0,0.0,0.0,4.0,0.0,0.14,479.5,,,
12374.0,0.0,0.0,25.0,0.0,0.1,479.5,,,
12378.0,0.0,0.0,129.0,0.0,0.04,479.5,,,
12390.0,0.0,0.0,79.0,0.0,0.06,479.5,,,
12391.0,0.0,0.0,21.0,0.0,0.1,479.5,,,
12398.0,0.0,0.0,45.0,0.0,0.08,479.5,,,
12403.0,0.0,0.0,49.0,0.0,0.07,479.5,,,
12405.0,0.0,0.0,148.0,0.0,0.04,479.5,,,
12418.0,0.0,0.0,112.0,0.0,0.04,479.5,,,
12420.0,0.0,0.0,63.0,0.0,0.06,479.5,,,
12424.0,0.0,0.0,162.0,0.0,0.03,479.5,,,
12425.0,0.0,0.0,78.0,0.0,0.06,479.5,,,
12430.0,0.0,0.0,43.0,0.0,0.08,479.5,,,
12436.0,0.0,0.0,99.0,0.0,0.05,479.5,,,
12442.0,0.0,0.0,3.0,0.0,0.14,479.5,,,
12445.0,0.0,0.0,22.0,0.0,0.1,479.5,,,
12446.0,0.0,0.0,57.0,0.0,0.07,479.5,,,
12448.0,0.0,0.0,44.0,0.0,0.08,479.5,,,
12452.0,0.0,0.0,16.0,0.0,0.11,479.5,,,
12453.0,0.0,0.0,134.0,0.0,0.04,479.5,,,
12454.0,0.0,0.0,56.0,0.0,0.07,479.5,,,
12475.0,0.0,0.0,53.0,0.0,0.07,479.5,,,
12478.0,0.0,0.0,3.0,0.0,0.14,479.5,,,
12479.0,0.0,0.0,11.0,0.0,0.12,479.5,,,
12491.0,0.0,0.0,38.0,0.0,0.08,479.5,,,
12497.0,0.0,0.0,81.0,0.0,0.05,479.5,,,
12512.0,0.0,0.0,66.0,0.0,0.06,479.5,,,
12513.0,0.0,0.0,112.0,0.0,0.04,479.5,,,
12519.0,0.0,0.0,63.0,0.0,0.06,479.5,,,
12521.0,0.0,0.0,142.0,0.0,0.04,479.5,,,
12531.0,0.0,0.0,14.0,0.0,0.11,479.5,,,
12532.0,0.0,0.0,30.0,0.0,0.09,479.5,,,
12534.0,0.0,0.0,130.0,0.0,0.04,479.5,,,
12538.0,0.0,0.0,29.0,0.0,0.09,479.5,,,
12544.0,0.0,0.0,36.0,0.0,0.08,479.5,,,
12550.0,0.0,0.0,79.0,0.0,0.06,479.5,,,
12558.0,0.0,0.0,7.0,0.0,0.13,479.5,,,
12566.0,0.0,0.0,86.0,0.0,0.05,479.5,,,
12579.0,0.0,0.0,78.0,0.0,0.06,479.5,,,
12581.0,0.0,0.0,39.0,0.0,0.08,479.5,,,
12586.0,0.0,0.0,17.0,0.0,0.11,479.5,,,
12587.0,0.0,0.0,7.0,0.0,0.13,479.5,,,
12588.0,0.0,0.0,39.0,0.0,0.08,479.5,,,
12602.0,0.0,0.0,58.0,0.0,0.07,479.5,,,
12603.0,0.0,0.0,21.0,0.0,0.1,479.5,,,
12607.0,0.0,0.0,60.0,0.0,0.06,479.5,,,
12611.0,0.0,0.0,52.0,0.0,0.07,479.5,,,
12612.0,0.0,0.0,74.0,0.0,0.06,479.5,,,
12617.0,0.0,0.0,29.0,0.0,0.09,479.5,,,
12618.0,0.0,0.0,21.0,0.0,0.1,479.5,,,
12631.0,0.0,0.0,57.0,0.0,0.07,479.5,,,
12638.0,0.0,0.0,33.0,0.0,0.09,479.5,,,
12641.0,0.0,0.0,115.0,0.0,0.04,479.5,,,
12644.0,0.0,0.0,129.0,0.0,0.04,479.5,,,
12648.0,0.0,0.0,154.0,0.0,0.03,479.5,,,
12650.0,0.0,0.0,3.0,0.0,0.14,479.5,,,
12658.0,0.0,0.0,18.0,0.0,0.11,479.5,,,
12659.0,0.0,0.0,29.0,0.0,0.09,479.5,,,
12660.0,0.0,0.0,11.0,0.0,0.12,479.5,,,
12667.0,0.0,0.0,58.0,0.0,0.07,479.5,,,
12688.0,0.0,0.0,113.0,0.0,0.04,479.5,,,
12702.0,0.0,0.0,19.0,0.0,0.1,479.5,,,
12703.0,0.0,0.0,71.0,0.0,0.06,479.5,,,
12713.0,0.0,0.0,0.0,0.0,0.15,479.5,,,
12715.0,0.0,0.0,106.0,0.0,0.05,479.5,,,
12718.0,0.0,0.0,71.0,0.0,0.06,479.5,,,
12729.0,0.0,0.0,113.0,0.0,0.04,479.5,,,
12740.0,0.0,0.0,63.0,0.0,0.06,479.5,,,
12743.0,0.0,0.0,134.0,0.0,0.04,479.5,,,
12750.0,0.0,0.0,128.0,0.0,0.04,479.5,,,
12752.0,0.0,0.0,81.0,0.0,0.05,479.5,,,
12756.0,0.0,0.0,86.0,0.0,0.05,479.5,,,
12772.0,0.0,0.0,59.0,0.0,0.07,479.5,,,
12789.0,0.0,0.0,65.0,0.0,0.06,479.5,,,
12795.0,0.0,0.0,18.0,0.0,0.11,479.5,,,
12812.0,0.0,0.0,44.0,0.0,0.08,479.5,,,
12814.0,0.0,0.0,101.0,0.0,0.05,479.5,,,
12824.0,0.0,0.0,59.0,0.0,0.07,479.5,,,
12833.0,0.0,0.0,145.0,0.0,0.04,479.5,,,
12847.0,0.0,0.0,22.0,0.0,0.1,479.5,,,
12851.0,0.0,0.0,96.0,0.0,0.05,479.5,,,
12863.0,0.0,0.0,52.0,0.0,0.07,479.5,,,
12864.0,0.0,0.0,138.0,0.0,0.04,479.5,,,
12884.0,0.0,0.0,88.0,0.0,0.05,479.5,,,
12890.0,0.0,0.0,24.0,0.0,0.1,479.5,,,
12893.0,0.0,0.0,30.0,0.0,0.09,479.5,,,
12917.0,0.0,0.0,128.0,0.0,0.04,479.5,,,
12920.0,0.0,0.0,17.0,0.0,0.11,479.5,,,
12922.0,0.0,0.0,161.0,0.0,0.03,479.5,,,
12923.0,0.0,0.0,64.0,0.0,0.06,479.5,,,
12938.0,0.0,0.0,25.0,0.0,0.1,479.5,,,
12953.0,0.0,0.0,9.0,0.0,0.12,479.5,,,
12965.0,0.0,0.0,89.0,0.0,0.05,479.5,,,
12966.0,0.0,0.0,9.0,0.0,0.12,479.5,,,
12968.0,0.0,0.0,112.0,0.0,0.04,479.5,,,
12977.0,0.0,0.0,156.0,0.0,0.03,479.5,,,
12984.0,0.0,0.0,18.0,0.0,0.11,479.5,,,
12995.0,0.0,0.0,85.0,0.0,0.05,479.5,,,
13006.0,0.0,0.0,56.0,0.0,0.07,479.5,,,
13017.0,0.0,0.0,7.0,0.0,0.13,479.5,,,
13045.0,0.0,0.0,99.0,0.0,0.05,479.5,,,
13061.0,0.0,0.0,72.0,0.0,0.06,479.5,,,
13067.0,0.0,0.0,82.0,0.0,0.05,479.5,,,
13075.0,0.0,0.0,129.0,0.0,0.04,479.5,,,
13091.0,0.0,0.0,28.0,0.0,0.09,479.5,,,
13095.0,0.0,0.0,70.0,0.0,0.06,479.5,,,
13099.0,0.0,0.0,99.0,0.0,0.05,479.5,,,
13103.0,0.0,0.0,39.0,0.0,0.08,479.5,,,
13106.0,0.0,0.0,133.0,0.0,0.04,479.5,,,
13116.0,0.0,0.0,138.0,0.0,0.04,479.5,,,
13127.0,0.0,0.0,77.0,0.0,0.06,479.5,,,
13130.0,0.0,0.0,94.0,0.0,0.05,479.5,,,
13142.0,0.0,0.0,19.0,0.0,0.1,479.5,,,
13146.0,0.0,0.0,26.0,0.0,0.09,479.5,,,
13153.0,0.0,0.0,5.0,0.0,0.13,479.5,,,
13160.0,0.0,0.0,22.0,0.0,0.1,479.5,,,
13170.0,0.0,0.0,26.0,0.0,0.09,479.5,,,
13176.0,0.0,0.0,46.0,0.0,0.07,479.5,,,
13177.0,0.0,0.0,64.0,0.0,0.06,479.5,,,
13182.0,0.0,0.0,45.0,0.0,0.08,479.5,,,
13188.0,0.0,0.0,11.0,0.0,0.12,479.5,,,
13193.0,0.0,0.0,61.0,0.0,0.06,479.5,,,
13194.0,0.0,0.0,135.0,0.0,0.04,479.5,,,
13210.0,0.0,0.0,93.0,0.0,0.05,479.5,,,
13218.0,0.0,0.0,127.0,0.0,0.04,479.5,,,
13228.0,0.0,0.0,81.0,0.0,0.05,479.5,,,
13244.0,0.0,0.0,92.0,0.0,0.05,479.5,,,
13245.0,0.0,0.0,50.0,0.0,0.07,479.5,,,
13259.0,0.0,0.0,61.0,0.0,0.06,479.5,,,
13260.0,0.0,0.0,61.0,0.0,0.06,479.5,,,
13271.0,0.0,0.0,37.0,0.0,0.08,479.5,,,
13273.0,0.0,0.0,113.0,0.0,0.04,479.5,,,
13278.0,0.0,0.0,40.0,0.0,0.08,479.5,,,
13279.0,0.0,0.0,78.0,0.0,0.06,479.5,,,
13291.0,0.0,0.0,155.0,0.0,0.03,479.5,,,
13296.0,0.0,0.0,137.0,0.0,0.04,479.5,,,
13298.0,0.0,0.0,1.0,0.0,0.14,479.5,,,
13302.0,0.0,0.0,155.0,0.0,0.03,479.5,,,
13307.0,0.0,0.0,120.0,0.0,0.04,479.5,,,
13322.0,0.0,0.0,17.0,0.0,0.11,479.5,,,
13325.0,0.0,0.0,81.0,0.0,0.05,479.5,,,
13332.0,0.0,0.0,14.0,0.0,0.11,479.5,,,
13336.0,0.0,0.0,77.0,0.0,0.06,479.5,,,
13338.0,0.0,0.0,157.0,0.0,0.03,479.5,,,
13347.0,0.0,0.0,70.0,0.0,0.06,479.5,,,
13348.0,0.0,0.0,64.0,0.0,0.06,479.5,,,
13349.0,0.0,0.0,10.0,0.0,0.12,479.5,,,
13351.0,0.0,0.0,66.0,0.0,0.06,479.5,,,
13352.0,0.0,0.0,60.0,0.0,0.06,479.5,,,
13354.0,0.0,0.0,71.0,0.0,0.06,479.5,,,
13355.0,0.0,0.0,122.0,0.0,0.04,479.5,,,
13356.0,0.0,0.0,80.0,0.0,0.05,479.5,,,
13359.0,0.0,0.0,63.0,0.0,0.06,479.5,,,
13364.0,0.0,0.0,71.0,0.0,0.06,479.5,,,
13366.0,0.0,0.0,50.0,0.0,0.07,479.5,,,
13372.0,0.0,0.0,89.0,0.0,0.05,479.5,,,
13375.0,0.0,0.0,88.0,0.0,0.05,479.5,,,
13388.0,0.0,0.0,131.0,0.0,0.04,479.5,,,
13390.0,0.0,0.0,74.0,0.0,0.06,479.5,,,
13403.0,0.0,0.0,17.0,0.0,0.11,479.5,,,
13411.0,0.0,0.0,107.0,0.0,0.05,479.5,,,
13419.0,0.0,0.0,63.0,0.0,0.06,479.5,,,
13422.0,0.0,0.0,64.0,0.0,0.06,479.5,,,
13428.0,0.0,0.0,10.0,0.0,0.12,479.5,,,
13436.0,0.0,0.0,1.0,0.0,0.14,479.5,,,
13441.0,0.0,0.0,91.0,0.0,0.05,479.5,,,
13449.0,0.0,0.0,23.0,0.0,0.1,479.5,,,
13464.0,0.0,0.0,58.0,0.0,0.07,479.5,,,
13483.0,0.0,0.0,65.0,0.0,0.06,479.5,,,
13503.0,0.0,0.0,71.0,0.0,0.06,479.5,,,
13504.0,0.0,0.0,64.0,0.0,0.06,479.5,,,
13513.0,0.0,0.0,126.0,0.0,0.04,479.5,,,
13514.0,0.0,0.0,73.0,0.0,0.06,479.5,,,
13518.0,0.0,0.0,85.0,0.0,0.05,479.5,,,
13519.0,0.0,0.0,78.0,0.0,0.06,479.5,,,
13522.0,0.0,0.0,30.0,0.0,0.09,479.5,,,
13532.0,0.0,0.0,33.0,0.0,0.09,479.5,,,
13560.0,0.0,0.0,7.0,0.0,0.13,479.5,,,
13583.0,0.0,0.0,155.0,0.0,0.03,479.5,,,
13587.0,0.0,0.0,63.0,0.0,0.06,479.5,,,
13594.0,0.0,0.0,52.0,0.0,0.07,479.5,,,
13598.0,0.0,0.0,47.0,0.0,0.07,479.5,,,
13602.0,0.0,0.0,64.0,0.0,0.06,479.5,,,
13603.0,0.0,0.0,26.0,0.0,0.09,479.5,,,
13607.0,0.0,0.0,40.0,0.0,0.08,479.5,,,
13621.0,0.0,0.0,116.0,0.0,0.04,479.5,,,
13635.0,0.0,0.0,67.0,0.0,0.06,479.5,,,
13638.0,0.0,0.0,15.0,0.0,0.11,479.5,,,
13639.0,0.0,0.0,74.0,0.0,0.06,479.5,,,
13645.0,0.0,0.0,120.0,0.0,0.04,479.5,,,
13667.0,0.0,0.0,149.0,0.0,0.04,479.5,,,
13670.0,0.0,0.0,75.0,0.0,0.06,479.5,,,
13678.0,0.0,0.0,151.0,0.0,0.04,479.5,,,
13689.0,0.0,0.0,63.0,0.0,0.06,479.5,,,
13690.0,0.0,0.0,59.0,0.0,0.07,479.5,,,
13697.0,0.0,0.0,38.0,0.0,0.08,479.5,,,
13699.0,0.0,0.0,155.0,0.0,0.03,479.5,,,
13710.0,0.0,0.0,31.0,0.0,0.09,479.5,,,
13721.0,0.0,0.0,36.0,0.0,0.08,479.5,,,
13732.0,0.0,0.0,28.0,0.0,0.09,479.5,,,
13739.0,0.0,0.0,18.0,0.0,0.11,479.5,,,
13745.0,0.0,0.0,162.0,0.0,0.03,479.5,,,
13763.0,0.0,0.0,63.0,0.0,0.06,479.5,,,
13774.0,0.0,0.0,81.0,0.0,0.05,479.5,,,
13778.0,0.0,0.0,103.0,0.0,0.05,479.5,,,
13790.0,0.0,0.0,4.0,0.0,0.14,479.5,,,
13801.0,0.0,0.0,66.0,0.0,0.06,479.5,,,
13806.0,0.0,0.0,63.0,0.0,0.06,479.5,,,
13828.0,0.0,0.0,22.0,0.0,0.1,479.5,,,
13832.0,0.0,0.0,19.0,0.0,0.1,479.5,,,
13833.0,0.0,0.0,159.0,0.0,0.03,479.5,,,
13844.0,0.0,0.0,11.0,0.0,0.12,479.5,,,
13845.0,0.0,0.0,64.0,0.0,0.06,479.5,,,
13850.0,0.0,0.0,129.0,0.0,0.04,479.5,,,
13853.0,0.0,0.0,57.0,0.0,0.07,479.5,,,
13858.0,0.0,0.0,57.0,0.0,0.07,479.5,,,
13866.0,0.0,0.0,74.0,0.0,0.06,479.5,,,
13876.0,0.0,0.0,63.0,0.0,0.06,479.5,,,
13877.0,0.0,0.0,86.0,0.0,0.05,479.5,,,
13878.0,0.0,0.0,54.0,0.0,0.07,479.5,,,
13886.0,0.0,0.0,71.0,0.0,0.06,479.5,,,
13889.0,0.0,0.0,92.0,0.0,0.05,479.5,,,
13897.0,0.0,0.0,50.0,0.0,0.07,479.5,,,
13923.0,0.0,0.0,53.0,0.0,0.07,479.5,,,
13926.0,0.0,0.0,23.0,0.0,0.1,479.5,,,
13927.0,0.0,0.0,74.0,0.0,0.06,479.5,,,
13938.0,0.0,0.0,35.0,0.0,0.08,479.5,,,
13947.0,0.0,0.0,65.0,0.0,0.06,479.5,,,
13967.0,0.0,0.0,145.0,0.0,0.04,479.5,,,
13974.0,0.0,0.0,49.0,0.0,0.07,479.5,,,
13979.0,0.0,0.0,73.0,0.0,0.06,479.5,,,
13980.0,0.0,0.0,60.0,0.0,0.06,479.5,,,
13986.0,0.0,0.0,17.0,0.0,0.11,479.5,,,
13992.0,0.0,0.0,30.0,0.0,0.09,479.5,,,
14014.0,0.0,0.0,77.0,0.0,0.06,479.5,,,
14015.0,0.0,0.0,52.0,0.0,0.07,479.5,,,
14027.0,0.0,0.0,60.0,0.0,0.06,479.5,,,
14039.0,0.0,0.0,33.0,0.0,0.09,479.5,,,
14052.0,0.0,0.0,19.0,0.0,0.1,479.5,,,
14054.0,0.0,0.0,65.0,0.0,0.06,479.5,,,
14055.0,0.0,0.0,106.0,0.0,0.05,479.5,,,
14073.0,0.0,0.0,32.0,0.0,0.09,479.5,,,
14076.0,0.0,0.0,129.0,0.0,0.04,479.5,,,
14079.0,0.0,0.0,124.0,0.0,0.04,479.5,,,
14080.0,0.0,0.0,32.0,0.0,0.09,479.5,,,
14087.0,0.0,0.0,2.0,0.0,0.14,479.5,,,
14089.0,0.0,0.0,56.0,0.0,0.07,479.5,,,
14093.0,0.0,0.0,12.0,0.0,0.12,479.5,,,
14098.0,0.0,0.0,36.0,0.0,0.08,479.5,,,
14100.0,0.0,0.0,137.0,0.0,0.04,479.5,,,
14109.0,0.0,0.0,72.0,0.0,0.06,479.5,,,
14117.0,0.0,0.0,143.0,0.0,0.04,479.5,,,
14124.0,0.0,0.0,84.0,0.0,0.05,479.5,,,
14139.0,0.0,0.0,46.0,0.0,0.07,479.5,,,
14143.0,0.0,0.0,133.0,0.0,0.04,479.5,,,
14158.0,0.0,0.0,40.0,0.0,0.08,479.5,,,
14171.0,0.0,0.0,98.0,0.0,0.05,479.5,,,
14174.0,0.0,0.0,33.0,0.0,0.09,479.5,,,
14184.0,0.0,0.0,66.0,0.0,0.06,479.5,,,
14196.0,0.0,0.0,106.0,0.0,0.05,479.5,,,
14204.0,0.0,0.0,2.0,0.0,0.14,479.5,,,
14208.0,0.0,0.0,94.0,0.0,0.05,479.5,,,
14212.0,0.0,0.0,89.0,0.0,0.05,479.5,,,
14218.0,0.0,0.0,42.0,0.0,0.08,479.5,,,
14219.0,0.0,0.0,4.0,0.0,0.14,479.5,,,
14259.0,0.0,0.0,141.0,0.0,0.04,479.5,,,
14295.0,0.0,0.0,40.0,0.0,0.08,479.5,,,
14300.0,0.0,0.0,18.0,0.0,0.11,479.5,,,
14301.0,0.0,0.0,117.0,0.0,0.04,479.5,,,
14314.0,0.0,0.0,106.0,0.0,0.05,479.5,,,
14317.0,0.0,0.0,64.0,0.0,0.06,479.5,,,
14333.0,0.0,0.0,67.0,0.0,0.06,479.5,,,
14345.0,0.0,0.0,38.0,0.0,0.08,479.5,,,
14349.0,0.0,0.0,10.0,0.0,0.12,479.5,,,
14357.0,0.0,0.0,43.0,0.0,0.08,479.5,,,
14362.0,0.0,0.0,22.0,0.0,0.1,479.5,,,
14381.0,0.0,0.0,52.0,0.0,0.07,479.5,,,
14382.0,0.0,0.0,26.0,0.0,0.09,479.5,,,
14400.0,0.0,0.0,149.0,0.0,0.04,479.5,,,
14406.0,0.0,0.0,119.0,0.0,0.04,479.5,,,
14420.0,0.0,0.0,99.0,0.0,0.05,479.5,,,
14424.0,0.0,0.0,17.0,0.0,0.11,479.5,,,
14436.0,0.0,0.0,98.0,0.0,0.05,479.5,,,
14459.0,0.0,0.0,155.0,0.0,0.03,479.5,,,
14474.0,0.0,0.0,46.0,0.0,0.07,479.5,,,
14480.0,0.0,0.0,11.0,0.0,0.12,479.5,,,
14484.0,0.0,0.0,50.0,0.0,0.07,479.5,,,
14485.0,0.0,0.0,38.0,0.0,0.08,479.5,,,
14488.0,0.0,0.0,67.0,0.0,0.06,479.5,,,
14494.0,0.0,0.0,25.0,0.0,0.1,479.5,,,
14518.0,0.0,0.0,64.0,0.0,0.06,479.5,,,
14523.0,0.0,0.0,108.0,0.0,0.04,479.5,,,
14528.0,0.0,0.0,37.0,0.0,0.08,479.5,,,
14537.0,0.0,0.0,57.0,0.0,0.07,479.5,,,
14552.0,0.0,0.0,151.0,0.0,0.04,479.5,,,
14557.0,0.0,0.0,85.0,0.0,0.05,479.5,,,
14566.0,0.0,0.0,110.0,0.0,0.04,479.5,,,
14569.0,0.0,0.0,1.0,0.0,0.14,479.5,,,
14578.0,0.0,0.0,3.0,0.0,0.14,479.5,,,
14581.0,0.0,0.0,16.0,0.0,0.11,479.5,,,
14582.0,0.0,0.0,40.0,0.0,0.08,479.5,,,
14585.0,0.0,0.0,50.0,0.0,0.07,479.5,,,
14598.0,0.0,0.0,44.0,0.0,0.08,479.5,,,
14601.0,0.0,0.0,10.0,0.0,0.12,479.5,,,
14638.0,0.0,0.0,50.0,0.0,0.07,479.5,,,
14641.0,0.0,0.0,21.0,0.0,0.1,479.5,,,
14642.0,0.0,0.0,58.0,0.0,0.07,479.5,,,
14652.0,0.0,0.0,77.0,0.0,0.06,479.5,,,
14661.0,0.0,0.0,26.0,0.0,0.09,479.5,,,
14666.0,0.0,0.0,24.0,0.0,0.1,479.5,,,
14675.0,0.0,0.0,16.0,0.0,0.11,479.5,,,
14687.0,0.0,0.0,106.0,0.0,0.05,479.5,,,
14703.0,0.0,0.0,14.0,0.0,0.11,479.5,,,
14714.0,0.0,0.0,24.0,0.0,0.1,479.5,,,
14722.0,0.0,0.0,147.0,0.0,0.04,479.5,,,
14725.0,0.0,0.0,24.0,0.0,0.1,479.5,,,
14752.0,0.0,0.0,43.0,0.0,0.08,479.5,,,
14753.0,0.0,0.0,87.0,0.0,0.05,479.5,,,
14756.0,0.0,0.0,15.0,0.0,0.11,479.5,,,
14757.0,0.0,0.0,75.0,0.0,0.06,479.5,,,
14764.0,0.0,0.0,46.0,0.0,0.07,479.5,,,
14772.0,0.0,0.0,112.0,0.0,0.04,479.5,,,
14789.0,0.0,0.0,28.0,0.0,0.09,479.5,,,
14792.0,0.0,0.0,63.0,0.0,0.06,479.5,,,
14793.0,0.0,0.0,21.0,0.0,0.1,479.5,,,
14799.0,0.0,0.0,51.0,0.0,0.07,479.5,,,
14801.0,0.0,0.0,61.0,0.0,0.06,479.5,,,
14804.0,0.0,0.0,8.0,0.0,0.13,479.5,,,
14806.0,0.0,0.0,75.0,0.0,0.06,479.5,,,
14830.0,0.0,0.0,53.0,0.0,0.07,479.5,,,
14847.0,0.0,0.0,148.0,0.0,0.04,479.5,,,
14860.0,0.0,0.0,19.0,0.0,0.1,479.5,,,
14861.0,0.0,0.0,52.0,0.0,0.07,479.5,,,
14863.0,0.0,0.0,29.0,0.0,0.09,479.5,,,
14881.0,0.0,0.0,19.0,0.0,0.1,479.5,,,
14885.0,0.0,0.0,131.0,0.0,0.04,479.5,,,
14887.0,0.0,0.0,79.0,0.0,0.06,479.5,,,
14894.0,0.0,0.0,85.0,0.0,0.05,479.5,,,
14902.0,0.0,0.0,25.0,0.0,0.1,479.5,,,
14908.0,0.0,0.0,74.0,0.0,0.06,479.5,,,
14923.0,0.0,0.0,50.0,0.0,0.07,479.5,,,
14929.0,0.0,0.0,32.0,0.0,0.09,479.5,,,
14946.0,0.0,0.0,14.0,0.0,0.11,479.5,,,
14950.0,0.0,0.0,19.0,0.0,0.1,479.5,,,
14951.0,0.0,0.0,79.0,0.0,0.06,479.5,,,
14953.0,0.0,0.0,25.0,0.0,0.1,479.5,,,
14954.0,0.0,0.0,12.0,0.0,0.12,479.5,,,
14965.0,0.0,0.0,96.0,0.0,0.05,479.5,,,
14966.0,0.0,0.0,14.0,0.0,0.11,479.5,,,
14967.0,0.0,0.0,49.0,0.0,0.07,479.5,,,
14968.0,0.0,0.0,30.0,0.0,0.09,479.5,,,
14972.0,0.0,0.0,128.0,0.0,0.04,479.5,,,
14974.0,0.0,0.0,37.0,0.0,0.08,479.5,,,
14975.0,0.0,0.0,57.0,0.0,0.07,479.5,,,
15000.0,0.0,0.0,47.0,0.0,0.07,479.5,,,
15004.0,0.0,0.0,147.0,0.0,0.04,479.5,,,
15006.0,0.0,0.0,51.0,0.0,0.07,479.5,,,
15007.0,0.0,0.0,159.0,0.0,0.03,479.5,,,
15010.0,0.0,0.0,35.0,0.0,0.08,479.5,,,
15017.0,0.0,0.0,33.0,0.0,0.09,479.5,,,
15025.0,0.0,0.0,33.0,0.0,0.09,479.5,,,
15035.0,0.0,0.0,89.0,0.0,0.05,479.5,,,
15043.0,0.0,0.0,31.0,0.0,0.09,479.5,,,
15066.0,0.0,0.0,53.0,0.0,0.07,479.5,,,
15074.0,0.0,0.0,105.0,0.0,0.05,479.5,,,
15075.0,0.0,0.0,77.0,0.0,0.06,479.5,,,
15091.0,0.0,0.0,67.0,0.0,0.06,479.5,,,
15096.0,0.0,0.0,42.0,0.0,0.08,479.5,,,
15097.0,0.0,0.0,4.0,0.0,0.14,479.5,,,
15099.0,0.0,0.0,84.0,0.0,0.05,479.5,,,
15115.0,0.0,0.0,18.0,0.0,0.11,479.5,,,
15118.0,0.0,0.0,134.0,0.0,0.04,479.5,,,
15120.0,0.0,0.0,133.0,0.0,0.04,479.5,,,
15127.0,0.0,0.0,65.0,0.0,0.06,479.5,,,
15142.0,0.0,0.0,46.0,0.0,0.07,479.5,,,
15148.0,0.0,0.0,10.0,0.0,0.12,479.5,,,
15149.0,0.0,0.0,133.0,0.0,0.04,479.5,,,
15153.0,0.0,0.0,31.0,0.0,0.09,479.5,,,
15154.0,0.0,0.0,75.0,0.0,0.06,479.5,,,
15158.0,0.0,0.0,45.0,0.0,0.08,479.5,,,
15168.0,0.0,0.0,25.0,0.0,0.1,479.5,,,
15175.0,0.0,0.0,71.0,0.0,0.06,479.5,,,
15185.0,0.0,0.0,70.0,0.0,0.06,479.5,,,
15193.0,0.0,0.0,60.0,0.0,0.06,479.5,,,
15195.0,0.0,0.0,2.0,0.0,0.14,479.5,,,
15216.0,0.0,0.0,87.0,0.0,0.05,479.5,,,
15243.0,0.0,0.0,74.0,0.0,0.06,479.5,,,
15247.0,0.0,0.0,122.0,0.0,0.04,479.5,,,
15254.0,0.0,0.0,127.0,0.0,0.04,479.5,,,
15255.0,0.0,0.0,66.0,0.0,0.06,479.5,,,
15256.0,0.0,0.0,148.0,0.0,0.04,479.5,,,
15261.0,0.0,0.0,135.0,0.0,0.04,479.5,,,
15263.0,0.0,0.0,106.0,0.0,0.05,479.5,,,
15264.0,0.0,0.0,64.0,0.0,0.06,479.5,,,
15269.0,0.0,0.0,23.0,0.0,0.1,479.5,,,
15275.0,0.0,0.0,37.0,0.0,0.08,479.5,,,
15276.0,0.0,0.0,66.0,0.0,0.06,479.5,,,
15277.0,0.0,0.0,46.0,0.0,0.07,479.5,,,
15286.0,0.0,0.0,49.0,0.0,0.07,479.5,,,
15300.0,0.0,0.0,64.0,0.0,0.06,479.5,,,
15307.0,0.0,0.0,95.0,0.0,0.05,479.5,,,
15313.0,0.0,0.0,110.0,0.0,0.04,479.5,,,
15318.0,0.0,0.0,3.0,0.0,0.14,479.5,,,
15320.0,0.0,0.0,44.0,0.0,0.08,479.5,,,
15322.0,0.0,0.0,85.0,0.0,0.05,479.5,,,
15325.0,0.0,0.0,103.0,0.0,0.05,479.5,,,
15327.0,0.0,0.0,52.0,0.0,0.07,479.5,,,
15335.0,0.0,0.0,53.0,0.0,0.07,479.5,,,
15341.0,0.0,0.0,80.0,0.0,0.05,479.5,,,
15342.0,0.0,0.0,129.0,0.0,0.04,479.5,,,
15343.0,0.0,0.0,87.0,0.0,0.05,479.5,,,
15345.0,0.0,0.0,45.0,0.0,0.08,479.5,,,
15348.0,0.0,0.0,72.0,0.0,0.06,479.5,,,
15360.0,0.0,0.0,39.0,0.0,0.08,479.5,,,
15368.0,0.0,0.0,21.0,0.0,0.1,479.5,,,
15372.0,0.0,0.0,137.0,0.0,0.04,479.5,,,
15374.0,0.0,0.0,128.0,0.0,0.04,479.5,,,
15385.0,0.0,0.0,40.0,0.0,0.08,479.5,,,
15396.0,0.0,0.0,112.0,0.0,0.04,479.5,,,
15417.0,0.0,0.0,85.0,0.0,0.05,479.5,,,
15419.0,0.0,0.0,24.0,0.0,0.1,479.5,,,
15423.0,0.0,0.0,38.0,0.0,0.08,479.5,,,
15428.0,0.0,0.0,15.0,0.0,0.11,479.5,,,
15432.0,0.0,0.0,23.0,0.0,0.1,479.5,,,
15435.0,0.0,0.0,22.0,0.0,0.1,479.5,,,
15438.0,0.0,0.0,131.0,0.0,0.04,479.5,,,
15450.0,0.0,0.0,30.0,0.0,0.09,479.5,,,
15458.0,0.0,0.0,25.0,0.0,0.1,479.5,,,
15463.0,0.0,0.0,29.0,0.0,0.09,479.5,,,
15466.0,0.0,0.0,85.0,0.0,0.05,479.5,,,
15468.0,0.0,0.0,51.0,0.0,0.07,479.5,,,
15471.0,0.0,0.0,2.0,0.0,0.14,479.5,,,
15472.0,0.0,0.0,113.0,0.0,0.04,479.5,,,
15475.0,0.0,0.0,77.0,0.0,0.06,479.5,,,
15480.0,0.0,0.0,116.0,0.0,0.04,479.5,,,
15488.0,0.0,0.0,92.0,0.0,0.05,479.5,,,
15504.0,0.0,0.0,81.0,0.0,0.05,479.5,,,
15520.0,0.0,0.0,1.0,0.0,0.14,479.5,,,
15523.0,0.0,0.0,84.0,0.0,0.05,479.5,,,
15524.0,0.0,0.0,24.0,0.0,0.1,479.5,,,
15526.0,0.0,0.0,33.0,0.0,0.09,479.5,,,
15539.0,0.0,0.0,7.0,0.0,0.13,479.5,,,
15540.0,0.0,0.0,11.0,0.0,0.12,479.5,,,
15541.0,0.0,0.0,114.0,0.0,0.04,479.5,,,
15551.0,0.0,0.0,36.0,0.0,0.08,479.5,,,
15553.0,0.0,0.0,60.0,0.0,0.06,479.5,,,
15556.0,0.0,0.0,24.0,0.0,0.1,479.5,,,
15557.0,0.0,0.0,28.0,0.0,0.09,479.5,,,
15567.0,0.0,0.0,18.0,0.0,0.11,479.5,,,
15576.0,0.0,0.0,37.0,0.0,0.08,479.5,,,
15578.0,0.0,0.0,162.0,0.0,0.03,479.5,,,
15592.0,0.0,0.0,46.0,0.0,0.07,479.5,,,
15593.0,0.0,0.0,70.0,0.0,0.06,479.5,,,
15597.0,0.0,0.0,35.0,0.0,0.08,479.5,,,
15598.0,0.0,0.0,53.0,0.0,0.07,479.5,,,
15603.0,0.0,0.0,78.0,0.0,0.06,479.5,,,
15604.0,0.0,0.0,52.0,0.0,0.07,479.5,,,
15610.0,0.0,0.0,51.0,0.0,0.07,479.5,,,
15619.0,0.0,0.0,10.0,0.0,0.12,479.5,,,
15623.0,0.0,0.0,141.0,0.0,0.04,479.5,,,
15634.0,0.0,0.0,17.0,0.0,0.11,479.5,,,
15637.0,0.0,0.0,52.0,0.0,0.07,479.5,,,
15639.0,0.0,0.0,134.0,0.0,0.04,479.5,,,
15645.0,0.0,0.0,18.0,0.0,0.11,479.5,,,
15652.0,0.0,0.0,91.0,0.0,0.05,479.5,,,
15657.0,0.0,0.0,22.0,0.0,0.1,479.5,,,
15659.0,0.0,0.0,43.0,0.0,0.08,479.5,,,
15663.0,0.0,0.0,106.0,0.0,0.05,479.5,,,
15664.0,0.0,0.0,50.0,0.0,0.07,479.5,,,
15667.0,0.0,0.0,39.0,0.0,0.08,479.5,,,
15677.0,0.0,0.0,49.0,0.0,0.07,479.5,,,
15678.0,0.0,0.0,52.0,0.0,0.07,479.5,,,
15683.0,0.0,0.0,117.0,0.0,0.04,479.5,,,
15692.0,0.0,0.0,28.0,0.0,0.09,479.5,,,
15699.0,0.0,0.0,17.0,0.0,0.11,479.5,,,
15720.0,0.0,0.0,24.0,0.0,0.1,479.5,,,
15721.0,0.0,0.0,11.0,0.0,0.12,479.5,,,
15725.0,0.0,0.0,15.0,0.0,0.11,479.5,,,
15739.0,0.0,0.0,66.0,0.0,0.06,479.5,,,
15740.0,0.0,0.0,49.0,0.0,0.07,479.5,,,
15744.0,0.0,0.0,77.0,0.0,0.06,479.5,,,
15746.0,0.0,0.0,134.0,0.0,0.04,479.5,,,
15748.0,0.0,0.0,40.0,0.0,0.08,479.5,,,
15758.0,0.0,0.0,24.0,0.0,0.1,479.5,,,
15766.0,0.0,0.0,64.0,0.0,0.06,479.5,,,
15773.0,0.0,0.0,5.0,0.0,0.13,479.5,,,
15774.0,0.0,0.0,68.0,0.0,0.06,479.5,,,
15776.0,0.0,0.0,133.0,0.0,0.04,479.5,,,
15783.0,0.0,0.0,10.0,0.0,0.12,479.5,,,
15790.0,0.0,0.0,10.0,0.0,0.12,479.5,,,
15795.0,0.0,0.0,149.0,0.0,0.04,479.5,,,
15802.0,0.0,0.0,142.0,0.0,0.04,479.5,,,
15803.0,0.0,0.0,51.0,0.0,0.07,479.5,,,
15830.0,0.0,0.0,37.0,0.0,0.08,479.5,,,
15836.0,0.0,0.0,50.0,0.0,0.07,479.5,,,
15837.0,0.0,0.0,64.0,0.0,0.06,479.5,,,
15844.0,0.0,0.0,46.0,0.0,0.07,479.5,,,
15853.0,0.0,0.0,51.0,0.0,0.07,479.5,,,
15857.0,0.0,0.0,18.0,0.0,0.11,479.5,,,
15866.0,0.0,0.0,101.0,0.0,0.05,479.5,,,
15870.0,0.0,0.0,32.0,0.0,0.09,479.5,,,
15872.0,0.0,0.0,14.0,0.0,0.11,479.5,,,
15886.0,0.0,0.0,60.0,0.0,0.06,479.5,,,
15888.0,0.0,0.0,80.0,0.0,0.05,479.5,,,
15895.0,0.0,0.0,149.0,0.0,0.04,479.5,,,
15900.0,0.0,0.0,23.0,0.0,0.1,479.5,,,
15904.0,0.0,0.0,8.0,0.0,0.13,479.5,,,
15920.0,0.0,0.0,154.0,0.0,0.03,479.5,,,
15930.0,0.0,0.0,67.0,0.0,0.06,479.5,,,
15937.0,0.0,0.0,64.0,0.0,0.06,479.5,,,
15942.0,0.0,0.0,133.0,0.0,0.04,479.5,,,
15947.0,0.0,0.0,82.0,0.0,0.05,479.5,,,
15957.0,0.0,0.0,31.0,0.0,0.09,479.5,,,
15958.0,0.0,0.0,74.0,0.0,0.06,479.5,,,
15975.0,0.0,0.0,84.0,0.0,0.05,479.5,,,
15978.0,0.0,0.0,77.0,0.0,0.06,479.5,,,
15986.0,0.0,0.0,30.0,0.0,0.09,479.5,,,
15988.0,0.0,0.0,19.0,0.0,0.1,479.5,,,
15992.0,0.0,0.0,3.0,0.0,0.14,479.5,,,
15994.0,0.0,0.0,54.0,0.0,0.07,479.5,,,
16000.0,0.0,0.0,2.0,0.0,0.14,479.5,,,
16017.0,0.0,0.0,47.0,0.0,0.07,479.5,,,
16024.0,0.0,0.0,12.0,0.0,0.12,479.5,,,
16025.0,0.0,0.0,29.0,0.0,0.09,479.5,,,
16026.0,0.0,0.0,43.0,0.0,0.08,479.5,,,
16052.0,0.0,0.0,54.0,0.0,0.07,479.5,,,
16054.0,0.0,0.0,145.0,0.0,0.04,479.5,,,
16056.0,0.0,0.0,45.0,0.0,0.08,479.5,,,
16071.0,0.0,0.0,44.0,0.0,0.08,479.5,,,
16093.0,0.0,0.0,106.0,0.0,0.05,479.5,,,
16101.0,0.0,0.0,70.0,0.0,0.06,479.5,,,
16104.0,0.0,0.0,61.0,0.0,0.06,479.5,,,
16106.0,0.0,0.0,65.0,0.0,0.06,479.5,,,
16108.0,0.0,0.0,84.0,0.0,0.05,479.5,,,
16120.0,0.0,0.0,59.0,0.0,0.07,479.5,,,
16123.0,0.0,0.0,51.0,0.0,0.07,479.5,,,
16127.0,0.0,0.0,39.0,0.0,0.08,479.5,,,
16141.0,0.0,0.0,88.0,0.0,0.05,479.5,,,
16147.0,0.0,0.0,133.0,0.0,0.04,479.5,,,
16171.0,0.0,0.0,59.0,0.0,0.07,479.5,,,
16177.0,0.0,0.0,50.0,0.0,0.07,479.5,,,
16178.0,0.0,0.0,138.0,0.0,0.04,479.5,,,
16179.0,0.0,0.0,60.0,0.0,0.06,479.5,,,
16181.0,0.0,0.0,73.0,0.0,0.06,479.5,,,
16183.0,0.0,0.0,67.0,0.0,0.06,479.5,,,
16190.0,0.0,0.0,40.0,0.0,0.08,479.5,,,
16198.0,0.0,0.0,75.0,0.0,0.06,479.5,,,
16204.0,0.0,0.0,23.0,0.0,0.1,479.5,,,
16207.0,0.0,0.0,25.0,0.0,0.1,479.5,,,
16211.0,0.0,0.0,88.0,0.0,0.05,479.5,,,
16213.0,0.0,0.0,78.0,0.0,0.06,479.5,,,
16215.0,0.0,0.0,80.0,0.0,0.05,479.5,,,
16236.0,0.0,0.0,78.0,0.0,0.06,479.5,,,
16248.0,0.0,0.0,61.0,0.0,0.06,479.5,,,
16260.0,0.0,0.0,50.0,0.0,0.07,479.5,,,
16268.0,0.0,0.0,71.0,0.0,0.06,479.5,,,
16272.0,0.0,0.0,116.0,0.0,0.04,479.5,,,
16278.0,0.0,0.0,100.0,0.0,0.05,479.5,,,
16281.0,0.0,0.0,72.0,0.0,0.06,479.5,,,
16292.0,0.0,0.0,121.0,0.0,0.04,479.5,,,
16302.0,0.0,0.0,126.0,0.0,0.04,479.5,,,
16305.0,0.0,0.0,138.0,0.0,0.04,479.5,,,
16318.0,0.0,0.0,35.0,0.0,0.08,479.5,,,
16337.0,0.0,0.0,36.0,0.0,0.08,479.5,,,
16338.0,0.0,0.0,157.0,0.0,0.03,479.5,,,
16340.0,0.0,0.0,107.0,0.0,0.05,479.5,,,
16343.0,0.0,0.0,16.0,0.0,0.11,479.5,,,
16344.0,0.0,0.0,158.0,0.0,0.03,479.5,,,
16345.0,0.0,0.0,44.0,0.0,0.08,479.5,,,
16363.0,0.0,0.0,53.0,0.0,0.07,479.5,,,
16366.0,0.0,0.0,18.0,0.0,0.11,479.5,,,
16372.0,0.0,0.0,33.0,0.0,0.09,479.5,,,
16380.0,0.0,0.0,61.0,0.0,0.06,479.5,,,
16400.0,0.0,0.0,94.0,0.0,0.05,479.5,,,
16404.0,0.0,0.0,70.0,0.0,0.06,479.5,,,
16406.0,0.0,0.0,18.0,0.0,0.11,479.5,,,
16412.0,0.0,0.0,53.0,0.0,0.07,479.5,,,
16413.0,0.0,0.0,56.0,0.0,0.07,479.5,,,
16415.0,0.0,0.0,44.0,0.0,0.08,479.5,,,
16423.0,0.0,0.0,24.0,0.0,0.1,479.5,,,
16429.0,0.0,0.0,106.0,0.0,0.05,479.5,,,
16430.0,0.0,0.0,57.0,0.0,0.07,479.5,,,
16432.0,0.0,0.0,64.0,0.0,0.06,479.5,,,
16433.0,0.0,0.0,28.0,0.0,0.09,479.5,,,
16445.0,0.0,0.0,33.0,0.0,0.09,479.5,,,
16447.0,0.0,0.0,135.0,0.0,0.04,479.5,,,
16450.0,0.0,0.0,149.0,0.0,0.04,479.5,,,
16451.0,0.0,0.0,87.0,0.0,0.05,479.5,,,
16468.0,0.0,0.0,74.0,0.0,0.06,479.5,,,
16479.0,0.0,0.0,10.0,0.0,0.12,479.5,,,
16480.0,0.0,0.0,75.0,0.0,0.06,479.5,,,
16482.0,0.0,0.0,15.0,0.0,0.11,479.5,,,
16485.0,0.0,0.0,77.0,0.0,0.06,479.5,,,
16491.0,0.0,0.0,46.0,0.0,0.07,479.5,,,
16504.0,0.0,0.0,25.0,0.0,0.1,479.5,,,
16505.0,0.0,0.0,31.0,0.0,0.09,479.5,,,
16516.0,0.0,0.0,30.0,0.0,0.09,479.5,,,
16527.0,0.0,0.0,81.0,0.0,0.05,479.5,,,
16528.0,0.0,0.0,3.0,0.0,0.14,479.5,,,
16535.0,0.0,0.0,5.0,0.0,0.13,479.5,,,
16536.0,0.0,0.0,110.0,0.0,0.04,479.5,,,
16542.0,0.0,0.0,53.0,0.0,0.07,479.5,,,
16563.0,0.0,0.0,53.0,0.0,0.07,479.5,,,
16569.0,0.0,0.0,3.0,0.0,0.14,479.5,,,
16574.0,0.0,0.0,71.0,0.0,0.06,479.5,,,
16582.0,0.0,0.0,113.0,0.0,0.04,479.5,,,
16591.0,0.0,0.0,68.0,0.0,0.06,479.5,,,
16594.0,0.0,0.0,75.0,0.0,0.06,479.5,,,
16595.0,0.0,0.0,61.0,0.0,0.06,479.5,,,
16597.0,0.0,0.0,4.0,0.0,0.14,479.5,,,
16601.0,0.0,0.0,40.0,0.0,0.08,479.5,,,
16602.0,0.0,0.0,36.0,0.0,0.08,479.5,,,
16613.0,0.0,0.0,70.0,0.0,0.06,479.5,,,
16627.0,0.0,0.0,79.0,0.0,0.06,479.5,,,
16641.0,0.0,0.0,105.0,0.0,0.05,479.5,,,
16648.0,0.0,0.0,42.0,0.0,0.08,479.5,,,
16650.0,0.0,0.0,71.0,0.0,0.06,479.5,,,
16666.0,0.0,0.0,19.0,0.0,0.1,479.5,,,
16680.0,0.0,0.0,43.0,0.0,0.08,479.5,,,
16685.0,0.0,0.0,61.0,0.0,0.06,479.5,,,
16708.0,0.0,0.0,45.0,0.0,0.08,479.5,,,
16715.0,0.0,0.0,78.0,0.0,0.06,479.5,,,
16720.0,0.0,0.0,26.0,0.0,0.09,479.5,,,
16732.0,0.0,0.0,31.0,0.0,0.09,479.5,,,
16737.0,0.0,0.0,53.0,0.0,0.07,479.5,,,
16742.0,0.0,0.0,46.0,0.0,0.07,479.5,,,
16751.0,0.0,0.0,30.0,0.0,0.09,479.5,,,
16753.0,0.0,0.0,58.0,0.0,0.07,479.5,,,
16758.0,0.0,0.0,65.0,0.0,0.06,479.5,,,
16761.0,0.0,0.0,96.0,0.0,0.05,479.5,,,
16773.0,0.0,0.0,57.0,0.0,0.07,479.5,,,
16776.0,0.0,0.0,60.0,0.0,0.06,479.5,,,
16784.0,0.0,0.0,19.0,0.0,0.1,479.5,,,
16789.0,0.0,0.0,8.0,0.0,0.13,479.5,,,
16793.0,0.0,0.0,57.0,0.0,0.07,479.5,,,
16796.0,0.0,0.0,89.0,0.0,0.05,479.5,,,
16800.0,0.0,0.0,11.0,0.0,0.12,479.5,,,
16803.0,0.0,0.0,65.0,0.0,0.06,479.5,,,
16820.0,0.0,0.0,95.0,0.0,0.05,479.5,,,
16826.0,0.0,0.0,51.0,0.0,0.07,479.5,,,
16829.0,0.0,0.0,156.0,0.0,0.03,479.5,,,
16830.0,0.0,0.0,38.0,0.0,0.08,479.5,,,
16846.0,0.0,0.0,50.0,0.0,0.07,479.5,,,
16847.0,0.0,0.0,43.0,0.0,0.08,479.5,,,
16848.0,0.0,0.0,52.0,0.0,0.07,479.5,,,
16856.0,0.0,0.0,14.0,0.0,0.11,479.5,,,
16878.0,0.0,0.0,84.0,0.0,0.05,479.5,,,
16881.0,0.0,0.0,66.0,0.0,0.06,479.5,,,
16884.0,0.0,0.0,37.0,0.0,0.08,479.5,,,
16887.0,0.0,0.0,35.0,0.0,0.08,479.5,,,
16895.0,0.0,0.0,64.0,0.0,0.06,479.5,,,
16902.0,0.0,0.0,116.0,0.0,0.04,479.5,,,
16903.0,0.0,0.0,29.0,0.0,0.09,479.5,,,
16909.0,0.0,0.0,72.0,0.0,0.06,479.5,,,
16914.0,0.0,0.0,36.0,0.0,0.08,479.5,,,
16921.0,0.0,0.0,61.0,0.0,0.06,479.5,,,
16932.0,0.0,0.0,53.0,0.0,0.07,479.5,,,
16934.0,0.0,0.0,54.0,0.0,0.07,479.5,,,
16936.0,0.0,0.0,25.0,0.0,0.1,479.5,,,
16952.0,0.0,0.0,109.0,0.0,0.04,479.5,,,
16953.0,0.0,0.0,30.0,0.0,0.09,479.5,,,
16956.0,0.0,0.0,17.0,0.0,0.11,479.5,,,
16959.0,0.0,0.0,87.0,0.0,0.05,479.5,,,
16961.0,0.0,0.0,116.0,0.0,0.04,479.5,,,
16971.0,0.0,0.0,38.0,0.0,0.08,479.5,,,
16978.0,0.0,0.0,77.0,0.0,0.06,479.5,,,
16982.0,0.0,0.0,60.0,0.0,0.06,479.5,,,
16988.0,0.0,0.0,5.0,0.0,0.13,479.5,,,
17010.0,0.0,0.0,18.0,0.0,0.11,479.5,,,
17011.0,0.0,0.0,30.0,0.0,0.09,479.5,,,
17022.0,0.0,0.0,31.0,0.0,0.09,479.5,,,
17030.0,0.0,0.0,63.0,0.0,0.06,479.5,,,
17037.0,0.0,0.0,87.0,0.0,0.05,479.5,,,
17038.0,0.0,0.0,30.0,0.0,0.09,479.5,,,
17040.0,0.0,0.0,137.0,0.0,0.04,479.5,,,
17044.0,0.0,0.0,25.0,0.0,0.1,479.5,,,
17046.0,0.0,0.0,157.0,0.0,0.03,479.5,,,
17052.0,0.0,0.0,28.0,0.0,0.09,479.5,,,
17053.0,0.0,0.0,130.0,0.0,0.04,479.5,,,
17070.0,0.0,0.0,114.0,0.0,0.04,479.5,,,
17078.0,0.0,0.0,36.0,0.0,0.08,479.5,,,
17079.0,0.0,0.0,78.0,0.0,0.06,479.5,,,
17084.0,0.0,0.0,35.0,0.0,0.08,479.5,,,
17100.0,0.0,0.0,18.0,0.0,0.11,479.5,,,
17111.0,0.0,0.0,47.0,0.0,0.07,479.5,,,
17122.0,0.0,0.0,119.0,0.0,0.04,479.5,,,
17123.0,0.0,0.0,161.0,0.0,0.03,479.5,,,
17125.0,0.0,0.0,50.0,0.0,0.07,479.5,,,
17148.0,0.0,0.0,51.0,0.0,0.07,479.5,,,
17153.0,0.0,0.0,24.0,0.0,0.1,479.5,,,
17154.0,0.0,0.0,75.0,0.0,0.06,479.5,,,
17172.0,0.0,0.0,78.0,0.0,0.06,479.5,,,
17197.0,0.0,0.0,29.0,0.0,0.09,479.5,,,
17201.0,0.0,0.0,53.0,0.0,0.07,479.5,,,
17205.0,0.0,0.0,53.0,0.0,0.07,479.5,,,
17206.0,0.0,0.0,53.0,0.0,0.07,479.5,,,
17219.0,0.0,0.0,31.0,0.0,0.09,479.5,,,
17222.0,0.0,0.0,65.0,0.0,0.06,479.5,,,
17233.0,0.0,0.0,35.0,0.0,0.08,479.5,,,
17244.0,0.0,0.0,53.0,0.0,0.07,479.5,,,
17247.0,0.0,0.0,15.0,0.0,0.11,479.5,,,
17248.0,0.0,0.0,120.0,0.0,0.04,479.5,,,
17253.0,0.0,0.0,18.0,0.0,0.11,479.5,,,
17267.0,0.0,0.0,127.0,0.0,0.04,479.5,,,
17274.0,0.0,0.0,35.0,0.0,0.08,479.5,,,
17279.0,0.0,0.0,57.0,0.0,0.07,479.5,,,
17286.0,0.0,0.0,21.0,0.0,0.1,479.5,,,
17297.0,0.0,0.0,17.0,0.0,0.11,479.5,,,
17301.0,0.0,0.0,21.0,0.0,0.1,479.5,,,
17309.0,0.0,0.0,95.0,0.0,0.05,479.5,,,
17313.0,0.0,0.0,31.0,0.0,0.09,479.5,,,
17331.0,0.0,0.0,123.0,0.0,0.04,479.5,,,
17333.0,0.0,0.0,85.0,0.0,0.05,479.5,,,
17344.0,0.0,0.0,46.0,0.0,0.07,479.5,,,
17347.0,0.0,0.0,86.0,0.0,0.05,479.5,,,
17354.0,0.0,0.0,50.0,0.0,0.07,479.5,,,
17357.0,0.0,0.0,24.0,0.0,0.1,479.5,,,
17359.0,0.0,0.0,11.0,0.0,0.12,479.5,,,
17379.0,0.0,0.0,11.0,0.0,0.12,479.5,,,
17382.0,0.0,0.0,65.0,0.0,0.06,479.5,,,
17383.0,0.0,0.0,4.0,0.0,0.14,479.5,,,
17385.0,0.0,0.0,14.0,0.0,0.11,479.5,,,
17397.0,0.0,0.0,22.0,0.0,0.1,479.5,,,
17403.0,0.0,0.0,36.0,0.0,0.08,479.5,,,
17415.0,0.0,0.0,79.0,0.0,0.06,479.5,,,
17427.0,0.0,0.0,71.0,0.0,0.06,479.5,,,
17433.0,0.0,0.0,88.0,0.0,0.05,479.5,,,
17458.0,0.0,0.0,15.0,0.0,0.11,479.5,,,
17464.0,0.0,0.0,158.0,0.0,0.03,479.5,,,
17475.0,0.0,0.0,79.0,0.0,0.06,479.5,,,
17480.0,0.0,0.0,77.0,0.0,0.06,479.5,,,
17498.0,0.0,0.0,75.0,0.0,0.06,479.5,,,
17506.0,0.0,0.0,75.0,0.0,0.06,479.5,,,
17510.0,0.0,0.0,24.0,0.0,0.1,479.5,,,
17513.0,0.0,0.0,72.0,0.0,0.06,479.5,,,
17514.0,0.0,0.0,128.0,0.0,0.04,479.5,,,
17520.0,0.0,0.0,53.0,0.0,0.07,479.5,,,
17534.0,0.0,0.0,53.0,0.0,0.07,479.5,,,
17538.0,0.0,0.0,25.0,0.0,0.1,479.5,,,
17545.0,0.0,0.0,43.0,0.0,0.08,479.5,,,
17553.0,0.0,0.0,129.0,0.0,0.04,479.5,,,
17561.0,0.0,0.0,19.0,0.0,0.1,479.5,,,
17600.0,0.0,0.0,17.0,0.0,0.11,479.5,,,
17603.0,0.0,0.0,78.0,0.0,0.06,479.5,,,
17608.0,0.0,0.0,33.0,0.0,0.09,479.5,,,
17614.0,0.0,0.0,57.0,0.0,0.07,479.5,,,
17620.0,0.0,0.0,59.0,0.0,0.07,479.5,,,
17623.0,0.0,0.0,32.0,0.0,0.09,479.5,,,
17628.0,0.0,0.0,81.0,0.0,0.05,479.5,,,
17636.0,0.0,0.0,19.0,0.0,0.1,479.5,,,
17640.0,0.0,0.0,86.0,0.0,0.05,479.5,,,
17647.0,0.0,0.0,65.0,0.0,0.06,479.5,,,
17649.0,0.0,0.0,138.0,0.0,0.04,479.5,,,
17650.0,0.0,0.0,21.0,0.0,0.1,479.5,,,
17660.0,0.0,0.0,141.0,0.0,0.04,479.5,,,
17680.0,0.0,0.0,23.0,0.0,0.1,479.5,,,
17684.0,0.0,0.0,43.0,0.0,0.08,479.5,,,
17693.0,0.0,0.0,137.0,0.0,0.04,479.5,,,
17694.0,0.0,0.0,141.0,0.0,0.04,479.5,,,
17712.0,0.0,0.0,44.0,0.0,0.08,479.5,,,
17727.0,0.0,0.0,15.0,0.0,0.11,479.5,,,
17747.0,0.0,0.0,112.0,0.0,0.04,479.5,,,
17761.0,0.0,0.0,32.0,0.0,0.09,479.5,,,
17767.0,0.0,0.0,15.0,0.0,0.11,479.5,,,
17772.0,0.0,0.0,10.0,0.0,0.12,479.5,,,
17785.0,0.0,0.0,53.0,0.0,0.07,479.5,,,
17791.0,0.0,0.0,29.0,0.0,0.09,479.5,,,
17793.0,0.0,0.0,25.0,0.0,0.1,479.5,,,
17805.0,0.0,0.0,73.0,0.0,0.06,479.5,,,
17806.0,0.0,0.0,11.0,0.0,0.12,479.5,,,
17824.0,0.0,0.0,51.0,0.0,0.07,479.5,,,
17831.0,0.0,0.0,33.0,0.0,0.09,479.5,,,
17832.0,0.0,0.0,49.0,0.0,0.07,479.5,,,
17836.0,0.0,0.0,47.0,0.0,0.07,479.5,,,
17839.0,0.0,0.0,42.0,0.0,0.08,479.5,,,
17844.0,0.0,0.0,106.0,0.0,0.05,479.5,,,
17846.0,0.0,0.0,85.0,0.0,0.05,479.5,,,
17852.0,0.0,0.0,11.0,0.0,0.12,479.5,,,
17866.0,0.0,0.0,142.0,0.0,0.04,479.5,,,
17878.0,0.0,0.0,43.0,0.0,0.08,479.5,,,
17885.0,0.0,0.0,12.0,0.0,0.12,479.5,,,
17887.0,0.0,0.0,129.0,0.0,0.04,479.5,,,
17891.0,0.0,0.0,162.0,0.0,0.03,479.5,,,
17895.0,0.0,0.0,44.0,0.0,0.08,479.5,,,
17896.0,0.0,0.0,23.0,0.0,0.1,479.5,,,
17899.0,0.0,0.0,159.0,0.0,0.03,479.5,,,
17901.0,0.0,0.0,29.0,0.0,0.09,479.5,,,
17904.0,0.0,0.0,21.0,0.0,0.1,479.5,,,
17911.0,0.0,0.0,9.0,0.0,0.12,479.5,,,
17914.0,0.0,0.0,3.0,0.0,0.14,479.5,,,
17919.0,0.0,0.0,88.0,0.0,0.05,479.5,,,
17936.0,0.0,0.0,5.0,0.0,0.13,479.5,,,
17939.0,0.0,0.0,159.0,0.0,0.03,479.5,,,
17941.0,0.0,0.0,130.0,0.0,0.04,479.5,,,
17942.0,0.0,0.0,7.0,0.0,0.13,479.5,,,
17947.0,0.0,0.0,37.0,0.0,0.08,479.5,,,
17948.0,0.0,0.0,147.0,0.0,0.04,479.5,,,
17957.0,0.0,0.0,66.0,0.0,0.06,479.5,,,
17958.0,0.0,0.0,116.0,0.0,0.04,479.5,,,
17962.0,0.0,0.0,142.0,0.0,0.04,479.5,,,
17973.0,0.0,0.0,51.0,0.0,0.07,479.5,,,
17977.0,0.0,0.0,29.0,0.0,0.09,479.5,,,
17984.0,0.0,0.0,145.0,0.0,0.04,479.5,,,
17985.0,0.0,0.0,22.0,0.0,0.1,479.5,,,
17986.0,0.0,0.0,56.0,0.0,0.07,479.5,,,
18006.0,0.0,0.0,23.0,0.0,0.1,479.5,,,
18013.0,0.0,0.0,155.0,0.0,0.03,479.5,,,
18014.0,0.0,0.0,28.0,0.0,0.09,479.5,,,
18015.0,0.0,0.0,4.0,0.0,0.14,479.5,,,
18019.0,0.0,0.0,51.0,0.0,0.07,479.5,,,
18022.0,0.0,0.0,35.0,0.0,0.08,479.5,,,
18024.0,0.0,0.0,152.0,0.0,0.04,479.5,,,
18027.0,0.0,0.0,98.0,0.0,0.05,479.5,,,
18033.0,0.0,0.0,65.0,0.0,0.06,479.5,,,
18034.0,0.0,0.0,21.0,0.0,0.1,479.5,,,
18042.0,0.0,0.0,53.0,0.0,0.07,479.5,,,
18045.0,0.0,0.0,45.0,0.0,0.08,479.5,,,
18053.0,0.0,0.0,70.0,0.0,0.06,479.5,,,
18058.0,0.0,0.0,9.0,0.0,0.12,479.5,,,
18066.0,0.0,0.0,75.0,0.0,0.06,479.5,,,
18067.0,0.0,0.0,40.0,0.0,0.08,479.5,,,
18082.0,0.0,0.0,25.0,0.0,0.1,479.5,,,
18084.0,0.0,0.0,16.0,0.0,0.11,479.5,,,
18088.0,0.0,0.0,61.0,0.0,0.06,479.5,,,
18099.0,0.0,0.0,127.0,0.0,0.04,479.5,,,
18104.0,0.0,0.0,37.0,0.0,0.08,479.5,,,
18105.0,0.0,0.0,37.0,0.0,0.08,479.5,,,
18110.0,0.0,0.0,19.0,0.0,0.1,479.5,,,
18117.0,0.0,0.0,25.0,0.0,0.1,479.5,,,
18126.0,0.0,0.0,60.0,0.0,0.06,479.5,,,
18164.0,0.0,0.0,37.0,0.0,0.08,479.5,,,
18169.0,0.0,0.0,60.0,0.0,0.06,479.5,,,
18174.0,0.0,0.0,7.0,0.0,0.13,479.5,,,
18181.0,0.0,0.0,24.0,0.0,0.1,479.5,,,
18184.0,0.0,0.0,15.0,0.0,0.11,479.5,,,
18192.0,0.0,0.0,71.0,0.0,0.06,479.5,,,
18194.0,0.0,0.0,82.0,0.0,0.05,479.5,,,
18200.0,0.0,0.0,106.0,0.0,0.05,479.5,,,
18203.0,0.0,0.0,157.0,0.0,0.03,479.5,,,
18209.0,0.0,0.0,28.0,0.0,0.09,479.5,,,
18215.0,0.0,0.0,89.0,0.0,0.05,479.5,,,
18216.0,0.0,0.0,31.0,0.0,0.09,479.5,,,
18222.0,0.0,0.0,92.0,0.0,0.05,479.5,,,
18240.0,0.0,0.0,46.0,0.0,0.07,479.5,,,
18249.0,0.0,0.0,17.0,0.0,0.11,479.5,,,
18251.0,0.0,0.0,87.0,0.0,0.05,479.5,,,
18255.0,0.0,0.0,89.0,0.0,0.05,479.5,,,
18262.0,0.0,0.0,140.0,0.0,0.04,479.5,,,
18268.0,0.0,0.0,134.0,0.0,0.04,479.5,,,
18274.0,0.0,0.0,30.0,0.0,0.09,479.5,,,
18276.0,0.0,0.0,43.0,0.0,0.08,479.5,,,
18277.0,0.0,0.0,58.0,0.0,0.07,479.5,,,
18278.0,0.0,0.0,73.0,0.0,0.06,479.5,,,
